0,3,0,0,2,0,8,1,2,0,2,2,33,2,0,6,38,0,0,29,9,1,0,0,30,4,2,82,2,2,2,15,0,103,2,0,0,0,0,17,5,3,6,0,0,1,1,4,0,0,0,3,1,0,1,1,0,3,4,1,1,0,102,130,0,0,0,1,0,0,2,7,0,0,4,87,3,42,0,64,33,1,8,1,0,8,0,11,1,0,0,0,1,234,7,5,0,11,0,6,30,0,0,1,0,0,0,5,0,0,1,0,4,1,2,0,0,4,43,1,0,0,1,0,0,1,4,3,0,0,0,0,0,0,0,0,0,0,0,0,0,0,0,0,0,0,0,0,0,0,0,0,0,0,0,0,0,0,0,0,0,0,0,0,0,0,0,0,0,0,0,0,0,0,0,0,0,0,0,0,0,0,0,0,0,0,0,0,0,0,0,0,0,0,0,0,0,0,0,0,0,0,0,0,0,0,0,0,0,0,0,0,0,0,0,0,0,0,0,0,0,0,0,0,0,0,0,0,0,0,0,0,0,0,0,0
3,57,7,1,433,32,10,159,87,1,0,145,0,30,13,29,2,0,8,1,1,5,2,71,0,1,4,1,14,164,16,0,0,1,1,1,0,2,0,0,89,49,94,1,3,0,1,6,0,7,0,58,16,2,92,7,138,146,214,60,0,0,0,0,204,11,0,0,1,1,2,1,2,2,7,0,24,2,0,10,1,9,5,2,4,5,0,32,16,19,116,0,11,0,7,1,5,150,0,65,2,1,1,8,0,17,1,2,0,16,1,17,62,264,10,0,3,1,2,225,150,0,3,66,32,16,152,0,0,0,0,0,0,0,0,0,0,0,0,0,0,0,0,0,0,0,0,0,0,0,0,0,0,0,0,0,0,0,0,0,0,0,0,0,0,0,0,0,0,0,0,0,0,0,0,0,0,0,0,0,0,0,0,0,0,0,0,0,0,0,0,0,0,0,0,0,0,0,0,0,0,0,0,0,0,0,0,0,0,0,0,0,0,0,0,0,0,0,0,0,0,0,0,0,0,0,0,0,0,0,0,0,0,0,0,0
0,12,2,2,0,3,24,0,0,77,118,6,4,1,0,3,19,0,0,26,0,68,0,2,12,0,23,7,0,0,29,13,0,10,0,0,0,0,0,1,1,29,2,1,309,1,165,59,0,14,7,11,0,1,14,1,3,11,0,2,19,2,2,3,1,2,0,45,0,2,2,0,0,5,1,10,0,1,0,7,281,0,99,2,1,80,0,1,0,6,0,0,1,12,1,63,0,0,0,0,13,1,2,0,2,5,7,108,0,5,9,1,0,2,74,0,0,1,14,0,4,3,20,0,2,27,3,1,0,0,0,0,0,0,0,0,0,0,0,0,0,0,0,0,0,0,0,0,0,0,0,0,0,0,0,0,0,0,0,0,0,0,0,0,0,0,0,0,0,0,0,0,0,0,0,0,0,0,0,0,0,0,0,0,0,0,0,0,0,0,0,0,0,0,0,0,0,0,0,0,0,0,0,0,0,0,0,0,0,0,0,0,0,0,0,0,0,0,0,0,0,0,0,0,0,0,0,0,0,0,0,0,0,0,0,0
1,2,0,1,16,2,12,29,9,15,14,11,3,2,1,11,92,0,1,7,0,21,1,15,3,0,46,14,32,14,3,63,0,8,31,4,0,0,0,1,6,4,2,0,4,26,9,22,0,2,14,3,1,0,2,6,3,1,21,105,6,0,18,2,0,6,3,10,0,14,0,0,0,0,11,16,0,135,3,146,47,2,12,0,0,10,11,2,61,5,10,0,8,48,201,5,1,10,1,0,0,1,3,1,2,1,2,17,0,1,22,0,5,8,102,1,1,0,14,25,2,0,3,18,1,27,11,0,0,0,0,0,0,0,0,0,0,0,0,0,0,0,0,0,0,0,0,0,0,0,0,0,0,0,0,0,0,0,0,0,0,0,0,0,0,0,0,0,0,0,0,0,0,0,0,0,0,0,0,0,0,0,0,0,0,0,0,0,0,0,0,0,0,0,0,0,0,0,0,0,0,0,0,0,0,0,0,0,0,0,0,0,0,0,0,0,0,0,0,0,0,0,0,0,0,0,0,0,0,0,0,0,0,0,0,0
0,389,12,114,0,2,0,0,0,17,2,5,1,0,0,4,0,30,0,16,5,0,0,14,4,3,228,14,3,0,0,1,0,3,7,0,0,0,0,0,3,224,2,0,0,1,7,20,34,626,9,108,188,0,47,0,228,12,0,31,5,0,0,0,90,0,0,5,0,0,37,49,0,0,0,2,46,0,0,0,12,1,9,0,0,1,2,0,0,15,66,0,0,5,0,5,0,0,0,0,3,1,6,150,6,176,67,8,60,0,4,24,0,3,4,0,0,46,47,1,357,6,9,0,3403,14,0,26,0,0,0,0,0,0,0,0,0,0,0,0,0,0,0,0,0,0,0,0,0,0,0,0,0,0,0,0,0,0,0,0,0,0,0,0,0,0,0,0,0,0,0,0,0,0,0,0,0,0,0,0,0,0,0,0,0,0,0,0,0,0,0,0,0,0,0,0,0,0,0,0,0,0,0,0,0,0,0,0,0,0,0,0,0,0,0,0,0,0,0,0,0,0,0,0,0,0,0,0,0,0,0,0,0,0,0,0
0,15,0,0,2,0,0,1,0,1041,5,0,5,0,0,0,0,0,0,7,5,0,0,1,1,1,169,15,0,0,0,314,0,9,0,0,0,0,0,34,0,6,0,0,0,2,2,499,0,80,45,9,1,0,1,0,4,0,0,1,613,37,104,21,1,0,0,50,0,3,0,1,0,1,0,71,0,0,0,0,3,0,7,0,0,0,1,0,0,0,12,0,0,66,0,238,0,0,0,0,1,0,0,0,3523,7,1,0,0,0,0,0,0,0,0,0,0,0,23,0,26,2621,2,0,83,0,0,0,0,0,0,0,0,0,0,0,0,0,0,0,0,0,0,0,0,0,0,0,0,0,0,0,0,0,0,0,0,0,0,0,0,0,0,0,0,0,0,0,0,0,0,0,0,0,0,0,0,0,0,0,0,0,0,0,0,0,0,0,0,0,0,0,0,0,0,0,0,0,0,0,0,0,0,0,0,0,0,0,0,0,0,0,0,0,0,0,0,0,0,0,0,0,0,0,0,0,0,0,0,0,0,0,0,0,0,0
32,0,0,1,2,55,34,2,3,15,11,1,0,2,169,7,5,0,31,0,0,4,229,0,0,7,2,0,22,0,13,1,15,0,55,20,19,90,111,0,2,2,0,63,3,10,13,1,7,0,27,1,3,20,0,29,0,0,3,2,0,0,0,0,2,25,4,2,23,4,2,0,149,22,48,1,3,9,30,2,1,92,4,76,139,3,19,2,9,9,0,16,10,0,6,2,116,4,69,0,2,12,7,1,0,0,0,1,0,18,14,10,2,0,2,336,33,1,1,0,0,0,168,0,0,5,0,0,0,0,0,0,0,0,0,0,0,0,0,0,0,0,0,0,0,0,0,0,0,0,0,0,0,0,0,0,0,0,0,0,0,0,0,0,0,0,0,0,0,0,0,0,0,0,0,0,0,0,0,0,0,0,0,0,0,0,0,0,0,0,0,0,0,0,0,0,0,0,0,0,0,0,0,0,0,0,0,0,0,0,0,0,0,0,0,0,0,0,0,0,0,0,0,0,0,0,0,0,0,0,0,0,0,0,0,0
0,740,13,76,4,13,45,12,1,2,6,64,0,14,1,51,0,2,0,0,0,1,0,76,0,0,23,2,0,2,8,2,0,1,1,0,0,0,0,0,16,675,47,0,31,0,59,9,4,310,0,476,44,0,712,2,114,474,1,28,0,0,0,0,213,4,0,2,0,2,7,5,0,14,0,3,77,0,0,5,9,49,38,1,0,11,0,15,0,26,51,0,0,1,0,0,1,19,0,9,1,4,23,101,0,293,16,68,2,3,4,15,5,161,2,0,0,7,7,16,288,0,21,2,142,23,17,5,0,0,0,0,0,0,0,0,0,0,0,0,0,0,0,0,0,0,0,0,0,0,0,0,0,0,0,0,0,0,0,0,0,0,0,0,0,0,0,0,0,0,0,0,0,0,0,0,0,0,0,0,0,0,0,0,0,0,0,0,0,0,0,0,0,0,0,0,0,0,0,0,0,0,0,0,0,0,0,0,0,0,0,0,0,0,0,0,0,0,0,0,0,0,0,0,0,0,0,0,0,0,0,0,0,0,0,0
0,246,7,19,112,13,13,19,2,0,7,75,2,78,0,10,0,3,2,0,1,10,0,105,1,2,30,0,8,8,4,5,0,0,5,1,0,0,0,1,22,163,16,0,9,0,7,6,5,114,4,182,42,1,160,1,165,332,8,74,1,0,0,0,400,5,0,0,0,2,11,1,0,4,3,1,43,0,0,0,28,10,30,1,0,23,2,10,0,59,257,0,3,1,3,1,2,1,0,3,0,2,13,50,0,296,12,10,1,2,5,79,14,71,10,0,0,6,12,27,877,0,10,2,245,64,7,1,0,0,0,0,0,0,0,0,0,0,0,0,0,0,0,0,0,0,0,0,0,0,0,0,0,0,0,0,0,0,0,0,0,0,0,0,0,0,0,0,0,0,0,0,0,0,0,0,0,0,0,0,0,0,0,0,0,0,0,0,0,0,0,0,0,0,0,0,0,0,0,0,0,0,0,0,0,0,0,0,0,0,0,0,0,0,0,0,0,0,0,0,0,0,0,0,0,0,0,0,0,0,0,0,0,0,0,0
21,23,54,59,9,54,83,37,47,1,0,9,19,57,23,43,3,25,17,3,6,5,57,7,4,21,2,11,5,39,451,0,0,0,11,2,1,1,4,2,55,28,20,23,1,1,3,2,33,2,1,79,165,7,0,3,13,4,35,17,0,0,0,1,0,8,0,0,171,0,30,30,39,11,12,2,38,4,11,11,9,56,57,153,241,7,0,171,0,0,2,0,3,10,1,2,62,85,25,5,37,119,0,54,0,12,31,0,27,100,4,8,18,38,0,36,6,17,79,3,3,0,28,11,1,1,72,6,0,0,0,0,0,0,0,0,0,0,0,0,0,0,0,0,0,0,0,0,0,0,0,0,0,0,0,0,0,0,0,0,0,0,0,0,0,0,0,0,0,0,0,0,0,0,0,0,0,0,0,0,0,0,0,0,0,0,0,0,0,0,0,0,0,0,0,0,0,0,0,0,0,0,0,0,0,0,0,0,0,0,0,0,0,0,0,0,0,0,0,0,0,0,0,0,0,0,0,0,0,0,0,0,0,0,0,0
0,6,0,0,13,0,0,37,69,25,2,48,126,17,0,36,20,0,0,28,7,0,0,8,8,9,0,1,0,35,0,382,0,139,0,0,0,0,0,229,49,2,35,0,0,2,3,6,0,1,11,56,0,0,8,2,2,5,119,7,2,0,2405,84,4,0,0,2,0,0,2,0,0,0,0,1037,0,24,0,40,7,0,8,0,0,1,0,171,0,0,4,0,0,172,15,139,0,102,0,62,59,0,1,0,1,2,0,0,0,0,1,0,74,22,2,0,0,0,36,17,3,14,8,15,0,0,77,0,0,0,0,0,0,0,0,0,0,0,0,0,0,0,0,0,0,0,0,0,0,0,0,0,0,0,0,0,0,0,0,0,0,0,0,0,0,0,0,0,0,0,0,0,0,0,0,0,0,0,0,0,0,0,0,0,0,0,0,0,0,0,0,0,0,0,0,0,0,0,0,0,0,0,0,0,0,0,0,0,0,0,0,0,0,0,0,0,0,0,0,0,0,0,0,0,0,0,0,0,0,0,0,0,0,0,0,0
19,1,23,164,1,26,4,0,0,0,0,2,85,2,13,2,3,175,12,26,29,5,0,0,18,168,4,96,14,0,14,2,0,65,2,5,4,10,4,9,2,2,1,4,2,1,0,1,252,0,0,3,194,5,1,8,1,1,2,1,0,0,10,27,0,9,0,0,1,0,37,205,4,0,6,40,137,4,2,9,0,8,6,11,4,4,0,6,2,15,0,0,14,30,0,3,9,5,0,2,54,2,30,182,0,0,93,5,301,5,2,10,9,1,0,3,11,116,30,0,0,0,2,0,0,3,0,228,0,0,0,0,0,0,0,0,0,0,0,0,0,0,0,0,0,0,0,0,0,0,0,0,0,0,0,0,0,0,0,0,0,0,0,0,0,0,0,0,0,0,0,0,0,0,0,0,0,0,0,0,0,0,0,0,0,0,0,0,0,0,0,0,0,0,0,0,0,0,0,0,0,0,0,0,0,0,0,0,0,0,0,0,0,0,0,0,0,0,0,0,0,0,0,0,0,0,0,0,0,0,0,0,0,0,0,0
1,2,35,31,2,8,99,1,3,1,20,10,81,4,0,5,101,1,0,589,44,2,0,1,270,6,5,402,1,3,13,29,0,351,1,0,0,0,0,147,3,2,25,2,41,0,58,3,1,0,0,12,13,0,0,9,0,1,22,2,0,0,58,102,1,3,0,2,1,0,46,6,0,11,2,548,3,24,0,238,16,62,82,4,2,32,0,11,3,2,0,0,0,493,16,32,1,37,0,33,363,4,0,21,0,1,44,0,10,2,10,2,39,19,58,0,0,28,500,3,0,0,10,0,0,2,69,25,0,0,0,0,0,0,0,0,0,0,0,0,0,0,0,0,0,0,0,0,0,0,0,0,0,0,0,0,0,0,0,0,0,0,0,0,0,0,0,0,0,0,0,0,0,0,0,0,0,0,0,0,0,0,0,0,0,0,0,0,0,0,0,0,0,0,0,0,0,0,0,0,0,0,0,0,0,0,0,0,0,0,0,0,0,0,0,0,0,0,0,0,0,0,0,0,0,0,0,0,0,0,0,0,0,0,0,0
243,47,586,1191,1,76,199,14,3,1,6,78,64,51,17,79,11,17,227,57,80,7,2,7,179,104,5,429,21,3,41,0,3,61,11,1,5,23,2,30,5,51,43,9,44,2,9,1,91,10,6,41,279,11,0,182,4,3,2,27,0,0,5,22,0,112,1,1,42,27,56,269,5,18,31,56,1163,10,0,65,9,133,214,21,20,88,0,29,20,7,0,2,40,93,1,6,4,11,0,2,134,52,2,784,0,9,689,1,64,269,6,6,46,6,2,0,352,715,390,2,1,2,23,6,2,20,8,304,0,0,0,0,0,0,0,0,0,0,0,0,0,0,0,0,0,0,0,0,0,0,0,0,0,0,0,0,0,0,0,0,0,0,0,0,0,0,0,0,0,0,0,0,0,0,0,0,0,0,0,0,0,0,0,0,0,0,0,0,0,0,0,0,0,0,0,0,0,0,0,0,0,0,0,0,0,0,0,0,0,0,0,0,0,0,0,0,0,0,0,0,0,0,0,0,0,0,0,0,0,0,0,0,0,0,0,0
2,0,0,1,3,1,3,6,2,116,46,0,8,0,1,2,2,7,1,5,8,43,10,15,0,12,13,8,100,1,1,29,35,3,97,64,0,1,23,8,2,4,2,9,8,116,6,20,3,5,40,0,2,29,2,28,5,2,0,4,24,61,6,0,0,52,40,20,0,37,1,7,2,0,8,4,1,5,1,4,6,2,3,0,0,6,126,0,13,16,6,0,62,2,10,18,3,0,3,0,5,0,44,0,16,0,3,16,9,2,78,7,0,2,21,18,0,3,1,2,4,7,4,0,5,24,0,3,0,0,0,0,0,0,0,0,0,0,0,0,0,0,0,0,0,0,0,0,0,0,0,0,0,0,0,0,0,0,0,0,0,0,0,0,0,0,0,0,0,0,0,0,0,0,0,0,0,0,0,0,0,0,0,0,0,0,0,0,0,0,0,0,0,0,0,0,0,0,0,0,0,0,0,0,0,0,0,0,0,0,0,0,0,0,0,0,0,0,0,0,0,0,0,0,0,0,0,0,0,0,0,0,0,0,0,0
8,1,0,0,4,23,31,6,3,25,13,1,0,0,74,1,2,17,45,0,4,6,182,6,0,57,6,0,52,4,7,5,85,0,26,190,23,243,316,2,1,2,0,11,2,29,8,1,10,0,27,1,0,74,0,66,1,0,2,19,14,14,0,0,0,69,139,1,2,18,1,3,9,0,43,0,6,9,24,2,3,27,0,0,0,0,75,0,31,13,2,221,114,0,11,12,15,1,149,0,2,0,15,0,1,0,3,7,7,8,25,40,3,0,15,161,34,1,0,4,0,2,1,4,2,8,2,2,0,0,0,0,0,0,0,0,0,0,0,0,0,0,0,0,0,0,0,0,0,0,0,0,0,0,0,0,0,0,0,0,0,0,0,0,0,0,0,0,0,0,0,0,0,0,0,0,0,0,0,0,0,0,0,0,0,0,0,0,0,0,0,0,0,0,0,0,0,0,0,0,0,0,0,0,0,0,0,0,0,0,0,0,0,0,0,0,0,0,0,0,0,0,0,0,0,0,0,0,0,0,0,0,0,0,0,0
26,2,3,8,9,120,342,4,1,31,155,7,8,2,19,3,89,0,58,4,5,551,2,11,6,2,45,9,374,1,34,19,3,8,136,15,5,6,6,5,1,0,12,28,177,74,54,55,1,5,43,9,5,35,5,177,3,9,2,2,5,4,1,2,4,144,0,87,32,143,12,6,27,38,75,2,9,12,7,42,157,164,84,6,62,299,50,0,48,123,4,1,210,2,18,2,29,9,0,1,5,121,36,6,1,8,14,103,0,62,252,35,1,3,77,16,21,10,10,1,8,2,38,0,1,100,7,3,0,0,0,0,0,0,0,0,0,0,0,0,0,0,0,0,0,0,0,0,0,0,0,0,0,0,0,0,0,0,0,0,0,0,0,0,0,0,0,0,0,0,0,0,0,0,0,0,0,0,0,0,0,0,0,0,0,0,0,0,0,0,0,0,0,0,0,0,0,0,0,0,0,0,0,0,0,0,0,0,0,0,0,0,0,0,0,0,0,0,0,0,0,0,0,0,0,0,0,0,0,0,0,0,0,0,0,0
14,0,2,0,0,11,1,6,2,0,0,2,0,2,17,0,0,1,8,0,1,3,100,1,0,5,0,0,8,3,4,0,14,0,11,46,1,28,42,1,0,7,3,7,0,0,0,0,1,0,5,0,2,3,0,5,0,0,1,1,0,0,0,0,0,6,5,0,6,0,0,0,5,0,18,0,4,1,1,1,0,26,1,6,3,1,2,0,0,0,0,21,2,0,0,5,33,1,18,0,8,1,0,1,0,0,0,0,7,3,0,0,5,0,0,28,13,0,0,1,0,0,18,0,0,0,0,1,0,0,0,0,0,0,0,0,0,0,0,0,0,0,0,0,0,0,0,0,0,0,0,0,0,0,0,0,0,0,0,0,0,0,0,0,0,0,0,0,0,0,0,0,0,0,0,0,0,0,0,0,0,0,0,0,0,0,0,0,0,0,0,0,0,0,0,0,0,0,0,0,0,0,0,0,0,0,0,0,0,0,0,0,0,0,0,0,0,0,0,0,0,0,0,0,0,0,0,0,0,0,0,0,0,0,0,0
16,34,5,2,148,21,4,234,352,0,0,32,0,28,17,31,6,0,6,0,0,2,6,13,2,0,7,0,12,209,3,0,0,0,2,1,0,7,0,0,90,47,30,1,0,0,0,3,2,3,2,10,13,1,14,3,82,24,191,114,0,0,0,0,43,4,0,0,1,0,0,1,3,3,5,0,13,10,1,16,1,7,2,5,5,2,0,105,20,11,37,1,6,0,9,0,8,116,0,48,0,5,3,3,0,1,1,0,2,13,0,7,113,91,7,1,6,6,0,94,22,0,1,136,9,9,67,0,0,0,0,0,0,0,0,0,0,0,0,0,0,0,0,0,0,0,0,0,0,0,0,0,0,0,0,0,0,0,0,0,0,0,0,0,0,0,0,0,0,0,0,0,0,0,0,0,0,0,0,0,0,0,0,0,0,0,0,0,0,0,0,0,0,0,0,0,0,0,0,0,0,0,0,0,0,0,0,0,0,0,0,0,0,0,0,0,0,0,0,0,0,0,0,0,0,0,0,0,0,0,0,0,0,0,0,0
0,5,0,0,0,0,0,8,1,152,0,0,6,0,0,0,0,1,0,0,4,3,0,3,0,6,5,1,0,2,0,11,48,1,0,12,0,0,2,37,0,6,0,0,0,29,1,8,0,23,29,0,0,1,0,0,3,1,0,15,22,236,35,3,0,5,67,1,0,12,0,2,0,0,0,11,0,0,0,0,3,0,1,0,0,0,3,0,1,0,3,24,1,25,2,374,0,0,1,0,3,0,4,0,91,0,1,0,14,0,2,0,1,1,0,0,1,1,6,2,9,109,0,0,35,1,0,2,0,0,0,0,0,0,0,0,0,0,0,0,0,0,0,0,0,0,0,0,0,0,0,0,0,0,0,0,0,0,0,0,0,0,0,0,0,0,0,0,0,0,0,0,0,0,0,0,0,0,0,0,0,0,0,0,0,0,0,0,0,0,0,0,0,0,0,0,0,0,0,0,0,0,0,0,0,0,0,0,0,0,0,0,0,0,0,0,0,0,0,0,0,0,0,0,0,0,0,0,0,0,0,0,0,0,0,0
0,29,1,8,1,2,8,0,1,32,11,1,0,1,1,1,3,23,2,0,14,15,0,0,1,80,19,1,15,0,7,29,0,6,20,2,1,0,1,3,2,0,4,1,2,8,6,10,4,2,9,20,6,1,5,6,3,9,0,0,1,0,4,1,4,10,1,13,0,3,3,11,0,0,7,0,22,0,0,0,14,4,9,0,0,18,5,0,1,43,2,0,14,0,0,7,1,0,1,1,6,0,235,18,3,9,6,79,22,1,11,60,0,3,7,1,1,8,0,0,22,2,2,0,6,63,1,10,0,0,0,0,0,0,0,0,0,0,0,0,0,0,0,0,0,0,0,0,0,0,0,0,0,0,0,0,0,0,0,0,0,0,0,0,0,0,0,0,0,0,0,0,0,0,0,0,0,0,0,0,0,0,0,0,0,0,0,0,0,0,0,0,0,0,0,0,0,0,0,0,0,0,0,0,0,0,0,0,0,0,0,0,0,0,0,0,0,0,0,0,0,0,0,0,0,0,0,0,0,0,0,0,0,0,0,0
1323,78,150,145,119,369,91,41,206,5,7,75,14,272,388,145,10,8,364,8,2,9,13,4,13,11,1,36,42,37,183,1,4,3,16,3,19,203,25,1,164,24,73,91,38,1,61,11,91,7,6,118,623,16,45,84,18,63,527,28,0,0,5,5,12,49,4,4,813,0,78,60,292,150,57,22,197,9,3,36,95,131,51,354,595,79,0,802,11,1,7,13,36,17,3,1,242,916,10,79,16,134,0,466,0,22,36,0,12,360,15,14,1344,166,2,108,1539,50,106,118,22,25,68,17,10,5,216,7,0,1,0,0,0,2,0,0,0,3,4,0,0,0,0,1,7,5,2,1,2,0,4,0,3,0,1,0,2,0,0,26,13,0,4,3,1,0,9,1,0,0,0,0,0,6,0,0,38,1,5,2,31,4,1,0,4,0,0,2,1,3,0,8,27,1,0,27,0,0,0,0,3,1,0,0,5,14,0,1,0,5,0,2,0,0,0,0,0,17,0,0,22,4,0,12,53,3,18,3,1,0,0,0,1,0,6,1
3,1,398,89,2,13,15,0,0,3,3,2,73,6,0,16,51,2,2,152,101,12,0,0,266,13,6,514,14,0,15,8,0,283,1,0,0,0,0,29,0,0,4,0,5,1,2,2,17,0,2,3,35,1,0,18,0,1,5,0,0,0,15,168,0,10,0,5,1,2,21,82,0,0,1,72,31,22,1,89,7,6,24,3,3,27,0,9,5,2,0,0,11,190,2,4,6,5,0,0,110,1,1,30,1,1,172,14,37,14,1,0,6,1,10,0,0,160,80,2,0,0,5,0,0,12,2,190,14,0,0,0,50,0,1,67,0,0,0,1,0,28,0,0,0,0,0,5,0,0,0,0,1,0,0,0,1,0,0,0,3,0,0,0,0,0,0,0,0,0,2,18,0,1,0,0,0,0,1,9,0,0,0,5,3,1,0,2,0,0,0,0,0,2,0,0,1,0,0,0,1,12,0,0,0,0,0,0,13,0,0,5,0,0,7,0,6,0,0,0,0,0,0,0,0,32,14,0,0,0,0,0,0,0,0,21
1,8,0,2,2,5,5,0,0,66,337,5,3,1,0,2,50,1,0,5,3,405,0,5,10,0,83,4,97,2,1,86,1,7,79,6,0,0,0,6,0,1,3,4,42,136,22,200,0,5,26,5,3,5,2,7,4,9,2,1,15,8,4,15,8,29,1,343,2,66,4,2,1,6,18,4,0,6,3,12,329,4,43,1,3,90,44,0,8,51,6,0,21,28,13,3,2,1,0,0,1,8,18,0,8,14,1,78,1,3,393,5,0,3,75,1,0,6,21,1,10,14,10,0,1,66,1,1,1,40,0,1,4,0,8,1,6,0,1,7,0,0,3,0,0,0,0,0,0,0,0,0,3,37,0,21,0,0,4,3,0,0,1,0,1,0,0,0,0,0,0,2,0,14,2,70,3,14,0,0,0,0,1,1,0,0,0,1,16,0,2,0,0,27,5,0,0,1,1,0,1,0,3,0,0,0,0,0,1,0,1,0,1,3,0,7,0,2,40,0,0,0,6,0,0,0,1,0,0,0,0,0,0,5,0,0
67,160,10,10,429,52,67,53,35,0,1,992,2,852,2,19,6,3,47,2,2,5,0,228,2,11,0,1,16,26,84,5,0,0,4,0,0,0,1,4,143,169,808,3,54,5,6,4,3,31,12,590,11,0,177,31,131,589,150,73,0,1,0,1,159,57,0,0,16,2,67,2,0,7,10,29,51,0,0,33,11,49,83,8,5,37,0,71,2,29,69,2,14,8,0,5,6,697,0,994,29,25,5,26,0,127,14,22,4,79,7,35,591,1140,3,0,20,14,22,317,148,0,12,24,9,12,1236,2,2,0,0,12,0,0,0,0,1,4,4,1,0,0,0,0,0,0,0,0,5,16,26,0,2,0,1,0,0,1,0,23,0,0,5,0,7,38,3,1,0,0,1,0,15,0,0,0,0,1,2,0,0,0,0,0,0,0,0,1,0,10,1,0,0,0,0,3,0,2,10,0,2,0,0,0,0,27,0,16,2,0,0,0,0,13,1,0,0,11,1,0,14,93,0,0,0,2,0,15,17,0,0,0,1,0,93,0
0,12,2,21,30,3,0,134,2,0,0,8,0,1,1,0,0,2,1,1,1,0,2,73,4,0,12,4,5,50,0,0,0,0,5,2,0,2,0,0,3,132,3,0,1,1,0,1,4,94,2,4,28,1,5,0,89,17,12,213,0,0,0,0,27,1,0,0,0,0,7,6,0,0,0,1,16,0,0,3,0,0,0,0,0,0,1,1,10,7,106,0,6,0,14,4,0,13,6,1,3,0,1,17,0,9,4,0,4,1,0,9,20,10,5,1,6,6,17,67,21,0,1,17,141,4,1,3,0,0,0,5,0,0,0,0,0,4,0,0,0,0,0,1,0,0,0,0,1,5,0,0,0,0,0,0,0,4,0,0,0,0,0,0,2,0,0,7,0,0,0,0,4,1,0,0,0,0,0,0,0,0,0,0,0,0,0,2,0,0,0,0,0,0,0,0,1,1,16,0,2,0,0,0,1,0,0,0,0,0,0,1,0,0,0,0,0,0,0,0,0,1,0,0,0,0,0,8,4,0,0,1,9,1,0,0
0,53,0,1,1,0,1,2,0,844,163,3,8,0,0,0,6,0,0,34,8,6,0,10,6,1,307,31,3,1,1,514,0,19,6,1,0,0,0,18,2,9,0,0,23,185,85,1659,0,37,116,43,1,0,20,1,6,6,0,1,587,10,51,26,13,8,1,408,0,19,0,4,0,0,0,82,0,0,0,2,1756,0,57,0,0,7,36,2,0,3,21,0,0,113,11,65,1,0,0,0,2,0,22,0,277,13,3,36,2,1,106,1,0,0,20,0,0,1,46,2,38,387,30,1,58,15,1,1,1,0,0,0,1,0,11,0,0,0,0,19,0,2,0,0,0,0,0,0,0,0,0,0,1,9,3,25,0,1,11,0,0,0,0,0,0,0,0,1,9,2,1,0,0,0,0,36,0,1,0,0,0,0,0,1,0,0,0,0,18,0,1,0,0,0,1,0,0,0,0,0,0,6,1,2,0,0,0,0,0,0,2,0,11,1,0,3,0,0,5,0,0,0,2,0,0,1,0,0,1,13,0,0,0,0,0,0
0,36,1,2,4,2,0,6,6,2,0,62,0,73,3,23,0,1,0,3,0,0,0,29,0,1,0,1,0,4,6,1,1,0,1,0,0,1,0,0,20,46,31,0,0,0,0,1,1,13,3,127,2,1,29,0,34,35,8,5,0,0,0,1,9,3,0,0,0,0,1,1,1,0,0,0,0,0,0,3,3,0,17,3,1,2,0,25,0,0,8,0,0,0,0,0,1,19,0,1,1,1,1,0,0,29,0,2,0,20,0,6,11,21,0,0,4,0,0,6,11,0,0,2,6,0,12,0,0,0,0,4,0,0,0,0,0,0,0,0,0,0,0,0,0,0,0,0,0,3,1,0,1,0,0,0,0,0,0,3,0,0,2,0,2,3,1,0,0,0,0,0,1,0,0,0,0,0,0,0,0,0,0,0,0,0,0,0,0,0,1,0,0,0,0,2,0,1,2,0,0,0,0,0,0,2,0,0,0,0,0,1,0,0,0,0,0,2,0,0,1,1,0,0,1,0,0,1,2,0,0,1,1,0,1,0
0,1,118,47,0,5,28,0,0,0,5,2,44,0,0,1,7,8,2,150,31,0,0,1,112,4,8,74,0,0,84,0,1,23,1,0,0,0,0,20,3,4,7,3,72,5,12,1,9,0,2,2,11,2,0,10,1,0,0,1,0,0,3,35,0,9,0,0,10,0,22,12,3,4,0,41,30,3,0,12,0,0,25,2,5,53,0,1,5,0,0,0,0,26,7,3,0,4,2,0,94,3,2,57,0,2,155,0,19,14,1,0,5,0,7,0,2,139,222,2,0,0,4,0,0,7,0,9,2,0,0,0,5,0,0,8,0,0,2,0,0,2,0,0,0,0,0,0,0,0,0,0,0,0,0,0,0,0,1,0,2,0,0,0,0,0,0,0,0,0,0,1,0,1,0,0,1,0,2,0,0,0,0,2,0,0,0,1,0,1,1,0,0,0,0,0,0,0,0,0,0,0,0,0,0,0,0,0,5,0,0,7,0,0,3,0,3,0,0,0,0,0,1,0,0,9,5,0,0,0,0,0,0,0,0,0
16,1,0,0,3,0,1,12,3,9,0,3,0,1,12,0,0,4,9,0,1,0,26,0,0,5,1,0,6,7,0,0,197,0,7,57,0,97,77,16,0,18,0,0,0,13,0,1,1,5,11,0,0,4,0,1,1,1,2,7,1,44,1,0,0,8,120,0,0,2,0,1,0,0,2,0,1,0,1,0,0,2,0,0,0,0,13,0,5,0,1,390,16,0,0,81,0,1,12,0,25,0,3,0,5,0,0,0,11,0,0,0,5,0,0,11,17,2,0,0,0,1,1,2,0,0,0,1,0,0,1,0,0,0,0,0,0,0,0,0,7,1,0,5,0,12,5,0,0,0,0,0,0,2,0,0,0,0,1,0,0,2,0,0,0,0,0,0,0,4,0,0,0,3,12,0,0,1,0,0,0,0,0,0,0,0,0,0,0,0,0,0,0,0,0,0,0,0,0,15,0,1,1,0,0,0,0,0,2,0,1,0,0,0,0,0,0,0,0,0,0,0,0,0,0,0,0,0,0,0,0,0,0,0,0,1
67,0,3,2,8,122,212,8,2,43,134,3,1,0,142,8,19,9,123,1,2,33,40,5,0,16,17,3,129,2,36,5,16,1,80,100,123,236,156,2,2,3,14,80,68,12,72,13,6,0,57,1,10,59,1,202,2,2,5,6,23,2,0,1,2,113,22,4,9,11,16,2,42,60,200,0,4,29,19,15,15,124,42,17,41,87,101,2,45,35,1,20,163,0,21,1,76,7,34,2,4,14,27,6,0,2,4,20,5,42,49,85,5,4,37,189,58,6,0,3,1,0,34,3,1,33,4,6,0,3,3,0,0,0,1,0,8,0,2,1,0,0,2,1,39,12,3,0,0,0,0,3,1,2,2,1,0,0,8,0,0,4,1,10,0,1,0,1,0,0,0,0,0,81,1,0,5,2,0,0,2,0,1,0,0,4,5,2,1,2,0,0,0,2,14,1,5,2,0,0,6,0,0,0,2,0,10,0,0,0,1,0,0,0,0,0,1,2,1,4,0,0,0,6,0,0,0,1,0,0,2,0,0,2,0,0
0,2,0,2,2,5,1,2,5,3,0,6,73,7,5,5,4,18,0,4,62,0,5,0,5,158,2,17,2,1,0,11,2,11,4,11,0,11,1,120,11,2,2,0,0,2,0,0,4,0,2,6,0,2,0,3,1,1,6,2,0,0,96,49,2,2,0,0,0,1,1,14,0,0,1,41,13,5,3,8,2,2,0,3,0,1,1,25,4,0,1,2,9,11,1,74,2,22,0,2,109,0,13,8,1,0,4,2,170,1,2,0,7,8,0,3,2,31,3,2,0,0,0,1,0,2,12,59,11,0,0,0,1,6,0,0,0,0,0,0,0,3,0,0,0,0,0,5,0,0,0,0,0,0,0,0,1,0,1,0,0,0,0,0,0,0,0,0,0,0,6,9,0,2,0,0,0,0,0,2,0,0,1,0,1,0,0,2,0,0,0,0,1,1,0,0,0,0,0,0,0,1,0,4,0,1,0,0,0,0,0,0,0,0,0,1,7,0,0,0,1,0,0,0,0,1,0,0,0,0,0,0,0,0,0,8
0,8,0,4,0,0,12,2,3,4,12,8,104,3,0,8,108,0,0,77,35,4,0,1,99,14,12,235,3,6,3,79,0,295,13,1,0,0,0,77,4,1,10,2,1,3,8,15,1,0,1,1,2,1,3,5,0,2,19,1,0,0,298,307,0,2,0,2,0,0,6,8,0,7,8,330,4,68,0,184,73,2,49,0,1,20,0,24,1,2,0,0,2,731,12,23,1,23,0,13,88,0,2,1,0,3,11,10,10,0,14,0,20,9,9,0,0,11,129,1,1,1,8,0,0,0,16,17,4,1,0,0,15,2,0,8,0,0,0,2,0,34,0,0,0,0,0,2,2,0,0,0,1,2,0,1,1,0,0,0,0,0,0,0,0,0,0,0,0,0,5,16,0,0,0,0,0,0,1,0,0,0,0,15,0,2,0,3,0,0,4,0,0,0,0,1,0,0,0,0,0,31,0,1,0,0,0,0,3,0,0,0,0,0,0,0,1,0,0,0,0,0,0,0,0,5,5,0,0,0,0,0,0,0,0,0