arms_cluster_id,object_signature_cluster_id,leg_pose_variant,mult_top,mult_right,mult_bottom,mult_left
0,1,,2.0,3.0,11.5,3.0
0,15,,2.0,3.5,11.5,2.0
1,1,,2.0,4.0,11.0,4.0
1,15,,2.0,4.0,11.0,4.0
100,11,,2.0,3.0,6.0,6.5
103,15,,2.0,4.5,10.5,2.5
104,1,,4.0,4.5,11.0,4.5
104,15,,3.5,4.5,11.0,4.5
106,1,,2.0,3.5,8.5,3.5
106,15,,2.0,3.5,8.5,3.5
109,1,,2.0,3.0,11.0,3.0
109,15,,2.0,3.0,11.0,3.0
109,7,,2.0,3.5,11.5,3.5
11,1,,2.0,3.5,7.5,3.5
11,15,,2.0,3.5,7.5,3.5
11,76,,2.0,3.5,8.0,3.5
110,1,,2.0,3.0,6.0,5.0
111,1,,2.0,3.5,11.0,3.5
111,15,,2.0,4.0,11.0,4.0
112,1,,2.0,3.5,8.0,3.5
112,15,,2.0,3.5,8.5,3.5
112,359,,2.0,3.5,8.5,3.5
112,76,,2.0,3.5,8.5,3.5
113,1,,2.0,5.0,10.5,5.0
113,15,,2.0,5.0,9.5,5.0
114,1,,2.0,3.5,9.0,3.5
114,76,,2.0,4.0,9.0,3.5
118,1,,2.0,3.5,11.0,3.5
12,1,,2.0,2.5,11.0,2.5
122,1,,2.0,3.5,11.0,3.5
122,15,,2.0,3.5,11.5,3.5
128,1,,2.0,3.5,10.5,3.5
129,1,,2.0,3.0,11.0,3.0
129,15,,2.0,3.0,11.0,3.0
13,1,,2.0,2.5,8.5,5.5
13,11,,2.0,3.0,8.5,5.0
13,76,,2.0,3.5,9.5,5.5
130,1,,2.0,3.5,8.5,3.5
130,359,,2.0,3.5,8.5,3.5
130,76,,2.0,4.0,8.5,3.5
131,76,,2.0,6.0,9.0,3.5
132,1,,2.0,3.0,11.5,3.0
132,7,,2.0,3.5,11.5,3.5
133,1,,2.0,3.5,10.5,3.5
133,15,,2.0,3.5,10.5,3.5
135,1,,2.0,3.0,11.0,3.0
138,1,,2.0,4.0,9.0,4.0
138,76,,2.0,3.5,9.5,4.5
14,15,,2.0,4.0,9.0,4.0
140,1,,2.0,2.5,11.5,2.5
141,1,,2.0,3.0,6.0,3.0
145,1,,2.0,4.0,8.0,4.0
146,1,,2.0,3.5,6.5,3.5
150,1,,2.0,4.5,9.0,4.5
150,76,,2.0,3.5,9.0,4.5
152,1,,2.0,3.0,11.0,3.0
152,15,,2.0,3.5,11.5,3.5
156,1,,2.0,3.0,11.0,3.0
156,15,,2.0,3.0,11.0,3.0
157,1,,2.0,3.0,6.0,3.0
157,15,,2.0,3.0,6.0,3.0
158,1,,2.0,3.0,11.0,3.0
158,15,,2.0,3.5,11.0,3.5
160,1,,2.0,4.5,10.5,4.5
164,1,,2.0,5.0,11.0,5.0
164,15,,2.0,5.0,11.0,5.0
165,1,,2.0,2.5,11.0,2.5
169,76,,2.0,3.5,9.0,4.5
173,1,,2.0,3.0,11.0,3.0
173,15,,2.0,3.5,11.0,3.5
174,11,,2.0,3.0,9.0,3.0
175,1,,2.0,3.0,11.5,3.0
176,1,,2.0,3.0,11.0,3.0
176,15,,2.0,3.0,10.5,3.0
177,1,,2.0,3.5,6.0,3.5
178,1,,2.0,5.0,11.0,3.5
178,15,,2.0,5.0,11.0,3.5
18,1,,3.5,4.0,11.0,4.0
18,15,,3.5,3.5,10.5,3.5
180,1,,2.0,3.0,11.0,3.0
180,15,,2.0,3.0,11.5,3.0
180,3984,,2.0,3.0,11.5,3.0
180,3986,,2.0,3.0,11.0,3.0
180,3987,,2.0,3.0,11.0,3.0
183,15,,2.0,5.0,10.0,3.5
184,1,,2.0,3.5,11.0,3.5
184,15,,2.0,3.5,11.0,3.5
184,282,,2.0,3.5,11.5,3.5
184,7,,2.0,3.5,11.0,3.5
186,1,,2.0,3.5,11.0,3.5
186,15,,2.0,3.5,11.5,3.5
187,1,,2.0,3.0,11.5,3.0
187,15,,2.0,3.0,11.0,3.0
19,1,,2.0,3.0,11.0,3.0
19,15,,2.0,3.0,11.0,3.0
191,76,,2.0,3.5,9.0,3.5
196,1,,4.0,3.5,11.0,3.5
197,15,,2.0,6.0,10.0,3.5
198,1,,2.0,3.5,11.0,3.5
198,15,,2.0,3.5,11.0,3.5
199,1,,2.0,3.0,11.0,3.0
199,15,,2.0,3.0,11.0,3.0
200,1,,2.0,3.0,7.5,3.0
202,1,,3.0,4.0,9.5,5.5
204,1,,2.0,4.0,9.5,4.0
204,76,,2.0,3.5,9.0,4.0
205,1,,2.0,3.5,11.5,3.5
210,1,,2.0,3.0,11.0,3.0
210,15,,2.0,3.5,11.0,3.5
211,1,,2.0,4.0,9.0,4.0
211,76,,2.0,3.5,9.5,4.5
213,1,,2.0,4.0,11.0,4.0
213,15,,2.0,3.0,11.0,4.5
217,1,,2.0,3.5,11.5,3.5
217,15,,2.0,3.5,11.5,3.5
219,1,,3.5,3.5,8.0,5.0
22,1,,2.0,3.0,6.0,3.0
22,15,,2.0,3.0,5.5,3.0
220,1,,2.0,4.0,11.0,4.0
220,15,,2.0,4.0,11.0,4.0
223,1,,2.0,4.5,11.0,4.5
223,15,,2.0,4.5,11.0,4.5
224,1,,2.0,4.0,10.5,4.0
224,15,,2.0,4.0,10.5,4.0
225,1,,2.0,3.5,11.5,3.5
225,15,,2.0,4.0,12.0,4.0
227,1,,2.0,3.5,11.0,3.5
227,15,,2.0,3.5,11.0,3.5
230,1,,2.0,3.0,11.0,3.0
237,1,,2.0,3.0,11.0,3.0
237,15,,2.0,3.0,11.0,3.0
240,1,,2.0,5.0,10.0,5.0
240,15,,2.0,5.0,10.0,5.0
241,1,,2.0,3.5,6.5,3.5
243,1,,2.0,3.0,11.0,3.0
243,15,,2.0,3.0,11.0,3.0
244,1,,2.0,2.5,11.0,2.5
244,15,,2.0,3.0,11.0,3.0
246,76,,2.0,5.5,9.0,3.5
248,1,,2.0,3.0,9.0,3.0
248,76,,2.0,3.5,9.5,3.5
25,1,,2.0,3.0,11.0,3.0
25,15,,2.0,3.0,11.0,3.0
25,25,,2.0,3.0,11.5,3.0
250,1,,2.5,2.5,11.0,4.0
253,1,,2.0,3.0,10.5,4.5
254,1,,2.0,3.5,6.0,5.5
255,76,,2.0,4.0,9.0,4.0
256,1,,2.0,4.0,11.0,4.0
256,15,,2.0,4.0,11.0,4.0
258,1,,2.0,4.0,10.5,4.0
259,1,,2.0,3.5,10.5,3.5
26,1,,2.0,4.0,11.0,4.0
260,1,,2.0,6.0,11.0,6.0
260,15,,2.0,5.5,11.0,5.5
264,11,,2.0,5.5,7.0,3.5
265,1,,2.0,2.5,6.5,7.5
266,1,,2.0,4.0,10.0,4.0
266,15,,2.0,4.0,10.5,4.0
272,1,,2.0,4.5,7.0,3.0
273,1,,2.0,3.0,6.5,5.5
274,1,,2.0,8.0,6.0,3.5
275,1,,2.0,3.5,11.0,3.5
276,1,,2.0,3.5,9.0,3.5
276,15,,2.0,3.5,8.5,3.5
277,1,,2.0,6.5,9.5,6.5
278,1,,2.0,3.0,9.0,3.0
278,15,,2.0,3.0,9.0,3.0
279,1,,2.0,3.0,11.0,3.0
28,1,,2.0,2.5,11.0,2.5
28,15,,2.0,3.0,11.0,3.0
280,1,,2.0,4.0,10.5,4.0
280,15,,2.0,4.5,11.0,4.5
281,1,,2.0,3.0,6.5,3.0
283,76,,2.0,4.0,9.0,4.0
284,1,,2.0,4.5,11.0,4.5
284,15,,2.0,4.5,11.0,4.5
285,1,,2.0,2.5,11.5,2.5
285,15,,2.0,2.5,11.0,2.5
287,1,,2.0,3.5,9.5,3.5
287,15,,2.0,3.5,10.0,3.5
288,11,,2.0,3.5,6.0,3.5
289,1,,2.0,3.0,11.5,3.0
29,1,,2.0,4.0,11.5,2.5
290,1,,2.0,4.5,9.5,4.5
292,1,,2.0,3.5,6.0,3.5
293,1,,2.0,5.0,11.0,5.0
294,1,,2.0,3.0,7.5,3.0
294,15,,2.0,3.5,8.0,3.5
294,76,,2.0,3.5,8.0,3.5
298,1,,3.5,4.0,10.5,2.5
299,1,,2.0,3.5,11.0,3.5
30,1,,3.0,4.0,11.0,4.0
30,15,,3.5,3.5,10.5,3.5
301,1,,2.0,3.0,11.0,3.0
301,15,,2.0,3.5,11.5,3.5
304,1,,3.5,4.5,11.0,4.5
305,359,,2.0,3.0,9.0,6.0
305,76,,2.0,3.5,9.0,6.0
307,1,,2.0,4.0,7.5,4.0
307,15,,2.0,4.0,7.5,4.0
308,1,,2.0,3.0,11.0,3.0
308,15,,2.0,3.0,11.0,3.0
31,1,,2.0,3.5,11.5,3.5
31,15,,2.0,3.5,11.0,3.5
311,1,,2.0,3.5,8.0,3.5
311,15,,2.0,4.0,8.5,4.0
311,359,,2.0,3.5,8.5,3.5
312,1,,3.0,5.0,11.0,5.0
312,15,,3.0,4.5,10.5,4.5
315,1,,2.0,3.0,11.0,3.0
315,15,,2.0,3.0,11.5,3.0
316,1,,2.0,4.5,9.5,3.0
317,1,,2.0,3.0,6.0,3.0
317,15,,2.0,3.0,6.0,3.0
320,1,,2.0,4.5,11.0,4.5
320,15,,2.0,4.5,11.0,4.5
321,1,,2.0,4.0,11.0,4.0
322,1,,2.5,4.5,11.0,4.5
322,15,,2.0,5.0,11.5,3.5
323,1,,2.0,3.0,11.0,4.5
33,1,,2.0,3.5,11.5,3.5
333,1,,2.0,2.5,5.5,2.5
333,15,,2.0,3.0,6.0,3.0
335,1,,2.0,3.0,10.0,4.5
337,1,,2.0,3.0,11.5,3.0
339,1,,2.0,2.5,11.5,2.5
34,76,,2.5,5.0,9.5,3.5
340,1,,2.0,3.0,11.0,3.0
340,15,,2.0,3.0,11.0,3.0
343,1,,2.0,3.5,10.5,3.5
344,11,,2.0,4.0,9.0,4.0
345,1,,2.0,3.0,11.0,3.0
345,15,,2.0,3.0,11.0,3.0
349,1,,2.0,4.0,10.5,4.0
350,1,,2.0,5.5,10.5,3.0
351,1,,2.0,3.5,7.5,3.5
352,1,,2.0,3.0,11.0,3.0
352,15,,2.0,3.5,11.0,3.5
353,1,,2.0,4.0,11.0,4.0
353,15,,2.0,4.0,11.0,4.0
354,1,,2.0,3.5,6.0,3.5
356,1,,2.0,2.5,10.0,4.5
36,1,,2.0,3.0,11.0,3.0
36,15,,2.0,3.0,11.0,3.0
36,25,,2.0,3.0,11.0,3.0
361,1,,2.0,3.0,9.0,3.0
361,15,,2.0,3.0,9.5,3.0
364,1,,2.0,5.0,11.0,5.0
364,15,,2.0,5.0,11.5,5.0
366,1,,2.0,4.0,6.5,4.0
372,1,,4.0,3.5,11.0,3.5
372,15,,4.0,3.5,11.5,3.5
374,1,,2.0,5.5,6.0,2.5
379,1,,2.0,3.0,11.0,3.0
379,15,,2.0,3.0,11.5,3.0
381,1,,2.0,3.0,11.5,3.0
382,1,,2.0,4.5,9.5,4.5
382,15,,2.0,5.0,10.0,5.0
383,1,,2.0,3.0,11.0,3.0
383,15,,2.0,3.0,11.0,3.0
384,1,,3.5,4.0,11.0,4.0
385,1,,2.0,2.5,11.0,2.5
385,11,,2.0,3.0,11.5,4.5
385,15,,2.0,3.0,11.5,3.0
386,1,,2.0,3.5,11.0,3.5
386,15,,2.0,3.5,11.0,3.5
387,1,,2.0,3.0,11.0,3.0
387,15,,2.0,3.0,11.0,3.0
389,1,,2.0,3.5,9.0,3.5
39,1,,2.0,3.5,11.0,3.5
390,1,,2.0,3.5,11.0,3.5
390,15,,2.0,4.0,11.5,4.0
391,1,,2.0,3.5,11.0,3.5
396,1,,2.0,3.0,9.0,3.0
398,1,,2.0,3.5,6.0,3.5
399,1,,2.0,3.0,11.0,3.0
4,76,,2.0,4.0,9.5,4.0
40,1,,2.5,4.5,11.0,4.5
40,15,,2.5,4.5,11.5,4.5
400,1,,2.0,2.5,10.0,5.0
404,1,,2.0,3.5,11.5,3.5
405,1,,2.0,3.5,10.0,5.0
406,1,,2.0,3.0,11.0,3.0
406,15,,2.0,3.5,11.0,3.5
408,1,,2.0,3.0,11.0,3.0
408,15,,2.0,3.5,11.0,3.5
409,1,,2.0,3.5,8.0,3.5
409,15,,2.0,3.5,8.0,3.5
409,359,,2.0,3.5,8.5,3.5
409,76,,2.0,3.5,8.0,3.5
410,1,,2.0,4.0,11.0,4.0
411,1,,2.0,4.0,11.5,4.0
412,1,,2.0,3.5,11.5,3.5
412,15,,2.0,3.5,11.0,3.5
413,1,,2.0,3.0,11.5,3.0
418,1,,2.0,4.0,11.5,4.0
419,1,,2.0,4.0,10.5,4.0
42,1,,2.0,3.5,9.0,3.5
42,15,,2.0,3.5,8.5,3.5
422,1,,2.0,4.0,11.0,2.5
424,1,,2.0,3.0,11.0,3.0
424,15,,2.0,3.0,11.0,3.0
43,1,,2.0,3.0,11.5,3.0
43,15,,2.0,3.5,11.5,3.5
430,1,,2.5,3.5,11.0,3.5
431,1,,2.0,3.0,11.0,3.0
431,15,,2.0,3.0,11.0,3.0
434,1,,2.0,3.0,9.5,3.0
434,15,,2.0,3.0,9.5,3.0
437,1,,2.0,7.5,9.0,2.5
438,1,,2.0,3.5,11.0,3.5
438,15,,2.0,3.5,11.0,3.5
439,1,,2.0,4.5,9.0,3.0
439,76,,2.0,4.5,9.0,3.5
440,1,,2.0,3.5,10.5,5.0
441,1,,2.0,2.5,11.0,2.5
442,1,,2.0,3.5,6.5,3.5
443,1,,2.0,3.0,11.0,3.0
443,15,,2.0,3.0,11.0,3.0
443,3984,,2.0,3.0,11.0,3.0
444,1,,2.0,3.5,8.0,3.5
444,15,,2.0,3.5,8.0,3.5
444,359,,2.0,4.0,8.5,4.0
444,76,,2.0,4.0,8.5,4.0
448,1,,2.0,3.0,4.5,3.0
448,15,,2.0,3.0,4.5,3.0
449,1,,2.0,6.0,10.0,4.5
451,1,,2.0,2.5,11.0,2.5
455,1,,3.0,5.5,10.0,3.5
456,1,,2.0,3.5,6.0,3.5
457,1,,2.0,4.5,10.0,4.5
457,15,,2.0,4.5,10.5,4.5
458,1,,2.0,3.5,10.0,5.5
458,15,,2.0,4.0,9.5,6.0
459,1,,2.0,3.0,11.0,3.0
460,1,,2.0,3.0,11.0,3.0
460,15,,2.0,3.0,11.5,3.0
460,7,,2.0,3.0,11.5,3.0
462,1,,2.0,3.5,11.0,3.5
462,15,,2.0,4.0,11.0,4.0
464,1,,2.0,3.5,10.5,3.5
464,15,,2.0,3.5,9.5,3.5
466,1,,2.0,3.0,7.0,3.0
466,15,,2.0,3.5,7.0,3.5
468,1,,2.0,4.0,9.0,2.0
47,1,,2.0,3.0,11.0,3.0
47,15,,2.0,3.0,11.0,3.0
471,1,,2.0,3.0,11.0,3.0
471,15,,2.0,3.0,11.0,3.0
471,1685,,2.0,3.0,11.0,3.0
471,25,,2.0,3.0,11.0,3.0
471,3984,,2.0,3.0,11.0,3.0
471,3987,,2.0,3.0,11.0,3.0
471,58,,2.0,3.0,11.0,3.0
471,7,,2.0,3.0,11.0,3.0
472,1,,2.0,6.0,9.5,6.0
473,1,,3.0,4.0,11.0,4.0
473,15,,3.0,4.0,11.5,4.0
474,1,,2.0,3.5,9.0,3.5
474,15,,2.0,4.0,9.0,4.0
474,359,,2.0,4.0,9.0,4.0
474,76,,2.0,3.5,9.0,3.5
476,1,,2.0,5.0,10.0,2.0
477,1,,2.0,3.0,7.0,3.0
479,1,,2.0,3.0,11.0,3.0
479,15,,2.0,3.0,11.0,3.0
48,1,,2.0,3.5,6.5,3.5
484,11,,2.0,5.0,9.0,3.0
484,76,,2.0,6.0,9.0,3.5
486,1,,2.0,3.5,10.5,3.5
487,1,,2.0,4.0,8.5,4.0
489,1,,2.0,6.0,10.5,4.0
490,1,,2.0,3.5,8.5,5.5
490,76,,2.0,3.0,9.5,5.5
491,1,,2.0,2.0,10.0,4.5
493,1,,2.0,3.0,11.0,3.0
495,1,,2.0,3.0,11.0,3.0
498,1,,2.0,4.0,11.0,2.5
5,1,,2.0,3.0,11.0,3.0
5,11,,2.0,4.5,11.0,3.0
5,15,,2.0,3.0,11.0,3.0
5,25,,2.0,3.0,11.0,3.0
5,28,,2.0,3.5,11.5,3.0
5,3984,,2.0,4.0,11.5,3.0
5,3987,,2.0,3.5,11.0,3.0
50,1,,2.0,3.0,11.0,3.0
502,1,,2.0,3.0,11.5,3.0
502,15,,2.0,3.0,11.0,3.0
502,7,,2.0,3.0,12.0,3.0
503,1,,2.0,3.0,11.0,3.0
504,76,,2.0,6.0,9.0,3.5
505,1,,2.0,3.5,10.5,3.5
506,359,,2.0,3.0,9.0,5.5
506,76,,2.0,3.5,9.0,5.0
508,1,,2.0,3.0,11.0,3.0
508,15,,2.0,3.5,11.5,3.5
508,25,,2.0,3.5,11.5,3.5
509,1,,2.0,4.0,11.0,4.0
51,1,,2.0,3.5,6.5,3.5
510,1,,2.0,3.5,11.5,3.5
512,1,,2.0,3.5,6.5,3.5
514,1,,2.0,3.0,11.5,3.0
516,1,,2.0,3.0,8.0,3.0
519,1,,2.0,5.0,11.0,3.5
519,15,,2.0,4.5,11.0,4.5
52,1,,2.0,3.5,6.5,3.5
520,1,,2.0,3.5,6.0,3.5
520,15,,2.0,4.0,6.0,4.0
524,1,,2.0,5.5,8.5,3.0
524,76,,2.0,5.0,9.5,3.5
526,1,,2.0,3.0,6.5,3.0
527,1,,2.0,3.0,11.0,3.0
528,76,,2.0,3.5,9.0,5.0
530,1,,2.0,3.0,11.0,3.0
530,11,,2.0,3.0,11.5,4.5
530,15,,2.0,3.0,11.5,3.0
530,3984,,2.0,3.0,11.5,3.0
530,7,,2.0,3.0,11.5,3.0
533,1,,2.0,3.0,11.0,3.0
533,15,,2.0,3.0,11.0,3.0
534,1,,3.5,4.0,9.5,4.0
536,1,,2.0,3.0,11.0,3.0
536,15,,2.0,3.5,11.0,3.5
537,1,,2.0,3.5,11.0,3.5
537,15,,2.0,3.5,11.5,3.5
540,1,,2.0,3.0,10.5,3.0
541,1,,2.0,4.0,11.5,4.0
541,15,,2.0,4.0,11.5,4.0
542,1,,2.0,3.0,7.0,3.0
549,1,,2.0,3.0,9.0,3.0
549,15,,2.0,3.0,9.5,3.0
549,76,,2.0,3.5,9.0,3.0
55,1,,2.0,3.0,11.0,3.0
55,15,,2.0,3.0,11.5,3.0
551,1,,2.0,3.0,11.0,3.0
551,15,,2.0,3.0,11.0,3.0
551,282,,2.0,3.5,11.5,3.5
551,7,,2.0,3.0,11.5,3.0
552,1,,2.0,3.0,11.0,3.0
552,15,,2.0,3.0,11.5,3.0
557,1,,2.0,3.5,11.0,3.5
558,1,,2.0,2.5,11.0,2.5
558,15,,2.0,3.0,11.5,3.0
559,1,,2.0,3.5,11.0,3.5
559,15,,2.0,3.5,11.5,3.5
559,282,,2.0,3.5,12.0,3.5
560,1,,2.5,4.0,10.5,4.0
560,15,,2.5,4.0,10.5,4.0
561,1,,2.0,3.0,11.0,3.0
561,15,,2.0,3.0,11.0,3.0
562,1,,2.0,4.0,9.0,4.0
562,359,,2.0,3.0,9.5,5.0
562,76,,2.0,4.0,9.0,4.0
563,1,,2.0,4.0,7.5,4.0
565,1,,2.0,3.5,11.0,3.5
565,15,,2.0,3.5,11.0,3.5
566,1,,2.0,3.5,6.0,3.5
567,15,,2.0,4.0,11.0,7.0
569,76,,2.0,6.5,9.5,3.5
57,1,,2.0,3.5,7.5,3.5
574,1,,2.0,3.5,9.5,3.5
574,15,,2.0,3.5,9.5,3.5
576,15,,2.0,5.0,9.5,5.0
577,1,,2.0,3.0,11.0,3.0
579,1,,2.0,3.0,10.5,4.5
580,1,,2.0,4.0,11.0,4.0
580,15,,2.0,4.0,11.0,4.0
581,1,,2.0,3.0,10.5,3.0
582,1,,2.0,3.0,11.0,3.0
582,15,,2.0,3.0,11.0,3.0
583,1,,2.0,3.0,9.0,3.0
583,15,,2.0,3.0,9.0,3.0
584,1,,2.0,3.0,11.0,3.0
584,15,,2.0,3.5,11.0,3.5
585,1,,2.0,3.5,6.0,3.5
586,1,,2.5,4.0,10.5,6.5
586,15,,2.0,3.5,10.0,6.5
588,1,,2.0,4.0,9.0,4.0
588,76,,2.0,4.5,9.0,3.5
589,1,,2.0,5.0,11.5,3.0
59,1,,2.0,3.0,10.5,3.0
59,15,,2.0,3.0,10.5,3.0
596,1,,2.0,2.5,6.0,5.5
597,1,,2.0,6.5,10.5,3.5
597,15,,2.0,7.0,10.5,4.0
598,1,,2.0,5.0,6.5,5.0
599,1,,2.0,2.5,11.0,4.0
6,1,,2.0,3.0,11.0,3.0
60,1,,2.0,4.0,6.5,4.0
60,15,,2.0,4.5,6.0,4.5
601,1,,2.0,3.5,9.0,3.5
601,76,,2.0,4.0,9.0,4.0
602,1,,2.0,3.0,11.0,3.0
602,15,,2.0,3.5,11.0,3.5
604,1,,2.0,3.5,8.0,3.5
607,1,,3.5,4.0,11.0,4.0
609,1,,2.0,4.0,8.0,4.0
613,1,,2.0,3.0,11.5,3.0
616,1,,2.0,4.5,9.0,4.5
62,1,,2.0,4.0,10.5,4.0
62,15,,2.0,4.0,10.0,4.0
620,15,,2.0,3.0,7.5,3.0
621,1,,2.0,3.5,11.0,3.5
621,15,,2.0,3.5,11.5,3.5
622,1,,2.0,4.0,9.0,4.0
622,76,,2.0,3.5,9.5,4.5
623,1,,2.0,3.0,10.5,3.0
623,15,,2.0,3.5,11.0,3.5
628,1,,2.0,3.5,11.0,3.5
628,15,,2.0,3.5,11.0,3.5
63,1,,2.0,2.5,11.0,2.5
633,1,,2.0,3.5,11.0,3.5
633,15,,2.0,3.5,11.0,3.5
638,1,,2.0,2.5,8.5,2.5
638,15,,2.0,3.0,7.5,3.0
639,1,,2.0,3.5,11.0,5.0
639,15,,2.0,3.5,10.5,5.0
640,1,,2.0,3.0,11.5,3.0
640,15,,2.0,3.5,11.5,3.5
641,1,,2.0,3.5,7.0,3.5
642,1,,2.0,4.0,11.0,4.0
642,15,,2.0,4.0,11.0,4.0
644,1,,2.0,3.0,10.5,3.0
644,15,,2.0,3.5,10.5,3.5
645,1,,2.0,4.5,9.5,4.5
645,15,,2.0,4.5,9.0,4.5
646,1,,2.0,3.5,11.0,3.5
646,15,,2.0,3.0,11.0,3.0
649,1,,2.0,3.0,7.0,4.5
65,1,,3.0,5.0,10.0,5.0
65,15,,3.0,5.0,10.5,5.0
651,1,,2.0,3.0,11.5,3.0
653,1,,2.0,3.5,11.0,3.5
653,15,,2.0,3.5,11.0,3.5
653,3987,,2.0,3.0,11.5,3.0
654,1,,2.0,3.5,9.0,3.5
654,15,,2.0,3.5,9.5,3.5
654,359,,2.0,3.5,9.0,3.5
654,76,,2.0,3.5,9.0,3.5
655,1,,2.5,4.0,11.0,4.0
655,15,,2.5,4.0,11.0,4.0
658,1,,2.0,3.0,11.0,3.0
658,15,,2.0,3.0,11.0,3.0
658,7,,2.0,3.0,11.5,3.0
659,1,,2.0,4.0,11.5,4.0
659,15,,2.0,4.0,11.5,4.0
66,1,,2.0,3.0,11.0,3.0
66,15,,2.0,3.0,11.5,3.0
660,1,,2.0,3.5,11.0,3.5
660,15,,2.0,4.0,11.0,4.0
663,1,,2.0,3.5,6.5,3.5
664,1,,3.0,4.5,11.0,4.5
665,1,,2.0,8.5,4.5,2.5
667,1,,2.0,3.5,6.5,3.5
669,1,,3.5,4.0,9.0,4.0
673,76,,2.0,3.5,8.5,4.0
674,15,,2.0,5.5,9.5,2.5
678,1,,2.0,3.5,11.0,3.5
678,15,,2.0,3.5,11.0,3.5
678,282,,2.0,3.5,11.0,3.5
678,7,,2.0,3.5,11.0,3.5
68,1,,2.0,3.5,11.0,3.5
68,15,,2.0,3.5,11.0,3.5
680,1,,2.0,3.0,11.5,3.0
681,1,,3.0,3.0,3.5,9.0
685,1,,2.0,3.5,9.0,3.5
685,15,,2.0,4.0,9.0,4.0
685,359,,2.0,4.0,9.5,4.0
685,76,,2.0,4.0,9.0,4.0
687,1,,2.0,3.0,11.0,3.0
687,15,,2.0,3.5,11.0,3.5
688,1,,2.0,3.5,8.5,3.5
688,11,,2.0,4.5,9.0,3.0
688,347,,2.0,4.5,8.5,3.0
688,76,,2.0,4.0,9.0,4.0
689,1,,2.0,3.0,11.5,4.5
689,15,,2.0,3.0,11.0,4.5
690,1,,2.0,3.5,9.5,3.5
690,76,,2.0,3.5,9.5,3.5
691,1,,2.0,3.0,10.5,3.0
691,15,,2.0,3.0,11.0,3.0
692,1,,2.0,3.0,9.5,3.0
692,15,,2.0,3.0,9.5,3.0
692,359,,2.0,3.5,9.0,3.5
692,76,,2.0,3.0,9.0,3.0
694,15,,2.0,4.5,10.5,4.5
697,1,,2.0,4.0,11.0,4.0
697,15,,2.0,4.0,11.0,4.0
698,1,,2.0,4.5,9.5,3.0
698,76,,2.0,4.5,9.0,3.5
70,1,,2.0,4.0,11.0,4.0
70,15,,2.0,4.0,11.0,4.0
703,1,,2.0,4.0,8.0,4.0
704,1,,2.0,3.0,7.0,3.0
705,1,,2.0,3.5,8.0,3.5
706,1,,2.5,5.0,11.0,5.0
706,15,,2.5,5.0,11.0,5.0
707,1,,2.0,3.0,11.5,3.0
708,1,,2.0,3.0,11.0,3.0
708,15,,2.0,3.0,10.5,3.0
71,1,,2.0,3.5,5.5,3.5
711,1,,2.0,3.5,11.0,3.5
711,15,,2.0,4.0,11.0,4.0
717,1,,2.0,3.5,11.0,3.5
717,15,,2.0,3.5,11.5,3.5
717,7,,2.0,3.5,11.5,3.5
718,1,,2.0,3.0,11.0,3.0
718,15,,2.0,3.5,11.0,3.5
718,2263,,2.0,3.5,11.0,3.0
718,2341,,2.0,3.5,11.0,3.5
718,7,,2.0,3.0,11.0,3.0
718,734,,2.0,3.5,11.0,3.5
719,1,,2.0,3.5,11.0,3.5
719,15,,2.0,3.5,11.0,3.5
721,1,,2.0,5.0,10.0,3.5
721,15,,2.0,5.5,10.0,3.5
722,76,,2.0,3.5,9.0,3.5
723,15,,2.0,3.5,11.5,3.5
723,7,,2.0,3.5,11.5,3.5
726,1,,2.0,3.5,11.0,6.5
727,1,,2.0,4.0,10.5,4.0
727,15,,2.0,4.0,10.5,4.0
731,1,,2.0,3.0,11.0,3.0
731,15,,2.0,3.0,11.0,3.0
732,1,,2.0,3.5,11.0,5.0
732,15,,2.0,3.5,11.5,5.0
734,1,,2.0,3.0,11.0,3.0
734,15,,2.0,3.0,11.0,3.0
736,1,,2.0,3.5,5.5,3.5
737,1,,2.0,3.0,11.0,3.0
737,15,,2.0,3.0,11.0,3.0
738,1,,2.0,3.5,6.5,3.5
739,1,,3.0,4.5,6.5,4.5
741,1,,2.0,4.0,11.0,4.0
741,15,,2.0,4.5,11.5,3.0
742,1,,2.0,3.5,8.5,3.5
742,15,,2.0,3.5,8.5,3.5
746,1,,2.0,3.0,9.0,3.0
746,76,,2.0,3.5,9.0,3.5
748,1,,2.0,3.0,11.0,3.0
748,76,,2.0,3.5,9.5,3.5
749,1,,2.0,2.5,11.0,2.5
751,1,,2.0,3.0,11.0,3.0
751,15,,2.0,3.0,11.0,3.0
754,1,,2.0,2.5,5.5,2.5
754,15,,2.0,2.5,5.5,2.5
756,1,,2.0,3.5,10.0,3.5
756,15,,2.0,3.5,9.5,3.5
756,76,,2.0,3.5,9.5,3.5
757,1,,2.0,3.5,5.5,3.5
759,1,,2.0,3.5,11.5,3.5
759,15,,2.0,3.5,11.5,3.5
76,1,,2.0,2.5,5.0,2.5
76,15,,2.0,2.5,5.0,2.5
760,1,,2.0,4.5,11.0,3.0
763,1,,2.0,3.5,11.0,3.5
764,1,,3.5,4.0,11.0,4.0
765,1,,2.0,4.5,9.5,6.0
765,15,,2.0,5.5,10.0,5.5
766,1,,2.0,3.0,11.0,3.0
766,15,,2.0,3.0,11.0,3.0
767,1,,2.0,3.0,9.0,3.0
767,15,,2.0,3.0,8.5,3.0
79,1,,2.0,3.5,11.0,3.5
79,15,,2.0,3.5,11.0,3.5
80,1,,2.0,3.0,11.0,3.0
80,15,,2.0,3.0,11.0,3.0
82,1,,2.0,3.0,11.5,3.0
82,15,,2.0,3.5,11.5,3.5
83,1,,2.0,4.0,11.0,4.0
84,1,,3.5,3.5,11.0,3.5
85,1,,2.0,5.0,6.0,3.0
86,1,,2.0,3.0,11.0,3.0
86,15,,2.0,3.0,11.0,3.0
87,1,,2.0,3.0,8.5,3.0
87,15,,2.0,3.0,8.5,3.0
88,1,,2.0,3.0,6.0,6.5
89,1,,2.0,4.0,11.5,4.0
89,15,,2.0,4.5,11.5,4.5
9,1,,2.0,3.0,11.0,3.0
90,76,,2.0,3.5,9.0,4.5
92,1,,2.0,3.5,11.0,3.5
92,15,,2.0,3.5,11.5,3.5
93,1,,2.0,3.0,11.0,3.0
93,15,,2.0,3.0,11.0,3.0
95,1,,2.0,3.0,11.5,3.0
97,1,,3.5,4.0,11.0,4.0
98,1,,2.0,3.0,11.0,3.0
98,15,,2.0,3.0,11.0,3.0
