count,keyword_id,keyword_text
1034490,22053,white
555135,21999,model
525121,22059,studio
487941,22849,expression
464245,26703,one
349268,22121,black
269065,22109,health
234972,22013,natural
232533,28889,over
225266,22137,camera
203296,22181,pink
195975,22241,eyes
194280,22131,cool
183789,22185,body
178792,22082,professional
174060,22124,makeup
154264,22207,youth
151326,23330,closeup
150227,23997,american
150044,22017,green
147779,133719,people
140102,22097,holiday
134990,22392,worker
131983,22159,job
128758,22814,space
120736,22029,wall
119378,22315,friendly
117048,22111,fitness
116371,22011,pose
112640,22817,facial
110665,22411,phone
104445,22455,smart
99605,23810,shot
97562,22414,blond
94052,22206,senior
93188,21998,wear
92667,22358,gray
92408,23117,grey
88138,22235,school
87435,26113,good
83933,22196,commerce
83065,26409,latin
82830,23338,executive
80276,133726,studio
79368,22166,fit
78438,22355,afro
77339,22504,mobile
74420,133228,expression
72902,22135,training
71740,133767,model
70777,27040,crazy
70683,25285,european
70247,22397,treatment
69683,22332,spring
68581,22872,upset
67865,22083,sweet
67268,22904,front
66973,26372,nice
66569,22178,party
66237,22772,stress
65831,22708,thinking
65125,30118,individual
63793,22269,mask
63118,23565,single
62745,26060,advertising
62216,22233,orange
61930,22140,active
61916,133678,beauty
60987,23559,victory
59958,22208,view
59446,22033,outside
56946,22040,coffee
56400,23168,japanese
56230,22671,life
55925,22485,cosmetic
55651,28617,year
55540,24975,age
54868,26416,feeling
54725,29953,businessperson
54503,22324,box
54074,27963,middle
53802,22296,healthcare
53545,24079,negative
52448,22064,vintage
52211,24911,winner
52134,23220,boss
50206,22682,profession
50176,22225,coat
48869,25393,bad
47356,22499,present
46748,23010,career
46023,22226,cap
45936,133826,hand
45536,24704,two
45006,22859,card
44497,22412,money
44489,25093,expert
43472,22032,cold
42853,133825,hair
42311,22072,romantic
41548,22255,sportswear
40910,22061,retro
40744,22987,clinic
40261,24531,stop
39537,22891,heart
39524,22157,energy
39311,22452,vogue
39270,23084,banner
39177,22043,ethnic
38909,22668,mood
38271,22602,palm
37995,22333,screen
37505,22264,power
36914,22665,tablet
36754,22042,glass
36062,22632,college
34988,22117,content
34859,29117,level
34334,24750,feelings
34169,24673,arab
34048,22593,think
34006,28283,great
33764,23757,labor
33670,23113,sick
33263,29258,real
32765,26847,side
32709,22877,depression
32454,22160,nutrition
32180,22334,muslim
32178,22087,device
32119,23458,salon
31924,22266,game
31536,22514,air
31437,30207,wonder
31404,22425,meditation
31187,23659,call
30553,22367,pleasure
30476,29385,down
30118,22203,notebook
30038,22161,aged
29419,28293,no
29400,22802,top
29376,27516,secret
29305,133747,beard
29169,22037,field
29045,22400,cream
29040,22685,picture
28977,22228,product
28901,23740,mind
28858,23311,cosmetology
28775,22970,haircut
28251,24972,thai
28087,22884,disease
28025,22098,feminine
27902,28639,korean
27811,22084,construction
27634,24497,news
27546,27350,cell
26959,22376,ball
26803,26464,credit
26184,22339,wireless
26127,22001,building
25974,22439,race
25553,22352,peace
25543,133714,office
25304,22529,entertainment
25219,23966,like
25056,22132,high
24489,22143,workplace
24468,22410,information
23993,30696,positivity
23838,23146,pastel
23695,22167,lying
23656,23022,company
23532,22677,therapy
23464,26371,raising
23296,22824,masculine
23275,22102,beverage
23267,133827,head
23190,26785,question
22974,23382,video
22770,25323,chest
22757,23189,specialist
22604,133808,blue
22509,22789,player
22437,23457,violet
22377,22390,clear
22214,22062,inside
22049,23435,elder
21934,32093,yes
21842,22784,delivery
21839,23175,hairdo
21699,25910,reaction
21418,30650,triumph
21170,23360,presentation
20867,26513,keeping
20659,23281,trouble
20645,22199,trip
20637,28973,doubt
20611,22320,traveler
20611,23396,staff
20584,22222,tea
20493,22961,valentine
20394,25913,russian
20370,27381,spectacles
20175,24411,vision
20048,23029,cash
20006,22156,action
19983,24769,discount
19975,22696,sound
19966,22009,contemporary
19648,22014,delicious
19631,22619,apple
19476,24067,ginger
19393,22090,domestic
19268,29902,ad
19189,31893,rage
19045,25107,jumper
18937,27298,living
18779,26567,offer
18771,23563,international
18746,133812,care
18696,133785,smart
18618,27792,builder
18571,26261,self
18435,22876,purchase
18363,23060,leader
18297,22122,classic
17982,22478,figure
17733,25349,pullover
17685,23684,free
17429,23828,hope
17397,22044,evening
17392,23612,pupil
17322,22368,swimsuit
17273,22623,pool
17233,25133,worry
17210,22929,freelancer
17180,23884,bodybuilder
17121,133604,closeup
16970,133565,shopping
16863,22138,couch
16681,133533,european
16611,23549,future
16587,133680,camera
16552,22727,class
16399,22885,nude
16288,22170,dessert
16287,22438,display
16247,133844,shot
16174,22398,tool
15910,24339,application
15833,22204,gold
15664,24148,size
15547,22853,national
15326,22666,vegetarian
15326,133510,american
15295,27925,brazilian
15271,27372,practitioner
15244,133739,yellow
15173,22211,conversation
15110,23737,medication
15081,26177,arabian
15073,23014,lesson
15022,32580,migraine
14949,22387,legs
14896,24376,agent
14847,24559,preschooler
14703,22329,pandemic
14636,24647,fan
14530,24053,infection
14506,26576,bust
14469,23912,ready
14306,22005,ocean
14284,22213,accessory
14207,30321,ache
14178,22767,center
13898,22100,festival
13810,32285,yelling
13795,31911,bristle
13761,22106,tender
13745,31049,fat
13669,24581,stubble
13570,23520,bodybuilding
13557,24996,desperate
13386,23821,lab
13382,28038,preteen
13364,22219,weekend
13317,23670,payment
13289,22500,drawing
13265,26059,promotion
13257,24104,medic
13169,22424,team
13130,27375,employer
13025,22842,magic
12987,22571,country
12977,27352,welcome
12941,23410,warning
12941,24419,biceps
12932,22918,carnival
12893,22754,frame
12881,28065,silly
12858,133736,winter
12784,32178,mute
12780,22234,simple
12779,133823,gray
12683,133634,outside
12665,22252,object
12567,24301,blackboard
12564,23019,brunet
12493,133692,facial
12471,22943,bath
12465,27011,aging
12465,28422,indonesian
12455,22052,group
12416,27729,collage
12263,27343,management
12191,23496,cutout
12151,27262,contact
11914,22323,bar
11881,22366,turquoise
11863,133838,pink
11856,24177,lotus
11850,22855,football
11842,22917,ribbon
11832,28495,sickness
11823,22136,comfort
11814,133777,phone
11772,22010,wood
11760,22021,countryside
11506,133757,green
11502,23877,web
11490,23073,three
11470,22467,project
11330,23139,boxing
11327,22274,resort
11299,23711,shopper
11251,23063,designer
11057,28018,contractor
10932,23127,procedure
10840,23473,test
10831,133819,food
10820,24075,tan
10817,22692,juice
10768,23238,vest
10709,22187,transport
10590,23482,barrier
10503,23199,pensioner
10500,23240,crown
10379,23824,glamor
10341,133824,grey
10320,22809,gown
10271,133688,doctor
10270,24705,dollar
10212,22651,religious
10211,22174,writing
10189,23797,blogger
10136,133787,space
10134,22238,cuisine
10055,133750,blond
10038,23656,half
10022,23350,attention
10006,23144,backdrop
9986,29745,first
9958,22287,fast
9930,133705,laptop
9919,22799,zen
9868,23459,runner
9846,23204,trainer
9819,22401,innocent
9799,22088,texture
9719,133710,mobile
9691,22149,personality
9669,26915,defense
9649,24288,commercial
9610,23230,belly
9562,23618,buyer
9496,28090,take
9494,26180,sole
9434,24379,gentleman
9427,133568,thinking
9380,22502,machine
9320,22813,client
9305,30215,use
9280,23213,audio
9222,25965,speaking
9127,22559,chic
9119,22659,hood
9107,22854,oriental
9096,24190,bunny
9020,22638,faith
9020,23259,prayer
8869,23153,stick
8852,31025,offering
8842,133674,active
8816,23231,china
8770,22147,mirror
8763,24507,goal
8750,23519,eve
8746,133639,picture
8738,22457,alcohol
8710,23163,goggles
8686,25299,right
8666,133703,jacket
8662,23962,kind
8654,26253,operator
8628,22251,rose
8563,26015,lip
8539,133690,ethnic
8429,29954,well
8424,22939,sheet
8389,28771,fine
8365,133845,show
8358,23600,graduate
8348,24253,gradient
8339,29338,consumer
8331,22218,friend
8275,22909,chat
8262,23867,world
8249,22705,graphic
8210,23638,deal
8195,23748,bun
8169,25722,french
8162,23369,italian
8129,32539,employment
8091,30770,raise
8074,22070,relationship
8035,23640,corona
8013,133735,winner
7984,23925,tenderness
7983,133709,middle
7969,133749,blank
7964,22303,instrument
7954,25157,vietnamese
7932,23172,spiritual
7916,23051,soldier
7904,23082,fighter
7838,23316,place
7805,25362,breath
7803,24524,thought
7796,23158,erotic
7775,22810,distance
7775,24994,pressure
7756,22141,structure
7703,25572,parks
7669,24198,baker
7653,23852,movement
7600,23861,folder
7589,26841,five
7583,22580,silver
7544,28329,spanish
7519,133831,life
7514,25258,joke
7512,47808,tie
7491,22281,ecology
7479,22464,profile
7476,22435,train
7476,27521,athletics
7457,22373,adolescent
7454,23808,conference
7378,22697,area
7265,22956,isolation
7261,22278,delight
7210,23291,song
7204,23791,fancy
7198,23066,painter
7182,24625,personal
7172,23663,therapist
7120,22294,sugar
7110,23579,mexican
7034,33141,announcement
7000,23269,gardener
7000,26854,best
6992,22752,aesthetic
6992,23107,effect
6970,22245,fabric
6969,31145,enthusiasm
6966,25489,rubber
6948,22617,beer
6909,27093,geek
6904,23042,asana
6855,22662,farming
6828,46464,win
6784,24137,handyman
6702,24825,influenza
6695,23348,robe
6688,25347,patriot
6628,22811,electric
6618,31227,forward
6608,133454,treatment
6599,23667,diagnosis
6593,25581,attack
6578,24230,injection
6537,23779,print
6527,22902,belief
6515,25355,nation
6509,26052,save
6507,25548,queen
6470,22152,painting
6468,22298,pastry
6466,22348,wave
6412,22931,startup
6387,22595,pile
6385,25618,barbershop
6373,133543,hospital
6367,23512,check
6359,27101,hip
6326,24967,fatigue
6325,23825,rabbit
6304,22731,vegan
6284,22230,flat
6252,22420,round
6242,22738,blazer
6233,24599,wrinkle
6231,22528,raw
6231,23043,note
6228,23288,kindergarten
6212,32674,corporation
6211,22254,aroma
6202,133761,house
6182,133791,table
6181,133755,front
6180,25294,champion
6176,22015,vehicle
6166,22322,stock
6153,22460,flight
6125,23048,takeaway
6111,24378,examination
6098,22669,driver
6087,26692,distress
6085,23351,boxer
6074,24347,tape
6059,26226,fair
6028,32002,ukrainian
6016,24471,dentistry
6008,22163,smoke
5995,133804,aged
5993,133822,gift
5988,22395,scene
5977,22073,wild
5967,22105,stone
5949,30432,gloss
5935,23404,maintenance
5920,24802,laughter
5907,26620,oral
5863,27739,schoolchild
5843,22948,glance
5839,22096,silhouette
5833,29820,feel
5813,22495,lens
5798,26607,opinion
5780,22565,generation
5780,22744,basketball
5756,23935,seller
5753,22429,marriage
5731,22183,dish
5715,25902,site
5699,24201,cinema
5676,133290,protection
5659,28747,persian
5658,23872,safe
5656,32479,mock
5655,22840,pregnancy
5653,133854,view
5637,133768,money
5633,23307,shoot
5620,25384,workman
5615,22380,hug
5615,22834,attire
5605,22338,cloud
5595,23924,consultation
5593,22297,estate
5575,23278,post
5555,22000,daylight
5554,24338,system
5516,22483,neon
5498,22186,workspace
5489,23431,emergency
5484,22620,slice
5484,23349,manual
5483,27023,english
5463,23190,powder
5448,22561,counter
5443,22112,blooming
5442,133724,screen
5439,24719,four
5406,25648,profit
5404,42572,diet
5394,25464,accountant
5377,23391,plane
5365,22194,apparel
5358,24573,turkish
5352,23817,cancer
5328,24552,parcel
5297,26025,neutral
5295,22063,coast
5289,133814,coat
5283,22569,modeling
5274,22209,property
5256,24388,warrior
5252,22518,way
5236,26659,breathing
5220,23089,lace
5206,32968,frontal
5197,22356,partner
5194,29323,primary
5193,133816,desk
5186,22069,crop
5151,25261,cleanliness
5146,22377,public
5127,22611,gothic
5095,24478,jogger
5087,23044,america
5070,24484,tour
5062,133685,coffee
5053,24472,lotion
5050,133856,yoga
5030,23302,daily
5022,27060,tension
5000,24667,disco
4988,22336,knife
4984,24879,income
4966,23201,lover
4965,22590,line
4925,27357,issue
4917,23972,grandma
4912,33614,left
4905,24130,force
4904,24297,junk
4897,22712,worship
4879,26798,officer
4875,29087,messaging
4858,25960,parts
4851,133627,message
4839,23149,plump
4795,22354,process
4774,133706,length
4734,22848,word
4712,133567,thailand
4710,24002,outbreak
4705,26529,roller
4697,22326,gaze
4686,23013,analysis
4666,23301,christian
4656,23933,plank
4634,23275,television
4628,29556,hydration
4616,22648,square
4613,28685,fake
4605,22383,tall
4594,23931,shooting
4586,22503,treat
4578,23848,sorrow
4570,22341,stairs
4568,22826,hiker
4567,22753,extreme
4560,46895,cut
4556,23764,skinny
4555,133792,thumb
4549,22440,portable
4545,22480,pastime
4545,25461,musical
4528,133687,design
4502,25449,lift
4495,22494,sight
4464,24278,tone
4448,22493,foam
4434,22284,groom
4426,29415,start
4423,22074,bloom
4421,28566,smiley
4419,22715,iron
4408,22369,path
4406,22748,bridal
4401,24222,bill
4386,25172,picking
4373,26996,mark
4365,22642,move
4359,28796,pop
4358,25131,charity
4354,133832,like
4350,27218,lot
4343,24212,report
4314,25924,special
4308,22125,cat
4299,23342,earth
4290,32783,disagreement
4270,23378,oil
4268,23914,vaccine
4251,26839,martial
4227,22675,citrus
4216,133689,eating
4214,23401,swimmer
4211,22968,monitor
4204,23023,part
4185,23200,piece
4168,30336,egyptian
4158,22579,police
4141,23818,recording
4140,22216,destination
4137,25290,stylist
4117,25584,lecture
4113,22983,spirit
4099,133834,mask
4094,23085,draw
4089,133294,restaurant
4088,133532,epidemic
4075,24609,geography
4073,133324,vietnamese
4045,28845,fortune
4031,22146,detail
4024,23853,globe
4022,25388,experience
4018,133784,small
4011,25276,irish
4002,29175,cosmetologist
3994,33592,wake
3987,27230,nail
3978,22145,bridge
3976,22192,lamp
3962,22551,production
3958,27784,hello
3956,22262,perspective
3954,33632,maid
3932,29221,german
3928,23228,master
3927,25623,injury
3925,25205,marking
3914,22344,temple
3898,22552,keyboard
3887,23115,growing
3887,24410,teens
3883,25237,baggage
3875,30400,minority
3872,24374,awareness
3864,23015,experiment
3857,23795,partnership
3854,25858,filter
3832,23644,trick
3822,133771,nurse
3819,26937,press
3805,23979,laying
3803,22578,stage
3799,133796,virus
3775,22441,fire
3765,23099,form
3749,24084,produce
3746,24441,realtor
3734,24479,chalk
3728,24984,sponge
3726,28561,puff
3723,23531,justice
3711,22747,notepad
3685,32656,junior
3682,22683,lemon
3680,33697,filipino
3676,27205,detergent
3672,24059,cardigan
3671,133642,reading
3669,29999,stay
3658,28708,foundation
3655,22912,letter
3655,23754,voyage
3655,25141,overall
3644,26270,euro
3641,23497,signal
3640,26884,hour
3621,23495,match
3619,25338,course
3618,23314,masquerade
3599,28205,teddy
3596,27807,sex
3596,133847,sofa
3595,22148,concentrate
3591,30534,behavior
3586,31857,double
3585,23755,mortgage
3584,32892,debit
3582,22989,magazine
3581,133809,book
3576,25110,interview
3574,22220,sunrise
3572,25024,snowflake
3558,24424,case
3541,22742,interest
3536,22039,shore
3500,23365,maple
3498,25576,degree
3496,24243,cone
3487,133622,kitchen
3471,32173,pause
3447,23212,punk
3446,25788,tank
3444,133727,tablet
3418,133745,apron
3403,29948,clerk
3402,23315,theater
3381,29848,triceps
3373,22277,chill
3365,133776,owner
3345,25333,scandinavian
3342,23660,lighting
3338,25964,housekeeper
3332,22721,track
3327,23193,needle
3305,23950,alcoholic
3305,29813,nursery
3304,23194,craftsman
3303,133811,cafe
3299,26772,operation
3285,27382,hairdressing
3265,133798,water
3261,24322,bulb
3256,23949,bathing
3215,22647,band
3197,25279,private
3196,25272,baseball
3173,24074,record
3171,22828,cyclist
3164,24835,border
3162,24183,witchcraft
3159,22686,heat
3147,23321,garland
3125,23025,pepper
3120,133293,quarantine
3118,26660,restriction
3116,133606,cooking
3102,26842,ambition
3095,133756,glass
3089,23708,gender
3079,23957,pick
3071,23639,accident
3062,27755,pass
3061,24827,jersey
3060,23239,chain
3057,23111,storage
3054,23832,fix
3038,23971,accounting
3036,22362,roof
3027,25203,cape
3025,22913,rider
3025,25783,granny
3024,27529,volume
3020,28638,file
3010,133758,heart
2987,41109,mulatto
2986,22780,inscription
2972,132810,construction
2970,22554,gastronomy
2954,25850,software
2927,26639,workwear
2923,23710,desktop
2918,25096,programmer
2906,22190,seaside
2888,23442,childcare
2887,22779,moody
2881,31413,hawaiian
2866,23793,arrow
2862,23522,psychology
2857,22990,beads
2854,32801,jaw
2838,23699,court
2835,22644,carpet
2834,32913,congratulation
2831,27942,royal
2830,31748,optimism
2826,133295,retirement
2820,25086,hindu
2803,26704,official
2800,26413,result
2800,133529,drinking
2796,23919,feminism
2784,133636,patient
2781,22762,yard
2771,26109,curl
2762,23661,wardrobe
2750,23364,trash
2749,32570,need
2744,23646,scooter
2741,32900,adviser
2735,23615,waste
2726,23842,palette
2724,32330,secrecy
2719,23816,block
2718,24255,pharmaceutical
2717,133695,flower
2711,23597,amusement
2711,23811,knitwear
2699,28315,blush
2698,23012,moment
2697,24215,braid
2696,25392,hearts
2693,26550,acting
2689,133707,making
2684,30266,dressing
2683,22827,panorama
2682,31972,burgundy
2675,22896,skater
2669,30411,mobility
2669,30459,prize
2668,22858,ballerina
2653,133851,time
2620,22164,branch
2617,23937,terminal
2615,22785,terrace
2614,25160,sample
2611,48001,approval
2611,133436,pensioner
2610,25143,cargo
2610,27505,falls
2607,23344,gathering
2606,26404,tissue
2603,24963,gymnast
2600,23375,signboard
2597,22525,location
2596,23105,hall
2593,23229,story
2591,23254,melody
2577,28118,id
2571,133734,window
2569,24549,combat
2559,26701,gel
2551,30156,disorder
2550,24087,helping
2546,133850,text
2545,23898,planet
2542,23464,motor
2534,22564,serve
2528,33992,arabic
2520,25708,trophy
2520,28924,interface
2517,24517,saint
2513,24076,gear
2505,22155,boat
2505,23214,darkness
2503,25109,schedule
2483,27122,cooker
2483,27667,intellectual
2483,30852,discomfort
2482,25134,session
2481,25465,patch
2478,22533,beanie
2475,25215,appointment
2475,31974,lie
2471,22463,occasion
2471,28013,loudspeaker
2469,25445,citizen
2468,24541,brave
2467,24762,quarrel
2456,24935,alert
2453,23317,cereal
2452,26621,campaign
2448,23182,demonstration
2443,32329,tee
2424,33049,iranian
2417,24732,glossy
2414,31349,physique
2412,33816,reality
2399,31229,goofy
2377,22800,melancholy
2370,24483,dairy
2355,29134,technical
2348,22950,hurry
2339,22492,paradise
2339,24480,businessmen
2338,29494,comedy
2334,22963,rice
2330,132789,architecture
2329,23241,backyard
2329,25171,habit
2320,24393,appetite
2311,27317,devotion
2301,25025,diamond
2300,26268,king
2299,24080,horn
2290,28953,praise
2287,22660,flavor
2282,28125,earphone
2279,33259,pout
2278,30391,folk
2276,25891,poker
2272,133691,europe
2271,23052,chicken
2267,22364,macro
2267,133696,forest
2255,22574,trail
2247,29944,pressing
2243,30952,foreground
2230,23918,psychologist
2206,33925,cardiology
2205,22114,wallpaper
2204,28115,cloak
2195,22189,desert
2189,32684,deposit
2187,23026,catholic
2185,23290,loft
2182,25004,reader
2178,23067,butterfly
2169,22846,lounge
2169,31359,account
2164,22089,landmark
2149,26836,rehabilitation
2134,26476,birth
2125,26630,discrimination
2124,29755,services
2120,23980,marketplace
2110,28070,demon
2105,25513,rear
2097,26402,minute
2091,133817,down
2084,22613,wings
2082,24262,caution
2077,25481,bohemian
2077,25616,portraiture
2077,33617,second
2075,23148,ritual
2073,22625,allure
2072,23479,rebel
2068,26012,catering
2057,23467,lavender
2056,24574,tribe
2050,22273,electronics
2049,22205,optimist
2047,26312,consumption
2042,23717,option
2042,33707,bliss
2038,25923,fairytale
2036,25661,measurement
2028,22193,greenery
2028,27761,ophthalmology
2019,133801,world
2018,28817,hunger
2017,133786,south
2010,22650,canvas
2007,24824,writer
2007,25008,sustainability
2002,29055,scare
2002,30154,dealer
2000,22353,artwork
1997,46810,decline
1992,25070,transaction
1990,27538,checkup
1989,24094,biscuit
1985,22832,dad
1985,26133,nightmare
1981,29975,state
1976,25556,target
1971,133697,garden
1964,25538,rush
1957,23954,deliveryman
1952,133623,leaning
1950,28712,inspection
1949,22729,talent
1934,23049,confectionery
1928,22555,shining
1910,23492,healing
1905,24998,assortment
1904,22869,local
1899,42741,touch
1892,25880,conservation
1891,23798,panel
1881,26183,playlist
1868,25120,potato
1854,25547,hacker
1853,29688,moroccan
1843,133409,gentleman
1840,22293,crowd
1840,23035,fir
1840,32000,cleanup
1838,24324,skeleton
1832,26033,strike
1830,23485,accomplishment
1829,25252,period
1827,23095,pine
1824,33713,boring
1818,23186,spot
1814,133686,collar
1805,27388,british
1804,133795,video
1795,24605,item
1786,24438,logistics
1784,28389,dot
1782,25825,distribution
1779,31750,insult
1778,48019,dislike
1775,27062,makeover
1774,42959,wish
1768,133640,plastic
1764,24366,headgear
1764,25405,flask
1764,28403,knot
1760,32504,judge
1754,23909,soul
1753,22027,scenery
1753,31820,end
1751,22359,marine
1751,26354,airline
1749,22890,rings
1749,23541,mystic
1739,45440,walk
1736,24863,hunt
1734,24385,reception
1732,24481,attraction
1731,24340,feast
1731,24723,skier
1711,22794,paris
1710,25235,channel
1709,23964,capital
1701,22797,letters
1701,23999,grain
1699,25896,cultivation
1695,26886,rugby
1693,133846,side
1691,28524,juvenile
1690,23126,brand
1677,23624,access
1675,22520,aircraft
1671,27846,bat
1669,24813,mess
1668,29133,review
1665,24664,coquette
1660,29751,visiting
1660,30906,centre
1659,33117,optician
1654,30551,nationality
1650,32598,gum
1648,24812,notice
1647,133836,over
1643,29266,reward
1641,31944,framing
1635,23151,novel
1635,27264,bacteria
1627,27448,armor
1624,23027,calorie
1614,22415,farmland
1614,22581,kitchenware
1610,22202,footwear
1605,22915,utensil
1605,23611,acoustic
1603,22030,seashore
1603,23760,pie
1602,24057,thirst
1598,26588,capsule
1596,30271,sympathy
1590,25711,feminist
1588,24167,relief
1588,29986,investor
1584,26073,remedy
1582,28502,calmness
1578,22328,entrance
1578,24000,solo
1576,22458,breed
1572,23801,tobacco
1572,24834,guide
1572,133417,housewife
1571,23007,homosexual
1570,24225,concern
1561,133554,outbreak
1559,133693,family
1553,22244,element
1550,33599,nursing
1549,22676,peak
1540,22473,sightseeing
1540,22881,jungle
1540,28539,elastic
1540,32612,captain
1538,22562,trunk
1536,28180,union
1530,25019,cosy
1530,33454,workaholic
1528,23577,blind
1527,29880,salesperson
1521,26388,folklore
1519,33373,rental
1518,30987,ironing
1517,27849,theme
1515,25140,optics
1515,30104,overwork
1513,22489,stream
1512,22340,outerwear
1512,133807,back
1508,29259,recognition
1506,31242,puberty
1506,31696,reporter
1505,32308,multiple
1504,30703,pointer
1501,31826,australian
1499,30112,society
1498,25119,rubbish
1496,24254,departure
1495,28713,gypsy
1492,25003,flare
1488,23778,mint
1484,28764,retiree
1469,25398,argument
1462,24895,hardware
1460,24345,pipe
1457,25633,cocoa
1453,30218,lecturer
1445,30600,medium
1439,26485,ordinary
1436,133852,town
1435,29074,pump
1432,24365,hanger
1428,25936,developer
1425,23562,motorcyclist
1423,30922,paste
1421,31919,schooling
1420,23371,contemplative
1414,22653,botanical
1413,25886,chip
1413,33482,extension
1409,27945,testing
1408,25698,pearl
1406,22169,windows
1406,28969,program
1401,22182,turkey
1401,28633,discipline
1394,22768,stripe
1393,23394,freeze
1392,46007,teach
1387,24452,dressmaker
1385,26863,couture
1385,28443,tanning
1381,28320,magnifier
1378,22490,heritage
1376,22150,canine
1376,26521,split
1374,29623,identification
1373,25498,kiwi
1373,26304,serum
1368,28497,scanning
1364,23833,thanksgiving
1364,28535,nigerian
1363,26286,exposure
1363,33159,facing
1362,23556,diving
1360,33751,pirate
1358,24617,tournament
1356,30723,killer
1352,24436,respirator
1349,33685,conditioner
1346,133560,pressure
1338,27941,learner
1335,23028,float
1329,26750,freight
1328,22947,nutrient
1323,24224,homeless
1323,28441,formula
1323,133694,farmer
1320,22566,railway
1320,133746,beach
1318,133525,designer
1317,31980,canadian
1316,133813,chin
1314,133828,high
1311,24245,freestyle
1308,27788,sunscreen
1301,133722,prayer
1296,33216,stewardess
1294,25948,drama
1292,133759,hindu
1290,25386,cane
1288,30392,dilemma
1287,30930,server
1285,31429,decorator
1284,33728,mode
1282,23306,damage
1279,22709,surfer
1276,25870,kindness
1271,24571,counselor
1271,26591,monster
1262,23246,planner
1255,23108,aviation
1254,23383,details
1254,26156,renewal
1254,27791,jewel
1246,22406,scent
1245,26680,tights
1238,22695,housing
1233,22954,smoker
1230,26774,misery
1228,25220,cameraman
1226,24029,coral
1225,28380,duty
1219,32676,acceptance
1218,23224,skateboarder
1216,28564,heel
1203,43423,jump
1201,24429,mediterranean
1197,23305,bamboo
1196,24828,liberty
1195,25187,warmth
1190,24883,kit
1186,24880,jesus
1186,26817,past
1185,27809,act
1183,133763,italy
1181,45416,sleep
1180,23047,supply
1179,28153,transfer
1178,133764,japan
1176,133712,native
1174,29471,fetish
1171,33483,sequence
1169,29412,plush
1165,23165,floating
1161,26685,selection
1161,29204,victorian
1158,25912,mandarin
1156,25553,immunity
1156,26902,proposal
1150,23077,toast
1150,133682,center
1144,46278,foreman
1141,22508,accommodation
1141,27348,knight
1139,29963,shaping
1130,23923,copybook
1130,133754,frame
1126,32167,carrier
1120,133766,local
1119,25427,poppy
1118,26978,greek
1116,27924,academy
1115,27114,supplement
1114,23242,words
1111,24119,salmon
1110,23691,watercolor
1110,24953,tidy
1101,32638,patrick
1100,26077,policeman
1100,32191,due
1098,23736,numbers
1091,26862,olive
1090,27135,role
1090,33516,plug
1087,133675,artist
1085,26922,disaster
1080,24250,stuff
1077,30512,heartbeat
1077,31678,cost
1076,26353,illumination
1076,26932,terror
1074,22456,soil
1073,23203,sparkle
1073,28565,spouse
1072,25204,squat
1072,26250,wand
1067,29422,cosmetician
1065,25436,technique
1063,25122,gingerbread
1059,31375,storehouse
1054,30592,strip
1052,28822,swiss
1051,133654,village
1049,27852,telecommunication
1045,23069,cabin
1044,26987,hours
1043,26536,trauma
1043,28631,trim
1038,26334,snowboarder
1035,25415,still
1035,31658,glory
1033,25149,loaf
1031,28496,fraud
1031,32319,appeal
1029,26431,league
1028,24050,bisexual
1027,23398,merchant
1026,23978,buddhist
1026,24649,cube
1026,31918,blossoming
1025,25823,maker
1021,23078,platform
1020,22212,skyline
1016,22631,residence
1013,30666,handset
1012,133842,robe
1008,29819,spell
1007,22346,wanderlust
1005,31680,hollywood
999,22393,height
998,28265,entertainer
995,24906,cleavage
991,31591,rouge
978,30633,bin
978,133624,leather
977,22728,cutlery
973,30022,flex
971,23494,moisture
971,23501,edge
971,30267,name
966,24784,dive
966,32189,subject
965,26893,chestnut
963,26702,gymnasium
962,42756,frown
961,24518,statistics
961,28772,sorting
961,32301,bang
956,25064,bull
954,29250,binder
953,24839,afternoon
948,27447,sikh
944,31407,washer
943,24357,mouse
942,25621,tag
941,133408,gardening
940,23227,stationery
937,23233,spruce
930,24330,coaching
930,29794,meter
929,24731,organizer
928,23131,london
925,22428,companion
922,30950,takeout
922,133609,drawing
921,23768,devices
920,22667,pedigree
918,26271,horticulturist
917,29620,frying
914,25665,greens
912,26960,anime
912,27576,highlight
912,133612,england
910,24538,woodworker
907,25295,survivor
907,48018,villager
906,27439,tub
905,23354,tire
904,31617,pulse
903,22563,minimalism
903,25173,fields
901,31759,dreamer
901,33858,license
893,22714,cuddle
889,24693,psychiatrist
883,24187,phrase
882,25020,peel
880,22836,layout
879,25689,jail
879,25757,original
878,23641,tolerance
878,32841,restoration
874,23516,hawaii
874,28643,hip-hop
868,22248,overhead
868,24789,tune
866,27494,chick
863,24294,vinyl
861,25412,sparkler
857,24909,gem
857,133760,hotel
854,23874,marker
853,23091,interaction
849,22730,port
848,24369,beam
847,29886,cuban
846,133641,profile
844,29754,serviceman
844,29949,sense
842,29075,passing
840,28958,elements
839,26687,bargain
839,43670,massage
834,24109,monk
832,24409,collect
831,31796,mining
830,28949,spectacle
829,23945,moscow
829,30435,vamp
826,27725,abaya
824,26789,spine
824,27715,cacao
822,33930,hydrogel
819,23088,confection
815,27929,catwalk
815,28120,stance
814,26706,fertility
814,32585,negotiation
812,25674,foil
809,24353,jazz
798,27531,parisian
796,26384,whisk
793,23694,navigation
793,25326,bottom
789,24323,facility
789,26292,mentor
787,30172,inventory
785,28023,getaway
784,29093,analyst
783,30769,shaker
781,22700,wing
780,30263,vacuum
779,29100,unknown
779,29606,czech
778,26067,separate
776,30288,mantle
775,26246,sleepover
770,23373,pigment
770,26773,leap
770,29377,badminton
768,30644,northern
765,133738,worker
764,28679,curling
763,23445,duck
763,24491,vegetation
761,133780,ready
759,30223,ma
759,133783,scene
758,25414,showcase
755,27708,value
755,44421,harvest
752,23746,shell
750,22911,fluid
750,25029,joint
746,28393,rise
745,24246,racer
745,26219,mixer
741,23535,miniature
738,25052,drum
738,30497,butt
736,24512,sour
736,25606,programming
733,22058,wildlife
732,25535,draft
731,23329,choreography
731,23846,salt
730,32601,associate
729,23739,racing
724,25932,basin
724,33725,organ
723,22746,hallway
723,24133,bronze
723,28468,educator
723,29912,sorcery
722,33672,ax
721,23141,climber
721,23197,brassiere
720,24423,toronto
720,27337,props
717,31707,dutch
713,23910,emblem
713,28882,beachwear
713,32410,section
711,29099,mortar
709,25240,firearm
708,24200,pharmacology
708,25620,rod
706,22350,stem
706,23681,barbecue
705,25378,depth
703,27699,kerchief
702,28438,infancy
700,23210,glassware
695,24321,sprout
695,25631,thermos
694,32470,host
692,27595,clip
685,27030,mesh
685,31013,faithful
684,22694,handicraft
682,28810,thermal
680,133435,paperwork
678,25682,boo
676,23776,baroque
675,48017,foreigner
668,24804,solidarity
662,27393,hazard
660,22856,column
660,26006,handicap
659,24465,diver
657,133843,sari
655,24242,jam
654,27088,reconstruction
653,24600,explosion
653,33641,fuchsia
652,22804,liquor
649,26453,henna
649,27177,fitting
648,25044,volleyball
648,33455,twin
647,31104,ass
645,30848,caressing
643,133653,vietnam
640,23474,van
640,32681,mitten
638,24454,grid
637,22335,bay
637,25733,workstation
636,133603,citizen
633,26042,dummy
632,31875,muffler
630,22290,mist
629,22086,pavement
628,25105,blend
628,26439,beautification
628,133221,collection
627,23436,assignment
626,23192,alps
624,23915,bookworm
623,24787,runway
623,30174,loader
621,23704,azure
619,32413,slate
618,26833,memo
618,28600,giant
618,44706,show
617,24362,ray
617,31825,suite
614,47935,forties
612,27266,investigation
610,26002,nomad
609,23882,central
609,24178,journal
609,27297,immunization
609,32365,lord
607,25628,triangle
606,25521,rye
605,24270,tokyo
604,24680,barcelona
604,28326,masseur
603,26149,arena
601,25617,glare
600,23587,metro
600,29022,fireman
599,23116,stall
596,26104,gerbera
595,29126,bathe
592,23271,bookcase
590,22787,complex
586,31419,flip
586,33268,fund
585,28484,pint
584,23850,grill
584,27872,excursion
584,27890,fin
583,23061,stamina
582,23279,commute
581,31296,golfing
580,28015,simulation
579,32760,peasant
577,23902,agronomy
576,33698,scanner
574,23772,jet
573,24532,vine
572,33161,visitor
571,30239,receiver
571,31994,tip
570,26205,album
570,133748,bench
569,22345,grassland
568,30329,heating
567,29376,boudoir
565,23441,collaboration
565,28625,nirvana
563,32659,humanity
562,24027,fiction
562,25314,installation
562,29567,manipulation
557,24146,bauble
557,24462,playtime
556,133547,keyboard
555,22516,neighborhood
552,30977,ballot
551,22690,minimalist
551,28426,relations
550,23298,sepia
550,31906,chemotherapy
549,23580,venice
549,25816,mountaineer
547,25650,tailoring
547,29570,inmate
546,26592,mango
546,26671,substance
546,29162,fracture
545,31160,balinese
543,27649,logic
541,24485,universe
541,25010,rim
539,31583,tibetan
538,25510,sweetheart
538,31474,canteen
537,30280,manikin
535,32864,dependence
530,23180,lumber
530,30790,preventive
529,29779,apparatus
528,28434,birch
527,29243,scheme
525,29393,mate
525,30428,mass
522,26641,dandy
522,30162,treasure
520,23509,capture
517,25158,fisher
516,27542,briefing
515,30979,mission
514,27131,bass
514,30914,grab
514,133849,take
512,23672,chili
512,24158,hydrate
510,23590,crack
510,25491,venetian
510,26912,oak
510,27797,statement
509,30667,gambler
508,25242,tulle
507,25060,fuel
507,27548,cord
506,25761,agenda
505,33625,inclusion
502,33688,parka
499,25458,labrador
498,24686,twins
498,27417,graphics
498,29915,monitoring
497,26318,homeowner
497,33451,caregiver
496,26617,lap
495,22888,kitty
495,25340,gallery
495,30706,supernatural
494,28843,gynecology
493,22678,range
492,29207,commitment
492,33463,address
492,42169,wash
491,22404,creature
491,23427,windowsill
491,24836,delicacy
490,22916,decay
487,28884,tragedy
486,22477,tableware
486,33700,thriller
482,22761,dock
482,28246,resource
480,31821,adornment
478,33256,mechanics
478,33334,upbringing
477,30850,disposal
476,24645,nut
475,25274,suspension
475,31483,shaver
474,22567,arch
474,28809,vapor
471,23367,bonnet
469,23992,rome
468,22803,offense
465,29788,sprayer
464,23308,prosthesis
464,33019,bengal
463,24754,entry
460,133789,straw
458,26243,holder
458,46126,memory
457,24640,render
457,26342,paddy
457,29916,captive
456,23758,squash
456,27199,sunhat
455,29988,suspect
455,31329,transformation
455,133511,armchair
455,133830,lake
453,22739,administration
453,26381,zone
453,133781,river
450,23988,charcoal
449,23678,aquatic
449,24926,indie
446,27998,dwelling
443,23018,activism
443,30989,mariachi
442,28850,impression
440,26501,aristocrat
440,44704,bite
439,26227,believer
437,33850,source
436,25972,comforter
436,28204,pagan
434,27706,compact
433,26569,trek
432,26440,breeze
431,28169,ability
431,31184,emerald
430,28044,font
426,27014,acrobatics
426,28668,apathy
426,30843,goalkeeper
425,28401,sentiment
425,29684,wonderland
425,33307,pageant
425,133555,painting
423,28675,antibacterial
422,30236,shooter
421,23325,adventurer
421,33879,wholesale
420,22381,infrastructure
420,23434,stain
420,31112,portuguese
419,25717,fencing
418,23800,cannabis
415,25688,expedition
415,26530,iris
415,27149,darling
414,26868,chihuahua
413,27315,investigator
413,133797,visit
412,24036,woodwork
411,25754,relation
411,30317,assist
410,26742,voltage
409,27211,pacific
409,28987,layer
407,28922,obstacle
407,45048,mores
401,27987,rocket
401,29148,import
400,25259,toasting
398,27121,statistic
398,30912,spade
397,25383,ornamental
397,25875,enlightenment
397,27263,brooklyn
397,32962,current
394,27459,rink
393,31605,assembly
392,25619,dialogue
391,47886,sixties
388,27282,horseback
388,29032,enchantress
387,32170,precaution
386,29108,tonic
385,22996,vessel
384,26407,seating
384,46608,tremble
384,133769,north
381,24017,lane
381,29452,halo
381,133799,wheel
379,31985,registration
379,32310,boards
377,133614,florist
376,31283,jade
375,27476,disinfectant
375,28661,cutter
374,23041,beloved
374,24400,chessboard
374,30974,anchor
373,25772,needlework
371,27899,essence
370,23267,acrylic
370,28055,continent
369,25865,mechanism
367,23788,title
367,46423,hit
366,27472,mama
365,29671,weightlifter
365,33260,sniff
364,24351,nest
363,22318,spectacular
363,23835,marijuana
363,23887,camper
362,25457,productivity
362,46324,hint
361,22466,slope
361,26593,divination
361,32816,myth
360,22327,pathway
360,26211,platter
359,28350,angler
356,27543,alumnus
355,30129,drilling
355,30927,sweetness
353,27970,jelly
353,31352,tampon
351,24562,crane
350,24523,jew
350,24634,cognition
350,32961,commencement
349,27782,elite
348,27672,occult
347,38317,hierarchy
346,25721,prediction
346,46445,hero
345,23263,gather
344,23901,shimmer
344,30357,amazon
343,27966,headpiece
342,133839,pool
341,26819,ultraviolet
340,22974,parquet
338,33251,compassion
337,133428,newspaper
336,22546,evergreen
336,22953,stairway
336,32074,automation
336,33250,cooler
335,25614,rosary
335,29681,ailment
335,30807,custody
333,27047,ruby
333,29515,poison
333,33456,equation
332,28558,sort
331,24055,bug
331,26780,psychic
331,29292,boardroom
331,31243,joker
331,33872,transplant
331,48050,wrong
330,28977,mole
328,31342,rapeseed
327,25298,circuit
326,24439,drip
326,29711,waxing
326,30398,launch
324,23453,succulent
324,26677,matte
323,23185,stacks
322,25856,kyoto
322,26378,editing
320,23994,aesthetics
320,28597,header
317,24779,animation
315,29447,adulthood
315,29644,gravity
315,30426,blues
313,27840,circular
312,29673,bicycling
311,25681,psychiatry
310,26599,limb
310,28514,zodiac
309,133232,greenhouse
308,30556,pitch
307,32907,nightgown
306,26878,hook
306,32022,blower
305,29995,intent
305,30231,destiny
304,29357,bistro
304,133702,island
303,23345,equine
303,33509,cause
302,23309,summit
302,31421,terry
301,46418,millionaire
300,26235,mongolian
300,28988,peanuts
300,29030,calisthenics
299,23150,florida
299,26230,firework
299,27518,twist
298,24970,script
298,28692,observation
297,24706,exit
297,30729,pallet
296,24643,frosting
294,26655,roasting
294,30916,burst
293,25949,carving
292,29197,wandering
291,23815,brew
289,26986,fry
288,25027,roast
287,22871,mount
287,133684,church
286,27206,tart
285,27116,plenty
285,27599,shift
284,22394,fondness
284,23982,cosmos
284,27770,scotch
284,47036,shrug
283,23142,riverside
283,48020,inferiority
282,23444,lion
282,24149,harness
282,27594,transmission
282,30789,varnish
281,29059,confession
279,27859,applicator
279,30057,rape
278,48041,western
277,25251,smear
277,32269,montessori
276,32124,pit
275,27546,bones
274,26114,assessment
274,45128,wink
273,22242,terrain
273,24425,dreadlock
273,30492,radiology
271,24698,kite
271,27922,impairment
271,30325,sip
270,32489,bump
270,32847,cricket
267,33805,burlesque
266,25190,dame
266,28742,lupine
263,27020,stump
263,28286,percussion
263,31356,equilibrium
263,32185,corduroy
261,26999,harvester
259,30272,fulfillment
258,32606,intensity
257,28968,scout
256,27504,cassette
256,27698,bowling
256,30964,unit
256,32795,sill
255,26793,dispute
254,29768,percentage
251,26181,masseuse
250,29904,plot
250,32826,cornfield
249,26129,roots
249,133751,blood
246,29607,celtic
246,30585,nimbus
245,25114,reserve
245,31468,peanut
245,44705,ground
243,27820,diabetic
242,22688,closeness
242,24349,veranda
242,25817,downhill
242,27673,seal
242,31286,chiropractor
240,30637,dressmaking
239,23613,ruin
239,23662,manhattan
239,27716,crunch
238,23243,dune
238,25280,airliner
238,133561,province
237,25536,trailer
237,29856,margin
236,25610,minutes
236,40540,economics
235,28254,victoria
234,23944,fortress
234,24543,sketchbook
234,31941,malaise
233,22584,dome
232,25375,reel
231,26944,component
231,29290,voter
231,33410,pea
231,46201,nap
230,27150,viticulture
230,29351,thrill
230,29566,recorder
229,28946,carbohydrate
228,25691,underpants
227,25127,candlestick
227,27100,horoscope
227,30800,honeycomb
225,22624,predator
225,28717,fencer
225,33668,soy
224,23081,whisker
224,26939,carnation
223,27035,countertop
223,33248,toss
222,25957,joiner
222,29193,tongs
222,30905,funds
222,129886,curse
221,32813,farewell
220,129247,eureka
219,33051,chopper
219,33240,lure
219,133600,cabinet
217,26005,manifestation
217,31511,rollerblading
216,22573,shoreline
216,23359,fatherhood
215,24493,archer
215,27268,womanhood
214,24095,stocks
212,26386,dispenser
211,29827,nobility
210,23386,bazaar
210,24674,bedclothes
210,30961,psychotherapist
210,32794,menace
210,32991,mummy
209,27340,cork
209,31505,rip
209,32476,representation
208,25760,torch
207,23005,rally
207,25373,goblet
207,29265,dump
206,26284,attainment
205,24866,workroom
205,25604,glaze
205,30243,carbon
204,27821,popularity
204,31358,mallet
204,42359,competence
203,24790,wagon
203,48033,beating
202,25130,noon
202,25797,compass
201,32216,utility
200,24644,projector
200,28109,monarch
199,27294,tomboy
199,27553,playfulness
199,28328,province
198,22487,formation
198,22732,altitude
198,24542,teacup
198,26838,quiz
198,28486,cassock
198,30128,kitchener
198,30552,bomber
197,22822,settlement
197,23133,passage
197,25387,migration
197,30270,maxi
196,24988,quay
196,26466,drapery
195,23070,grinder
194,133837,page
193,33113,reunion
193,33376,manicurist
193,133731,valley
192,24626,cab
192,133728,tailor
190,24947,lighter
190,29507,orangery
190,30113,python
190,30566,dyeing
189,133526,district
188,23620,slicing
188,31625,scam
186,26272,reed
186,27474,pawn
186,29004,symphony
186,129250,enough
185,28556,petroleum
185,31439,willow
184,23000,haze
184,26997,georgia
184,46728,flaw
183,26120,exhibit
181,29416,jeweler
181,33059,pomelo
180,23020,caress
180,47800,shopkeeper
178,29956,narcissus
178,30934,quarterback
177,26917,tactics
177,28908,landing
177,29086,batter
177,33771,icelandic
176,25828,tequila
176,26494,molding
176,33027,thigh
175,28020,dripping
175,47852,century
174,23628,campsite
174,25819,ivory
173,24579,poetry
173,26923,lamb
173,28878,lattice
173,32335,blanc
172,22386,fauna
171,26650,florence
171,29129,excavator
170,30429,conductor
169,22570,shrub
169,25288,tumbler
169,118724,ethnology
168,31510,atlantic
168,31776,chiropractic
167,23361,bark
167,25118,sanitation
167,32384,hotdog
166,31940,furnishing
165,28111,grapevine
165,30096,barrels
164,29776,coziness
164,32296,trident
163,33323,saber
162,24636,neglect
162,27611,salsa
162,28696,fishnet
162,30860,regulation
161,24774,crust
161,32649,clearing
160,23881,pillar
160,25409,billiards
160,41708,anthropology
159,23946,blaze
159,27383,cognac
158,26888,stalker
158,31623,spitz
157,22973,muzzle
157,23207,rust
157,27003,racetrack
157,31739,romper
155,30766,hash
155,32495,combine
154,24540,rapid
154,27452,melbourne
154,27944,upstairs
154,29172,rosa
153,47417,dwarf
152,24457,boating
152,27128,abbey
152,29777,exhaust
152,31610,coverage
152,46014,pinch
151,33559,trademark
151,46113,commodity
150,28542,hebrew
150,29438,heterosexual
150,32440,cyprus
149,29943,philanthropy
149,47831,enemy
148,24264,pitcher
148,24612,stylization
148,43335,greengrocer
148,47959,broadcaster
147,26800,documentary
147,26900,mold
146,27238,tuna
146,27743,accordion
145,24496,washroom
145,24923,eagle
145,29281,deity
145,31418,beekeeping
145,32693,civilization
145,47944,sensitivity
144,25801,parliament
144,30034,lounger
144,46001,peek
143,22577,signage
143,22942,seafront
142,22363,highland
142,27751,blackberry
142,29177,homestead
142,30507,capsicum
142,31863,escort
141,26518,miniskirt
141,30944,resurrection
141,133328,wheelchair
140,27464,fade
140,33974,truth
140,46003,lick
139,24553,scripture
139,25313,shrimp
139,26654,sparring
139,28957,stamp
138,26217,persona
138,27691,thunder
138,28243,response
138,28749,crow
137,23376,motley
137,26741,bait
137,31659,buggy
137,31871,archeology
136,29206,matrix
136,31327,ganesh
136,33366,cue
134,29010,hospitalization
133,26920,oregon
132,22680,tabby
132,23249,metropolitan
132,34025,butler
131,24503,granite
131,27525,beast
131,28192,pouch
131,29137,sophistication
131,29326,masai
131,29532,jalousie
131,30244,legume
131,30618,charger
131,133607,denmark
130,26728,bovine
129,31018,punjab
129,32186,arc
128,23236,creek
128,23713,timepiece
128,24611,laminate
128,31348,diplomat
128,32326,horsewoman
127,28612,pup
127,33616,drafting
127,33857,opposition
127,133628,morocco
126,23087,cascade
126,25980,jordan
125,27022,ghetto
125,30902,backseat
125,47231,lease
124,22374,ripple
124,25117,patisserie
124,29516,starter
124,32053,prophecy
123,26914,pansexual
123,47955,seventies
123,47980,annoyance
122,26797,sanctuary
122,32714,dribble
122,46416,slip
121,27275,stylus
121,28671,input
121,29577,lorry
121,33164,establishment
120,23294,cupboard
120,24008,mane
120,24983,prestige
120,32503,grate
119,26523,brewing
119,30197,dash
118,26484,drape
118,27422,indicator
118,27688,narcissist
117,25289,bookshop
117,27222,modernism
117,28236,radiator
117,32822,cleaners
116,27478,tuning
116,29933,coronet
116,30228,testament
115,24197,ottoman
115,45571,yawn
114,28732,camcorder
114,29076,dove
114,30405,colonial
113,22783,fluff
112,30861,imperial
112,32790,pruner
112,33261,anonymity
111,26214,hamburg
111,30475,epee
111,31476,clairvoyance
111,133635,palette
110,26740,vienna
110,28031,sahara
110,30658,alaska
110,31499,booster
110,32079,buddy
110,33420,rotation
110,46238,migrant
110,133713,norway
109,23024,stalk
109,24189,scatter
109,31020,injustice
109,31304,ram
109,31995,federal
109,33377,pitching
108,25612,rave
108,25968,kashmir
108,28103,quail
108,30314,patty
108,33982,idaho
107,22823,carnivore
107,25183,chicago
107,27239,colosseum
107,30038,applique
107,33731,grater
106,23225,lakeside
105,25051,eruption
105,26921,workday
105,27974,checkmate
105,32590,boston
105,133557,planting
104,23038,conifer
104,26526,plaza
104,28016,maltese
103,26756,nectar
103,29689,atlas
103,29706,merlot
103,31966,gates
103,33983,atlanta
103,133407,fisherman
102,30220,cupping
102,32070,advancement
102,45243,scream
101,27107,aerospace
101,30814,paintball
101,30954,rigging
101,32312,pixel
101,33922,tabletop
101,40273,betrayal
101,46399,machinist
101,47950,brooding
100,31773,raven
99,25873,coverlet
99,29845,high-rise
98,29080,socket
98,30388,oppression
98,31047,vandal
98,31507,horseman
98,32519,bonbon
97,22474,ridge
97,25978,venue
97,133848,soil
96,27585,android
96,31123,mongolia
96,32094,doberman
96,32958,skullcap
95,25559,remembrance
95,29139,esthetician
95,32307,parapet
94,24186,savory
94,25990,corgi
94,27638,brickwork
94,27695,setup
94,33933,garnet
94,117878,revelation
93,23751,droplet
93,26236,abstraction
93,31278,acquaintance
93,32032,flesh
92,23750,antenna
92,24576,topping
92,32761,bolt
91,22969,analogue
91,26069,cobweb
91,26199,vancouver
91,26257,trace
91,28540,conservatory
91,31380,distortion
91,31819,pilate
91,33852,swine
90,23245,megalopolis
90,25077,gleam
90,26125,fishery
90,29814,foster
90,31111,pickup
90,32466,planking
90,46581,enthusiast
89,28303,bourbon
89,28464,curry
89,30521,species
89,32828,thoroughbred
88,25094,dalmatian
88,29480,mixture
88,32294,philadelphia
88,33915,frangipani
88,46145,plague
88,133723,puzzle
87,27824,antalya
87,29914,cock
87,30684,greenpeace
87,30937,buffalo
87,32247,tribune
86,26664,twinkle
86,27450,mousse
86,27908,immortal
86,30356,phenomenon
86,31854,proportion
86,33980,ethics
85,133730,thrift
84,23339,condominium
84,26108,relative
84,26147,signpost
84,27950,highlands
84,30044,settee
84,30473,venus
84,130373,daze
83,33855,colony
82,25268,vice
82,27795,buck
82,31395,boletus
82,32239,forestry
82,46670,recruit
82,133613,fishing
81,22434,roadway
81,26091,squad
81,30925,lodge
81,32715,dormitory
81,46514,contour
81,133840,port
80,25701,joinery
80,28457,overpass
80,44850,blink
80,47891,disrespect
80,47940,hesitation
79,30037,diesel
79,30820,pod
79,30969,anarchy
79,31092,pail
79,32082,coil
79,39455,tuition
79,45546,advocate
78,24337,midair
78,46141,orderly
78,48015,servant
77,25569,conserve
77,44794,acronym
77,46451,etiquette
76,24908,eucalyptus
76,31872,implement
75,28608,flipper
74,22598,fragment
74,24156,waterside
74,25508,bedside
74,32075,amulet
74,32213,cavern
74,32472,solicitor
74,46414,boom
73,29478,eater
73,31289,remission
73,32145,taster
73,33609,swell
72,31363,siamese
72,32704,kraft
72,32765,transmitter
72,47827,superstition
71,26894,coke
71,27050,pastoral
71,27675,couturier
71,31282,downpour
70,25859,picket
70,26338,ebony
70,30716,ecotourism
70,133447,tailoring
69,26326,spacesuit
69,27202,caravan
69,30491,fidelity
69,31085,cocooning
69,47330,annual
69,47833,insecurity
68,24658,athens
68,28940,valencia
68,32889,papillon
67,23303,flock
67,26026,shuttle
67,26844,tactic
67,30026,putt
66,27146,batch
66,30879,sweatband
66,32596,organza
66,41110,slander
65,23397,dashboard
65,27012,demolition
65,27066,gorge
65,32648,cayenne
65,33480,frill
65,48025,disturbance
64,23568,cappadocia
64,28919,frisbee
63,24652,fairground
63,29006,burner
63,30654,repeat
63,32363,undergarment
63,33061,bind
63,38887,execution
62,24188,roads
62,25001,smudge
62,28299,pita
62,29752,parmesan
62,30613,hoover
62,32271,babysitter
62,32496,beetroot
62,38483,sideline
61,23450,polaroid
61,25423,converse
61,27248,fizz
61,27458,washington
61,44708,spin
60,25971,pudding
60,29930,deduction
60,30201,llama
60,32008,corkboard
60,32014,pylon
59,123009,valuation
58,25534,prey
58,28452,strainer
58,33024,buckwheat
58,33210,partition
57,28030,gondolier
57,47392,rub
56,26283,epoch
56,33133,lookout
56,46257,excitation
56,129887,extra
55,30065,spiritualism
55,32088,manor
55,47992,jack
54,25706,crater
54,26730,segment
54,28250,forge
54,29008,planter
54,32812,seaport
54,33953,shinny
53,24897,gondola
53,28966,takeoff
53,29439,prawn
53,29656,crest
53,32534,stabilizer
53,33022,diffuser
52,24657,sisterhood
52,26410,hawk
52,27018,stray
52,28773,diagonal
52,29643,pictorial
52,32595,masjid
52,46473,hostility
51,26733,porto
51,27009,alpinism
51,30042,google
51,33142,kaleidoscope
51,38475,toner
51,39832,fart
51,117870,resentment
50,24621,hue
50,26564,dublin
50,28219,cove
50,28710,persimmon
50,29198,floater
50,29756,hurricane
50,41517,navel
49,22965,hillside
49,27358,portrayal
49,28864,numerology
49,29140,backbend
49,30340,cypress
49,30450,vault
49,31529,scarecrow
49,31763,hortensia
48,24433,goose
48,28865,taxation
48,30477,mercury
48,30590,brotherhood
48,33014,firecracker
47,27291,maturation
47,28402,checkerboard
47,30278,bling
47,31494,overlay
47,133652,tunisia
46,23595,mustang
46,24005,blot
46,25956,gig
46,27091,uzbek
46,27578,pulp
46,29470,debris
46,31172,squeezer
46,33228,streak
46,33296,ficus
45,22958,sprig
45,28854,anthurium
45,133788,spell
44,25533,mountainside
44,26105,shellfish
44,27689,fungi
44,28176,honeybee
44,29404,forging
44,29530,waterway
44,31005,lobster
44,33591,soak
44,128160,aircrew
43,22796,canon
43,28054,merino
43,28986,anemone
43,29005,drawers
43,30570,magnificence
43,32637,parasite
43,46311,sulky
42,30119,crepe
42,30870,karelia
42,32627,homeopathy
42,38326,ruck
42,78869,confidentiality
42,122970,restraint
42,126267,reverend
41,24367,dinnerware
41,25781,drift
41,27386,tortilla
41,28151,pyrotechnics
41,29173,loungewear
41,33975,janitor
41,41805,trilby
41,46225,coating
40,23423,seawater
40,24622,derelict
40,25059,farmyard
40,26408,yolk
40,30103,classwork
40,41444,cog
39,22461,habitat
39,25492,stub
39,29498,trumpeter
39,30911,candelabrum
39,31383,lutheran
39,46375,rationing
38,24878,soar
38,30595,democrat
38,47839,distraction
38,103543,ethnography
38,110977,corrugation
37,24582,iceberg
37,27881,sunray
37,30611,lupinus
37,31834,solder
37,32752,devon
37,33647,rotterdam
37,33985,procrastination
37,41771,ideology
37,46857,remake
37,47138,affair
37,86096,characteristic
37,117924,discretion
37,133570,watering
36,26256,ontario
36,27835,breakwater
36,29039,falcon
36,29646,lama
36,30389,hallucination
36,33964,kernel
36,47913,inhaler
36,102963,disobedience
36,130371,brag
35,24758,fortification
35,47970,daydreamer
34,22654,epicure
34,26150,mars
34,31719,beachfront
34,32281,flutist
34,43471,sulk
34,45397,perfumery
34,127359,bust-up
33,23106,bridges
33,27637,alpinist
33,28159,astrologer
33,29970,resin
33,30444,wick
33,30956,hamilton
33,32683,yosemite
33,32692,portland
33,33353,scenario
33,47379,era
33,129255,aplomb
33,133564,shepherd
32,23261,flatware
32,23517,savanna
32,25660,washbasin
32,27428,busker
32,27776,pacifism
32,28630,lego
32,28849,minneapolis
32,29564,putter
32,29698,upholstery
32,31050,olympus
32,32858,closure
32,33282,elevation
32,122958,attribute
32,126256,contempt
32,133841,rake
31,23814,fuji
31,27648,bobbin
31,27779,ankara
31,28001,gateway
31,28084,lyon
31,31004,seance
31,31330,emulsion
31,31482,banff
31,33554,filament
31,46637,consistency
31,122957,obsession
30,24801,irregular
30,25914,broadway
30,30249,advocacy
30,33151,montana
30,43056,inflation
30,47006,compulsive
30,94391,individualist
30,129899,boast
29,19304,kislev
29,24305,zinnia
29,26106,patagonia
29,26653,lampshade
29,26828,brook
29,27409,osaka
29,29156,burial
29,29661,grille
29,33458,chalice
29,38047,fascism
29,39023,uncle
29,47648,baton
29,117869,attendance
29,118064,geographer
28,28571,crucifixion
28,29432,cannon
28,29894,thunderbolt
28,30416,montreal
28,30915,fairway
28,31701,meow
28,43567,clapperboard
28,122984,disregard
28,126290,dividend
27,24655,intersection
27,27612,spacecraft
27,29115,izmir
27,30222,sulfur
27,30939,blackbird
27,31181,storeroom
27,32343,endometriosis
27,33369,oasis
27,42082,humiliation
27,46702,amputation
27,128165,redneck
26,26727,stroboscope
26,29853,fawn
26,30682,baikal
26,33981,integrity
26,38642,patent
26,41548,cufflink
26,117875,egocentric
26,129252,absurd
25,24793,expressway
25,28096,republican
25,29047,backboard
25,30810,aztec
25,31211,viper
25,33667,larva
25,33676,verona
25,40440,neuralgia
25,42483,penalty
25,46841,novice
25,47142,die
25,47564,watchmaker
25,47993,maniac
25,133704,lagoon
24,23743,cavalry
24,28519,pestle
24,29808,jupiter
24,32615,insomniac
24,32774,carefulness
24,44003,armband
24,102966,transvestite
24,126434,inferior
24,133446,succulent
23,22966,herbivore
23,24672,jeep
23,29757,weaver
23,30341,redwood
23,32317,hedonism
23,33977,ohio
23,46004,insert
23,46717,example
23,47108,tramp
23,47386,hoe
23,47556,substitute
23,48032,withdrawal
23,117871,stereotype
23,122998,falsehood
23,123044,hysterics
23,123062,pessimist
23,133815,crab
22,23031,calamity
22,23147,coupe
22,23187,erosion
22,30143,neptune
22,31956,naples
22,33989,noose
22,41409,semester
22,94384,contraception
22,123040,trickster
22,128168,minimum
22,128229,soutane
22,130377,tang
21,26141,mast
21,27470,photocopy
21,27692,wasp
21,29049,dwarfism
21,29236,yachtsman
21,31531,lynx
21,33050,outskirts
21,45621,taste
21,123213,hypocrite
21,129278,tattle
20,26365,luna
20,27983,aves
20,28025,kosher
20,30978,edinburgh
20,31206,gastropod
20,44635,quiff
20,46484,combustion
20,47131,reputation
20,47906,simper
20,128249,untying
20,129897,khadi
19,23461,hayfield
19,25088,kwanzaa
19,26736,adobe
19,29329,photojournalism
19,31989,sonography
19,32188,danube
19,33304,thatch
19,33984,impossible
19,33990,oakland
19,37765,lawsuit
19,40542,dynamite
19,102981,transvestism
19,111712,bureaucrat
19,117966,accusation
19,117982,laryngitis
19,129264,piracy
19,129314,acuity
19,129889,claim
18,30529,defile
18,31645,oaxaca
18,33976,outcast
18,38336,neurologist
18,38351,rhombus
18,38918,dermis
18,39650,fiance
18,41684,frail
18,47497,proverb
18,126261,addition
18,130379,ping
18,130466,lull
17,24440,streetlight
17,28305,aurora
17,28362,charcuterie
17,29600,sequoia
17,29611,comet
17,30372,saturn
17,31264,agate
17,32152,manifesto
17,33099,impersonation
17,33435,rapport
17,33991,faq
17,42539,sociology
17,47836,cobbler
17,110968,spontaneity
17,123064,judiciary
17,126281,tendency
17,128189,voucher
17,129723,divan
16,22224,watercraft
16,23017,canidae
16,26608,hieroglyph
16,27208,agave
16,29657,fender
16,30229,gravitation
16,30629,marseille
16,30819,jay
16,32331,grotto
16,39824,harlequin
16,41310,diopter
16,41635,cot
16,42885,newsreader
16,46566,monotone
16,46790,preview
16,46894,couplet
16,47128,pioneer
16,47966,printer
16,48103,encyclopedia
16,110985,affirmative
16,111081,affectation
16,117872,reluctance
16,117877,fiberglass
16,117902,conclusion
16,122974,internist
16,128269,episode
16,128300,marsala
16,129249,nozzle
16,129267,typist
16,129888,stoic
16,129894,sunni
15,26719,choir
15,27841,boatman
15,28009,acropolis
15,28379,capitol
15,29582,celebrant
15,30787,amnesty
15,32653,mantis
15,33987,upgrade
15,37909,landlord
15,39115,cannula
15,39819,auctioneer
15,39850,diaspora
15,42508,strabismus
15,43128,overview
15,45200,prune
15,46855,discharge
15,94404,forgetfulness
15,109728,twenty-five
15,110991,bibliophile
15,122962,bleakness
15,123003,psychosis
15,126287,paranoid
15,126396,newscast
15,128207,tankard
15,128371,trustee
15,130372,buff
14,25737,decree
14,27083,dystopia
14,27818,trump
14,28552,sunnah
14,28676,alligator
14,28725,louvre
14,29851,vespa
14,31615,poaching
14,38423,constitution
14,39746,duct
14,43931,reimbursement
14,46912,dunk
14,103001,pleasantness
14,110973,provocation
14,117921,enticement
14,123114,enologist
14,126341,frontlet
14,129310,khimar
13,23632,entomology
13,26223,rangefinder
13,29977,grandstand
13,30192,washstand
13,30713,marsupial
13,31360,bristol
13,31824,bassist
13,32406,rosette
13,32957,genus
13,33558,screenwriter
13,33661,fetch
13,33916,rotor
13,33986,charleston
13,39862,testimony
13,39895,garuda
13,40127,keel
13,44699,realization
13,46926,auscultation
13,47197,dig
13,47854,lungi
13,94385,viticulturist
13,117987,conscience
13,126283,scullion
13,128174,barmaid
13,128276,flatbed
13,129271,jurist
12,23806,nike
12,25266,liquidity
12,27027,dashiki
12,28598,bumblebee
12,28863,peafowl
12,29311,marquee
12,30013,roadster
12,30304,sociopath
12,30763,pluto
12,30776,fundraiser
12,31043,sourdough
12,33032,foal
12,33130,microscopy
12,33887,roe
12,37738,dharma
12,39851,medallion
12,41845,genie
12,42346,spokesperson
12,46384,heterosexuality
12,46760,steal
12,76893,spring-cleaning
12,94396,certification
12,110983,nonchalance
12,111050,timekeeping
12,117889,exultation
12,118139,bibliopole
12,122989,foresight
12,123021,privilege
12,123617,botulinus
12,126265,retainer
12,128290,spastic
11,23385,luminescence
11,23673,dodge
11,24701,blacktop
11,29041,serengeti
11,29084,parisienne
11,31052,parish
11,31109,insider
11,31225,socialization
11,33364,baize
11,39223,aunt
11,40347,defendant
11,40816,animism
11,41415,hob
11,44702,guy
11,47991,irrigation
11,110980,chinoiserie
11,117910,refinement
11,118011,goniometer
11,122965,vanishing
11,122978,confidant
11,122980,rastafari
11,128173,nostril
11,128179,payroll
11,129956,pinot
10,23553,orlando
10,24964,corrosion
10,25750,gravestone
10,26604,airship
10,26860,lamppost
10,28198,graves
10,28928,falafel
10,31293,zion
10,32613,androgen
10,32748,swordsmanship
10,32981,vibrator
10,33776,decomposition
10,33958,antarctic
10,37744,psyche
10,38386,dime
10,38438,homophobia
10,40951,heavyweight
10,41518,ark
10,47995,pitchfork
10,48085,weave
10,99964,self-control
10,103058,irritability
10,110998,requirement
10,111033,suppression
10,111107,consignment
10,116832,forty-five
10,117898,wellington
10,117917,saturation
10,117956,repression
10,118042,politeness
10,118072,moderation
10,122992,notepaper
10,122995,appendage
10,123006,violation
10,123060,flashback
10,123278,greenness
10,126390,jetliner
10,128177,striker
10,128196,bustier
10,128361,cutaway
10,130378,scot
9,26090,speedway
9,26173,wildfire
9,27090,azeri
9,27756,plating
9,28866,metamorphosis
9,33671,diffusion
9,33791,crassula
9,37886,meteorologist
9,38162,congregation
9,38913,prosecutor
9,42381,focus
9,42646,creditor
9,42808,osmosis
9,45102,light
9,47997,westernization
9,83447,self-discovery
9,102958,overexposure
9,102974,augmentation
9,110964,abandonment
9,111079,infantilism
9,117895,foreboding
9,117908,sufferance
9,117930,myasthenia
9,118093,promptness
9,118185,forecaster
9,122964,passivity
9,123016,algorithm
9,123130,psychotic
9,123157,moderator
9,123161,moodiness
9,126248,estimate
9,126286,outreach
9,126304,mouthful
9,126379,pacifist
9,128153,glutton
9,128170,chapter
9,128245,laxness
9,129254,aspect
9,129290,ptosis
9,129909,aloha
9,129912,scrum
9,129919,slick
9,129921,piety
9,130417,gilt
9,130434,seer
8,25021,sigma
8,26504,equidae
8,28869,groupie
8,29334,ambiguity
8,30639,waning
8,30761,asteroid
8,31957,wrangler
8,32026,chives
8,32057,smokestack
8,32754,pentecostal
8,33638,adana
8,37756,clarinet
8,37851,pretoria
8,38472,spleen
8,38601,tornado
8,38857,frankenstein
8,39099,horseradish
8,39441,hatbox
8,40243,beneficiary
8,46773,graffito
8,47069,expulsion
8,47559,transformer
8,47830,duffer
8,48014,worshiper
8,86143,classification
8,94427,digestibility
8,102984,interruption
8,110962,fiddlestick
8,110987,acquisition
8,118055,illegality
8,118094,favoritism
8,118117,escalation
8,118709,kingstown
8,121896,two-piece
8,122972,aftermath
8,123034,intuition
8,123068,inability
8,123196,censoring
8,123247,sidelight
8,123249,misgiving
8,126274,hilarity
8,126337,cavalier
8,126459,deceiver
8,126484,growling
8,127185,yucatec
8,128175,annuity
8,128212,holster
8,128925,massif
8,129251,offset
8,129679,rumble
8,129776,aryan
8,129947,spica
8,129969,growl
8,133753,flock
7,26081,gull
7,27953,everglades
7,28078,pleat
7,28759,footrace
7,29361,parthenon
7,29613,bretagne
7,32552,rind
7,33215,cordage
7,33265,barnyard
7,33308,physalis
7,33979,abortion
7,39173,delegating
7,39297,whiplash
7,40638,curator
7,43753,idyll
7,43932,recitation
7,44698,domain
7,45394,quantum
7,46965,cybercafe
7,47089,baby
7,86142,acknowledgment
7,102962,imprisonment
7,102972,dictatorship
7,110963,appeasement
7,110982,originality
7,111054,constrictor
7,117905,incubation
7,117962,litigation
7,118125,ballistics
7,123120,inpatient
7,123245,animosity
7,126271,examiner
7,126276,anorexic
7,126305,epiphany
7,126340,conquest
7,126377,heirloom
7,126581,pretense
7,128228,redskin
7,128428,tinfoil
7,129450,briber
7,129979,width
6,23784,cloudiness
6,29941,chorus
6,30559,wreckage
6,31459,junction
6,32853,bidet
6,32948,jaguar
6,33257,jotter
6,33797,singlestick
6,37786,chlorophyll
6,38289,cerebrum
6,38373,fraternity
6,38879,aorta
6,38923,riddle
6,38965,thumbprint
6,40134,forelock
6,40331,softball
6,40586,paratrooper
6,40974,cuckoo
6,41298,wednesday
6,41615,usher
6,41672,bail
6,41797,treaty
6,41937,cummerbund
6,44068,conscription
6,44099,cousin
6,45011,sponsorship
6,46754,androgyny
6,46893,cedar
6,47735,bonsai
6,48079,penance
6,72257,absentmindedness
6,86101,accountability
6,94401,perfectionist
6,94408,preoccupation
6,102977,exaggeration
6,110999,naturopathy
6,117907,redundancy
6,117996,overstrain
6,118051,outpatient
6,118736,showplace
6,123086,predictor
6,123115,sophomore
6,123197,lubricant
6,123449,frostbite
6,123695,swaggerer
6,126247,flourish
6,126279,harmonic
6,126331,outsider
6,126375,nonsense
6,126380,heliport
6,126511,averting
6,128373,rampage
6,128471,sirloin
6,128472,seducer
6,128669,dentine
6,129258,savior
6,129272,fidget
6,129284,intake
6,129418,trifle
6,129896,stoop
6,129932,troll
6,129933,curio
5,23985,pinnacle
5,25459,ford
5,27526,hummus
5,27711,toyota
5,28726,narrative
5,28963,drake
5,29050,oreo
5,32575,synesthesia
5,37943,fielder
5,38320,bayonet
5,38715,locksmith
5,38870,springboard
5,39131,palate
5,39219,bifocals
5,39247,legislator
5,39970,chutney
5,40104,ventriloquist
5,40311,patriarchy
5,40314,asceticism
5,40447,linoleum
5,41623,sachet
5,41754,shears
5,42205,jejunum
5,42496,lamasery
5,42558,spinster
5,42802,prognosis
5,44052,ether
5,45636,lux
5,45964,born
5,45998,coordinator
5,46420,deformation
5,46459,clubhouse
5,47045,collision
5,47309,ox
5,47499,rainstorm
5,70419,self-destruction
5,94440,fortuneteller
5,94484,passe-partout
5,94488,quadrilateral
5,102965,reminiscence
5,103104,carefreeness
5,110981,malfunction
5,111016,memorabilia
5,111071,incompetent
5,111084,infatuation
5,111670,fatherland
5,117918,initiation
5,117928,flatulence
5,117932,annexation
5,118001,repentance
5,118774,historian
5,122987,reverence
5,123026,extrovert
5,123035,throbbing
5,123045,godfather
5,123047,sulkiness
5,123089,priestess
5,123091,occultism
5,123104,normality
5,126255,tertiary
5,126257,backhand
5,126412,eclectic
5,126415,dullness
5,126448,valkyrie
5,126486,derision
5,126631,hysteric
5,126654,referral
5,128162,luthier
5,128227,bushido
5,128259,enology
5,128398,mummery
5,128701,limbers
5,129281,sexism
5,129313,outage
5,129335,shogun
5,129343,levant
5,129349,virtue
5,129377,grudge
5,129436,pinner
5,129631,hiccup
5,129948,calla
5,129982,agape
5,130002,hunch
5,130233,myope
5,130374,isis
5,130381,pomp
4,24989,cumulus
4,26444,shiv
4,26744,airbus
4,26950,noruz
4,27951,chronograph
4,28428,spoiler
4,28595,pepsi
4,30918,roost
4,31205,prunus
4,31514,guinness
4,32190,bison
4,32267,calico
4,33013,taxis
4,33054,disrepair
4,33561,cactaceae
4,37737,decal
4,37841,shogi
4,37877,idealist
4,37986,wimbledon
4,37991,breastplate
4,38015,coo
4,38027,shallot
4,38039,celibate
4,38095,illiteracy
4,38105,retention
4,38220,spokesperson
4,38356,alcove
4,38666,subordination
4,38716,devaluation
4,38743,brigade
4,38869,atherosclerosis
4,38957,yardstick
4,38982,wicket
4,39272,drawbridge
4,39320,urologist
4,39503,antihistamine
4,40404,cerebellum
4,40575,nephew
4,40678,beatnik
4,40806,replay
4,41034,creatine
4,41308,muskmelon
4,41487,evacuation
4,41814,mother-in-law
4,42691,jacquard
4,43683,colonel
4,44564,genealogy
4,44724,spritz
4,44993,confucius
4,45961,truncheon
4,46958,sphygmomanometer
4,48100,sunglass
4,74916,hunter-gatherer
4,86110,traditionalist
4,86155,fastidiousness
4,94388,improvisation
4,102968,carelessness
4,102982,intervention
4,103047,overexertion
4,103086,heartbreaker
4,103572,ethnologist
4,110974,collectible
4,110976,intolerance
4,111053,materialism
4,111162,discernment
4,111254,conspirator
4,116910,twenty-one
4,117893,exhalation
4,118351,comedienne
4,118410,overcharge
4,118461,neurotoxin
4,122966,vibration
4,122971,resonance
4,122999,inversion
4,123007,patrimony
4,123022,guerrilla
4,123096,centurion
4,123669,bombshell
4,123919,parabola
4,126272,ruminant
4,126298,courtesy
4,126310,monotony
4,126347,neatness
4,126769,bentwood
4,126800,diameter
4,126804,bankroll
4,126944,chloride
4,127203,gentile
4,127213,acadian
4,128186,mafioso
4,128217,impulse
4,128329,joyride
4,128385,crusade
4,128400,keycard
4,128402,shingon
4,128414,diviner
4,128430,screech
4,128576,amerind
4,129306,entree
4,129323,pinata
4,129325,tricot
4,129336,wether
4,129367,malice
4,129384,reflux
4,129473,bidder
4,129529,clamor
4,129777,chine
4,129937,putin
4,129951,harem
4,129987,mogul
4,130063,abort
4,130383,rift
4,130407,rote
4,130409,paul
4,130450,jolt
4,130470,wisp
4,130533,dibs
3,24051,cardinal
3,24820,multistage
3,25351,mallard
3,26095,hilltop
3,27006,housewifery
3,27405,toadstool
3,27690,dior
3,29168,drifting
3,29497,haunch
3,31150,disney
3,32007,tracer
3,32242,scavenger
3,33048,spore
3,37887,palomino
3,38153,canape
3,38154,paperweight
3,38178,penstemon
3,38206,paralegal
3,38236,anglo-saxon
3,38237,sansevieria
3,38274,narcolepsy
3,38369,chenille
3,38444,wigwam
3,38550,fahrenheit
3,38702,patina
3,38846,oscilloscope
3,39056,radar
3,39246,referendum
3,39534,trooper
3,39583,libra
3,39586,admiral
3,40358,pancreatitis
3,40601,compromise
3,40641,lorgnette
3,40978,tanka
3,41262,misinformation
3,41433,straitjacket
3,41466,hi-fi
3,41536,waterline
3,41551,impurity
3,41678,effigy
3,41706,viol
3,41734,drafter
3,41829,bruxism
3,41983,launderette
3,42596,hardback
3,42871,hamper
3,43022,endocrinologist
3,43249,clique
3,43262,malpractice
3,45789,phytotherapy
3,47025,insulator
3,47377,embryo
3,47626,stunner
3,47673,fuse
3,47982,bedspread
3,48047,general
3,94887,ethnographer
3,94890,sino-tibetan
3,94903,totalitarian
3,103024,restaurateur
3,103078,convalescent
3,103084,interception
3,103107,hypnotherapy
3,111019,moneymaking
3,111086,particulate
3,111090,disposition
3,111091,untouchable
3,111110,silversmith
3,111163,telekinesis
3,111171,shakespeare
3,116958,twenty-two
3,117888,velocipede
3,117929,nimbleness
3,117933,homemaking
3,117941,accidental
3,117972,sleepyhead
3,117976,pincushion
3,117989,tarahumara
3,118000,inactivity
3,118017,similarity
3,118071,autodidact
3,118089,devoutness
3,118406,strictness
3,118538,integument
3,123082,tonometer
3,123140,kiswahili
3,123201,carbonara
3,123380,hoariness
3,123465,noisiness
3,123466,hyperbole
3,123474,stanchion
3,126288,airstrip
3,126314,wideness
3,126329,ancestor
3,126411,fluidity
3,126454,disquiet
3,126471,lowlands
3,126494,shipmate
3,126558,squatter
3,126912,baldhead
3,127143,hanover
3,128183,flounce
3,128187,dropout
3,128190,rupture
3,128202,yashmak
3,128219,synergy
3,128240,brittle
3,128278,sabbath
3,128304,urology
3,128317,caprice
3,128356,spotter
3,128449,trilogy
3,128457,placebo
3,128686,halogen
3,129274,ramble
3,129280,breach
3,129359,hitter
3,129365,hurrah
3,129369,shiism
3,129373,slouch
3,129391,quaker
3,129451,virion
3,129466,morale
3,129487,camden
3,129772,rowan
3,129786,hogan
3,129914,bijou
3,129924,chuck
3,129941,jinja
3,129943,tatar
3,129953,idler
3,129972,dacha
3,129984,slush
3,130095,parry
3,130157,indic
3,130229,aglet
3,130395,bout
3,130465,lath
3,130469,bung
3,130547,jamb
2,23059,waterfowl
2,23712,chordate
2,24671,lioness
2,26139,taillight
2,30753,caveat
2,30889,damselfly
2,31432,tesla
2,33093,wigmaker
2,33629,violator
2,33721,primates
2,33961,crassulaceae
2,37723,vaquero
2,37793,notary
2,37896,cress
2,37963,briard
2,38026,bloodhound
2,38093,eggcup
2,38424,zinc
2,38428,catheter
2,38565,skink
2,38648,nephrology
2,38650,millimeter
2,38694,prosecution
2,38707,praline
2,38776,inquest
2,38797,statesman
2,39109,loofah
2,39112,mealworm
2,39175,tonsil
2,39180,v-day
2,39352,decoupage
2,39433,incinerator
2,39568,neurotransmitter
2,39626,cruet
2,39732,gerbil
2,39822,raffle
2,39876,heckling
2,39929,anti-inflammatory
2,39945,sepal
2,40066,sycophant
2,40157,tuff
2,40190,bluff
2,40199,praia
2,40415,zakat
2,40424,matriculation
2,40560,triptych
2,40912,daughter-in-law
2,41116,petard
2,41147,bodhisattva
2,41168,dopamine
2,41437,endodontist
2,41502,haberdashery
2,41579,ringmaster
2,41746,baron
2,41887,antipyretic
2,42117,marshal
2,42150,musketeer
2,42221,deportation
2,42274,offside
2,42333,overbite
2,42678,luau
2,42831,fluoroscopy
2,42856,monologue
2,42889,vesicle
2,43338,delirium
2,43766,sorority
2,43839,fundamentalism
2,44248,talc
2,44331,battalion
2,45073,handloom
2,45356,ampersand
2,46002,shop
2,47717,verbena
2,47728,asphyxia
2,47901,incident
2,47925,scrubber
2,48034,father-in-law
2,48092,sabahan
2,65294,single-mindedness
2,66753,individualization
2,72243,hyperventilation
2,72271,immunodeficiency
2,86124,reconnaissance
2,86125,overpopulation
2,86129,troubleshooter
2,86144,purposefulness
2,86232,disenchantment
2,86461,authoritarian
2,86465,valedictorian
2,94491,subcontractor
2,94612,functionality
2,94857,principality
2,99976,self-starter
2,102049,twenty-three
2,103015,listlessness
2,103020,cabinetmaker
2,103034,decisiveness
2,103064,renunciation
2,103070,decongestant
2,103231,metallurgist
2,108204,self-denial
2,109919,twenty-four
2,111038,roleplaying
2,111057,hypotension
2,111076,hyperacusis
2,111111,phonophobia
2,111152,upholsterer
2,111204,probability
2,111216,penetration
2,111221,credibility
2,111262,philatelist
2,111354,traineeship
2,111472,hatefulness
2,111724,mohammedan
2,117879,syncretism
2,117884,armageddon
2,117945,shoemaking
2,117951,equatorial
2,117988,geneticist
2,118015,absorbency
2,118122,moneymaker
2,118265,transience
2,118372,wrongdoing
2,118387,xenophobia
2,118426,naturopath
2,118438,positivism
2,118531,repertoire
2,118536,neutrality
2,118691,desertion
2,122981,shopfront
2,123039,induction
2,123057,stimulant
2,123065,reenactor
2,123121,stupidity
2,123138,intrusion
2,123144,brokerage
2,123152,pollutant
2,123163,frivolity
2,123276,amblyopia
2,123305,pyrometer
2,123330,clearness
2,123348,absurdity
2,123352,interrupt
2,123355,cheapjack
2,123420,scrimmage
2,123510,commodore
2,123551,abnegator
2,123605,watershed
2,123705,liberator
2,123798,scapegoat
2,126253,intruder
2,126295,suburbia
2,126315,handhold
2,126318,canoeist
2,126361,bosporus
2,126371,ninjutsu
2,126417,sawtooth
2,126424,lethargy
2,126438,fullness
2,126447,windfall
2,126467,huntress
2,126483,timorese
2,126497,minstrel
2,126564,newcomer
2,126580,smugness
2,126582,mixology
2,126588,mediator
2,126607,legality
2,126632,duration
2,126648,traction
2,126668,muenster
2,126719,landlady
2,126720,headwind
2,126934,exorcist
2,126951,slipknot
2,127200,carabao
2,127785,slip-on
2,128215,trapper
2,128233,wetting
2,128251,topknot
2,128388,midterm
2,128427,truffle
2,128475,potherb
2,128491,badness
2,128630,regress
2,128687,guevara
2,128777,epaulet
2,128945,ionian
2,129288,covert
2,129296,twinge
2,129329,oddity
2,129331,poplar
2,129345,saliva
2,129397,mozart
2,129495,musket
2,129506,sequel
2,129525,pedant
2,129557,mohair
2,129564,cudgel
2,129608,ripper
2,129620,casein
2,129641,fumble
2,129918,abbot
2,129936,giver
2,130041,cache
2,130055,groin
2,130134,gloat
2,130154,punic
2,130167,kappa
2,130342,roan
2,130385,poem
2,130391,midi
2,130461,hulk
2,130467,fuzz
2,130512,jury
2,130521,puce
1,22673,felidae
1,24406,finch
1,25218,titmouse
1,25225,wren
1,25324,omnivore
1,27075,rattlesnake
1,27567,frontage
1,27687,chordata
1,30417,oceanography
1,30802,woodcraft
1,30883,newfoundland
1,31037,odometer
1,31389,coffea
1,31423,craspedia
1,31581,jezebel
1,31584,cynicism
1,31635,sandbank
1,32766,kingfisher
1,33642,shoal
1,33955,hutch
1,34027,legalization
1,37780,partridge
1,37818,dormer
1,37870,bacteriologist
1,37874,croquette
1,37897,grader
1,37939,heir
1,37969,offenbach
1,38028,chimera
1,38080,revue
1,38171,delphinium
1,38243,slugger
1,38276,cecum
1,38280,sawhorse
1,38286,trombonist
1,38310,temperance
1,38313,rioja
1,38341,mycology
1,38521,erection
1,38592,sit-in
1,38603,trestle
1,38610,paleontologist
1,38616,bloodstream
1,38758,privet
1,38798,abrasive
1,38969,brother-in-law
1,38973,limonium
1,38975,intaglio
1,38978,figurehead
1,39212,missile
1,39261,puppeteer
1,39372,crinoline
1,39376,sisal
1,39496,postponement
1,39601,gigolo
1,39605,coir
1,39623,endive
1,39659,pegboard
1,39660,duckweed
1,39662,cholera
1,39685,johannesburg
1,39759,sudoku
1,39823,agoraphobia
1,39882,orthoptics
1,39928,exodus
1,39993,traumatology
1,40006,tincture
1,40089,histologist
1,40143,coneflower
1,40158,spectroscopy
1,40173,doe
1,40195,mullet
1,40227,girdle
1,40233,antacid
1,40237,huckleberry
1,40260,pillion
1,40333,mangosteen
1,40394,bobcat
1,40471,platelet
1,40721,durban
1,40831,dionysus
1,40837,orangutan
1,40865,aeration
1,40914,fuck
1,40918,cadet
1,40936,valdez
1,40942,pornography
1,40983,accipitridae
1,41042,sagittarius
1,41136,chromatin
1,41158,indictment
1,41284,hepatitis
1,41429,platoon
1,41527,campaigner
1,41555,silt
1,41556,endodontics
1,41575,gyroscope
1,41588,pacemaker
1,41659,caretaker
1,41738,acetate
1,41806,duke
1,41939,manzanita
1,41972,seder
1,41973,siltstone
1,42091,zhuang
1,42119,whitefish
1,42126,governor
1,42133,caduceus
1,42190,census
1,42326,filovirus
1,42330,asbestos
1,42334,lieutenant
1,42378,pungency
1,42383,bakelite
1,42564,tenor
1,42575,biography
1,42607,audiovisual
1,42667,ageism
1,42738,lipid
1,42783,iou
1,42833,tobacconist
1,42870,jackfruit
1,42896,devanagari
1,43113,temp
1,43257,melatonin
1,43458,racketeering
1,43576,mohican
1,44008,autobiography
1,44054,caparison
1,44483,scourer
1,44553,hotelier
1,45139,zingiberaceae
1,45204,blowtorch
1,45224,warthog
1,45459,menthol
1,45469,suffering
1,45502,bullfighting
1,45530,postbox
1,45758,emmer
1,45781,stripper
1,45838,demobilization
1,46047,jointer
1,46052,polytheism
1,46982,asthma
1,47401,atomizer
1,47819,gandhi
1,48065,nozzle
1,72246,irresponsibility
1,72247,underdevelopment
1,78892,disorganization
1,78906,supplementation
1,86175,transsexualism
1,86209,fortunetelling
1,86211,existentialism
1,94417,pronunciation
1,94451,thermoplastic
1,94472,appropriation
1,94479,perfectionism
1,94481,disconnection
1,94553,thermotherapy
1,94556,mortification
1,94589,ingenuousness
1,94639,rearrangement
1,94662,accreditation
1,94905,austronesian
1,103019,introversion
1,103037,dysmenorrhea
1,103068,simultaneity
1,103079,proportional
1,103091,troublemaker
1,103093,processional
1,103102,conquistador
1,103103,gratefulness
1,103118,avitaminosis
1,103120,malocclusion
1,103127,costermonger
1,103184,overachiever
1,103209,denunciation
1,103339,headmistress
1,103542,whereabouts
1,103580,academician
1,106651,left-hander
1,110382,know-it-all
1,111000,regimentals
1,111009,studentship
1,111039,hymenoptera
1,111069,misbehavior
1,111118,enslavement
1,111132,mesopotamia
1,111148,muscularity
1,111153,probationer
1,111199,blockbuster
1,111234,breadbasket
1,111261,sufficiency
1,111265,opportunist
1,111309,confederate
1,111358,singularity
1,111378,lamentation
1,111476,confederacy
1,113755,half-light
1,115214,ready-made
1,117984,guesthouse
1,118004,surrealist
1,118013,invalidity
1,118016,heatstroke
1,118067,abstinence
1,118069,disclosure
1,118076,immobility
1,118088,misconduct
1,118091,singleness
1,118099,concession
1,118119,songstress
1,118124,colloquium
1,118165,creaminess
1,118183,pretension
1,118191,churchyard
1,118196,negligence
1,118204,priesthood
1,118258,millwright
1,118319,underworld
1,118381,heartthrob
1,118409,planchette
1,118423,sabbatical
1,118430,evangelism
1,118809,samaritan
1,122994,carpetbag
1,123017,radiogram
1,123069,congolese
1,123073,carnivora
1,123123,posterity
1,123124,dependant
1,123141,biosphere
1,123143,dirtiness
1,123149,curbstone
1,123159,magnetism
1,123185,hardening
1,123202,parsimony
1,123214,headstock
1,123221,nosebleed
1,123232,constancy
1,123262,zeitgeist
1,123286,esoterica
1,123292,shoeshine
1,123321,sunstroke
1,123323,mortality
1,123332,scheduler
1,123342,weakening
1,123344,landowner
1,123405,preserver
1,123421,sainthood
1,123434,desperado
1,123436,clamshell
1,123602,authoress
1,123623,secretion
1,123625,probation
1,123630,grievance
1,123665,defaulter
1,123673,tomograph
1,123678,roly-poly
1,123704,nonsmoker
1,123764,overthrow
1,123801,murderess
1,123864,toxicity
1,123918,mazatlan
1,126317,pruritus
1,126323,lateness
1,126342,animalia
1,126354,instinct
1,126384,deadwood
1,126409,colorist
1,126432,allegory
1,126442,scapular
1,126445,futurist
1,126534,enlarger
1,126536,windward
1,126570,poolroom
1,126612,dominion
1,126660,idealism
1,126682,swindler
1,126688,mousepad
1,126709,morphine
1,126713,goatskin
1,126729,barberry
1,126732,superbug
1,126741,naysayer
1,126742,napoleon
1,126768,civility
1,126788,agitator
1,126820,leverage
1,126823,handclap
1,126859,demotion
1,126860,brouhaha
1,126919,muteness
1,126986,eminence
1,126989,confines
1,126991,chambray
1,127004,moonbeam
1,127028,slattern
1,127030,playbill
1,127079,takeover
1,127132,lowland
1,127145,calvary
1,127182,hadrian
1,127260,puritan
1,127673,one-off
1,128277,tabloid
1,128339,fallout
1,128389,hasidim
1,128399,maximum
1,128408,heroism
1,128417,keynote
1,128434,anomaly
1,128447,provost
1,128460,bulimic
1,128520,relaxin
1,128578,undoing
1,128586,egotism
1,128615,rummage
1,128618,hypoxia
1,128620,dilator
1,128639,hatband
1,128667,inkwell
1,128675,arrears
1,128709,warrant
1,128735,fistula
1,128741,coulomb
1,128751,accuser
1,128771,mileage
1,128808,triplet
1,128835,semitic
1,128930,edison
1,128942,frisch
1,128948,simian
1,128972,titian
1,129263,primer
1,129291,sprawl
1,129309,wetter
1,129370,abuser
1,129376,wretch
1,129399,errand
1,129419,platte
1,129441,remark
1,129455,dollop
1,129460,caddie
1,129463,surety
1,129499,gallup
1,129509,relict
1,129513,nelson
1,129520,gadaba
1,129546,gringo
1,129549,tanakh
1,129558,medici
1,129574,resale
1,129595,clinch
1,129625,nutter
1,129634,gander
1,129707,prefab
1,129729,sotho
1,129935,given
1,130003,dryad
1,130004,snuff
1,130007,slash
1,130034,moray
1,130035,creel
1,130038,chasm
1,130093,rivet
1,130112,notch
1,130149,debut
1,130159,elves
1,130171,cynic
1,130185,leper
1,130279,sully
1,130293,ology
1,130296,biter
1,130307,fleer
1,130309,kafir
1,130399,puck
1,130460,scab
1,130508,slag
1,130510,lint
1,130586,smut
1,130603,hoot
1,130604,goad
1,130613,glop
1,130630,tole
