494,2,0,0,0,95,18,0,2,0,0,0,0,0,110,0,0,0,9,0,0,3,3,0,0,0,1,0,1,0,292,0,0,0,3,2,3,4,1,0,0,0,0,23,1,1,0,0,0,0,0,0,3,2,0,2,0,0,0,0,0,0,0,0,0,6,0,0,1268,0,1,0,1059,20,1,0,3,0,7,5,11,37,13,66,656,6,0,3,0,0,0,0,0,0,0,0,187,4,0,0,0,164,0,1,0,0,1,0,0,485,3,1,0,0,0,83,208,0,0,1,0,0,8,0,0,0,0,0
3,0,1,0,1,2,6,0,0,14,52,0,0,0,0,0,6,0,0,1,2,840,0,5,3,0,17,0,74,0,0,10,0,2,26,1,0,0,0,2,2,1,0,0,47,48,7,9,0,1,3,0,2,3,1,15,1,2,0,0,3,1,0,1,3,11,0,101,0,53,0,0,0,1,4,1,0,2,0,6,73,1,4,0,1,62,14,0,8,17,1,0,16,0,0,1,2,0,0,0,0,9,4,0,1,4,1,17,0,4,137,1,0,0,22,1,0,0,0,0,0,0,1,0,0,16,0,1
1,28,3,0,322,2,2,53,59,0,0,106,0,14,4,10,1,0,1,0,0,1,0,53,0,1,3,0,2,34,1,0,0,0,0,0,0,2,0,0,24,3,140,0,1,0,0,0,0,4,0,13,2,0,153,5,207,94,28,7,0,0,0,0,221,39,0,0,0,1,1,0,0,0,0,0,22,0,0,1,3,4,0,0,2,4,0,8,20,4,51,0,8,0,3,0,1,8,0,66,0,0,1,4,0,9,2,0,0,17,0,19,9,501,3,0,1,1,0,170,98,0,0,12,22,134,57,0
0,0,29,3,0,0,4,0,0,0,0,6,14,5,0,0,21,0,0,56,25,3,0,0,108,1,2,144,0,0,0,1,0,71,0,0,0,0,0,7,0,0,0,0,1,1,2,0,1,0,0,0,1,0,0,4,0,5,1,0,0,0,3,54,0,5,0,0,0,0,2,2,0,0,0,11,0,9,0,36,2,2,1,0,0,35,0,2,4,0,0,0,0,26,0,1,0,3,0,2,18,0,0,0,0,0,7,3,5,0,5,1,5,0,0,0,0,10,8,0,0,0,1,0,0,1,1,25
1,1,494,212,0,1,4,0,0,0,0,0,45,1,1,2,0,12,1,9,3,0,0,0,10,68,0,71,0,0,2,0,0,47,0,0,0,0,0,0,0,2,0,0,0,0,0,0,214,3,0,1,191,0,0,0,0,1,0,0,0,0,3,5,0,3,0,0,0,0,25,82,0,0,3,18,932,0,0,0,0,2,0,1,0,3,0,0,1,0,0,0,0,22,0,0,0,0,0,0,8,0,0,229,0,1,273,1,38,3,0,4,6,0,0,0,2,102,18,1,0,6,1,0,0,1,0,30
123,0,2,3,2,62,443,7,0,13,31,0,0,1,346,2,9,0,141,0,2,10,63,1,0,16,12,0,101,3,1,6,18,0,132,52,55,639,641,0,5,0,2,23,2,12,9,0,11,0,9,0,2,333,0,188,1,0,1,4,3,0,0,0,0,22,21,1,28,2,1,3,72,3,74,0,10,71,61,29,5,741,0,11,21,0,18,6,52,18,0,35,39,0,14,0,136,3,49,0,0,0,15,2,0,0,4,4,4,37,83,59,2,0,24,552,131,1,0,0,1,0,88,2,0,7,5,2
0,2,0,0,0,0,0,0,0,53,0,0,0,0,0,0,0,0,1,0,0,0,0,0,0,0,0,0,0,0,0,1,0,0,0,0,0,0,0,0,0,0,0,0,0,0,0,10,0,1,4,0,0,0,0,0,0,0,0,0,51,0,4,0,1,0,0,11,0,0,0,0,0,0,0,1,0,0,0,0,0,0,0,0,0,0,0,0,0,0,0,0,0,0,0,0,0,0,0,0,0,0,0,0,17,3,0,0,0,0,0,0,0,0,0,0,0,0,0,0,0,15,0,0,3,0,0,0
0,19,12,6,17,0,3,1,2,0,2,27,0,15,1,4,0,0,0,0,0,9,0,27,2,0,0,0,0,4,4,0,0,0,0,0,0,0,0,0,2,23,18,0,0,0,3,0,2,8,0,12,4,0,122,1,11,132,0,15,0,0,0,0,100,4,0,0,0,0,0,0,0,0,0,0,25,0,0,0,3,0,5,0,0,25,0,0,0,14,18,0,1,0,0,0,0,0,0,0,0,0,0,9,0,73,1,14,0,0,2,12,0,27,2,0,0,1,3,12,71,0,3,0,3,56,3,0
0,0,0,0,2,0,1,2,0,0,0,0,0,0,1,0,0,0,10,0,2,0,1,0,0,11,1,0,20,0,0,0,163,0,11,17,0,59,38,0,0,0,0,0,0,8,0,0,0,0,2,0,0,14,0,5,0,0,0,2,0,17,0,0,0,0,52,0,0,0,0,1,0,0,0,0,2,0,1,0,0,1,0,0,0,0,4,0,2,2,0,273,5,0,0,5,0,0,1,0,1,0,0,0,0,0,0,0,0,0,0,1,0,0,0,4,2,0,0,1,0,0,0,0,0,0,1,0
0,22,0,0,0,0,0,0,0,0,0,1,0,0,0,2,0,0,0,0,0,0,0,2,0,0,0,0,0,0,0,0,0,0,0,0,0,0,0,0,1,7,1,0,0,0,0,0,0,42,0,13,0,0,3,0,3,1,0,1,0,0,0,0,0,0,0,0,0,0,0,0,0,0,0,0,1,0,0,0,0,0,0,0,0,0,0,0,0,0,2,0,0,0,0,0,0,0,0,0,1,0,0,0,0,6,0,0,1,0,0,0,0,0,0,0,0,0,0,1,3,0,0,0,16,2,0,0
0,2,0,0,0,0,0,0,0,9,22,0,0,0,0,0,0,0,0,1,4,18,0,1,1,0,15,0,2,0,0,5,0,1,6,0,0,0,0,2,1,1,0,0,1,52,1,52,0,1,9,0,0,0,2,2,0,0,0,0,16,7,2,6,0,8,0,44,0,20,0,0,0,0,0,0,0,0,0,0,59,0,1,0,0,2,19,0,0,0,1,0,0,0,1,3,0,0,1,0,1,0,0,0,4,0,0,6,0,0,20,0,0,0,5,0,0,0,0,0,1,20,2,0,1,1,0,0
16,0,31,294,0,6,8,0,1,0,0,13,63,3,29,0,5,46,8,17,36,2,2,0,7,226,0,209,4,0,5,1,0,107,0,1,0,3,2,2,1,0,2,0,0,0,0,0,207,0,0,0,19,6,0,7,0,0,1,0,0,0,8,16,0,12,0,0,2,0,7,182,0,0,2,4,107,19,5,29,1,1,1,1,3,6,0,13,1,15,0,0,9,23,0,0,2,6,0,0,12,0,20,25,0,0,303,7,223,10,1,21,11,1,0,0,10,89,1,0,0,0,2,0,0,0,0,272
0,4,14,23,0,0,0,0,0,2,4,3,1,0,0,0,0,0,0,1,0,5,0,11,4,0,27,0,0,0,0,0,0,0,2,0,0,0,0,0,0,6,0,0,0,0,1,1,7,16,0,7,9,0,21,0,19,0,0,2,2,0,0,0,7,5,0,0,0,0,3,7,0,0,0,0,11,0,0,0,4,0,3,0,0,18,0,0,0,7,14,0,0,0,0,0,0,0,0,0,0,0,0,8,1,50,6,8,0,0,7,6,0,0,0,0,0,25,3,3,37,0,0,0,98,67,0,4
0,0,0,0,0,0,0,0,1,0,1,24,9,14,0,0,51,0,0,13,9,1,0,0,11,0,1,10,0,0,0,45,0,25,1,0,0,0,0,20,0,1,9,0,0,0,1,3,0,0,1,0,0,0,1,0,0,1,2,0,1,0,66,50,0,3,0,1,0,2,0,0,0,0,2,27,1,12,0,58,17,0,3,0,0,32,0,5,0,0,0,0,0,46,0,0,0,5,0,25,2,0,1,0,0,0,1,5,0,0,1,0,16,3,0,0,0,3,1,1,0,1,0,1,0,0,3,0
0,0,0,0,0,0,0,0,1,0,0,12,5,10,0,1,1,0,0,4,1,0,0,0,1,0,0,0,0,0,0,20,0,31,1,0,0,0,0,4,0,0,1,0,0,0,1,0,0,0,0,0,0,0,0,0,0,0,0,0,0,0,49,13,0,0,0,1,0,0,0,0,0,0,0,35,0,2,0,4,1,0,1,0,0,3,0,1,0,0,0,0,0,9,0,0,0,8,0,11,6,0,0,0,0,0,0,0,0,0,0,0,5,1,0,0,0,0,0,0,0,0,0,0,0,0,5,0
15,0,0,1,7,22,927,11,3,67,58,1,0,1,68,0,31,2,246,5,7,30,25,10,0,83,8,1,663,1,3,5,32,0,224,173,66,433,467,3,2,1,5,8,19,18,24,6,5,0,20,0,1,605,0,942,0,0,2,10,11,5,0,1,2,137,60,1,0,36,3,1,11,4,200,0,12,36,37,37,4,636,2,0,1,18,91,1,147,99,2,6,304,0,62,0,55,0,32,0,1,0,61,0,0,0,10,35,8,34,398,90,6,5,202,171,45,3,2,14,0,0,31,1,0,58,1,7
0,0,0,0,0,0,0,0,0,4,0,0,0,0,0,0,0,0,0,0,0,0,0,0,0,0,0,0,0,0,0,2,0,0,0,0,0,0,0,3,0,0,0,0,0,0,0,0,0,7,4,0,0,0,0,0,0,0,0,0,2,72,2,0,0,0,0,0,0,0,0,0,0,0,0,0,0,0,0,0,0,0,0,0,0,0,0,0,0,0,0,0,0,0,0,15,0,0,0,0,0,0,0,0,22,0,0,0,0,0,0,0,0,0,0,0,0,0,0,0,0,24,0,0,1,0,0,0
0,0,0,1,0,0,3,16,0,4,9,0,0,0,0,0,25,0,0,12,3,10,1,14,1,0,12,1,23,1,0,8,0,0,9,4,0,1,5,1,0,0,0,0,1,11,1,0,0,0,1,0,0,4,0,22,2,2,1,63,0,0,0,0,0,6,3,4,0,11,0,0,1,0,1,0,0,8,1,11,0,0,0,0,0,8,9,0,46,2,3,0,4,1,90,0,0,0,2,1,0,0,1,0,0,0,0,3,0,4,20,0,1,2,110,6,0,0,0,8,0,0,0,1,0,27,1,0
0,42,0,0,23,0,2,14,312,0,0,26,0,176,0,53,4,0,2,0,0,0,0,0,0,0,2,0,0,14,0,0,0,1,0,0,0,0,0,0,111,3,89,0,0,0,0,0,0,1,0,31,0,0,16,0,14,21,175,0,0,0,0,0,10,1,0,0,4,0,0,0,1,0,0,0,3,8,0,3,0,1,0,0,3,4,0,494,6,0,2,0,0,0,0,0,0,187,0,17,0,5,0,0,0,7,1,0,0,8,0,0,270,213,1,0,2,1,0,6,8,12,0,3,1,0,125,0
0,0,0,0,0,0,0,0,0,5,0,0,0,0,0,0,0,0,1,0,0,0,0,2,0,8,1,0,5,1,0,0,115,0,0,8,0,0,7,9,0,0,0,0,0,15,0,0,0,1,0,0,0,5,0,10,0,0,0,11,2,129,3,1,0,3,57,1,0,17,0,0,0,0,0,0,0,0,0,0,0,0,0,0,0,0,13,0,3,0,1,13,12,0,2,4,0,0,0,0,0,0,3,0,1,0,0,0,0,0,3,0,0,0,5,0,0,2,0,1,0,0,0,0,2,2,0,4
789,2,0,0,0,62,81,0,0,0,6,0,0,1,486,0,12,0,512,0,0,2,0,0,0,0,1,0,3,0,57,0,0,0,4,1,8,332,36,0,1,0,3,8,19,0,2,0,0,0,0,1,1,24,0,383,0,0,0,0,0,0,0,0,0,172,1,0,891,0,0,0,133,19,15,0,9,3,3,15,3,88,1,2,122,68,0,0,13,8,0,4,27,0,0,0,13,4,0,0,0,25,1,1,0,0,5,0,0,909,0,11,4,0,1,94,4214,2,0,0,0,1,14,0,0,8,0,0
0,0,2,0,0,0,0,0,0,0,1,0,0,0,0,0,0,0,0,1,0,0,0,0,2,0,0,1,0,0,0,0,0,0,0,0,0,0,0,0,0,0,0,0,0,0,0,0,0,0,0,0,2,0,0,1,0,0,0,0,0,0,0,2,0,0,0,0,0,0,1,1,0,0,0,6,0,0,0,0,0,0,1,0,0,0,0,0,0,0,0,0,0,2,0,0,0,0,0,0,1,0,0,0,0,0,0,0,1,0,0,0,1,0,0,2,0,6,9,0,0,0,0,0,0,0,0,0
119,0,5,7,0,39,281,0,0,7,18,8,0,2,24,0,17,0,126,0,0,13,1,0,0,0,8,3,32,0,64,2,0,0,7,2,3,18,1,0,1,2,4,5,38,0,17,0,0,0,8,2,1,16,0,338,0,0,0,0,0,0,0,0,0,441,1,11,65,10,1,0,1,300,42,0,4,1,0,24,10,183,44,1,10,1159,4,0,32,18,0,0,31,0,0,0,7,1,0,3,0,41,3,2,0,2,8,5,0,1422,44,12,1,1,1,5,264,7,0,0,0,0,27,0,0,78,2,0
1,0,0,1,1,1,21,7,4,0,1,1,0,1,1,0,43,0,1,3,0,16,0,2,1,0,14,0,21,2,0,1,0,1,7,0,0,0,3,0,0,0,0,1,5,3,0,2,0,0,1,0,0,0,0,20,0,3,1,4,0,0,0,0,1,74,0,4,0,3,3,1,0,2,15,0,0,51,1,10,4,1,1,0,0,11,0,5,42,7,0,0,16,0,51,0,1,1,0,2,0,2,0,0,0,0,1,4,1,4,28,0,1,3,70,10,1,1,0,1,0,0,8,1,0,129,0,1
0,0,0,0,0,0,0,0,0,0,0,0,0,0,0,0,0,0,0,0,0,0,0,0,0,0,0,0,0,0,0,0,8,0,0,0,0,0,0,0,0,0,0,0,0,4,0,0,0,3,0,0,0,0,0,0,0,0,0,0,2,63,2,0,0,0,4,0,0,4,0,0,0,0,0,0,0,0,0,0,0,0,0,0,0,0,0,0,0,0,0,2,0,0,0,11,0,0,0,0,0,0,0,0,2,0,0,0,0,0,0,0,0,0,0,0,0,1,0,0,0,1,0,0,0,0,0,0
0,0,0,1,1,0,0,1,4,0,0,0,0,1,0,2,1,0,0,0,0,0,2,2,0,0,1,1,0,15,0,0,0,1,0,0,0,0,0,0,4,0,0,0,0,0,0,0,0,0,0,0,0,0,0,0,1,0,1,4,0,0,0,0,0,0,0,0,0,0,0,0,0,0,0,0,0,0,0,0,0,2,0,2,0,0,0,3,0,0,0,0,0,0,0,0,2,2,0,0,0,0,0,0,0,1,0,0,0,0,0,0,3,0,0,1,0,0,0,0,0,0,1,2,0,0,7,0
0,1,4,3,0,0,0,0,0,1,0,0,1,0,0,0,0,0,0,0,0,1,0,0,0,0,7,0,1,0,0,0,0,0,0,0,0,0,0,0,0,5,0,0,0,0,0,0,1,25,0,0,2,0,1,0,1,0,0,3,0,0,0,0,0,2,0,1,0,0,0,2,0,0,0,0,5,0,0,0,0,0,0,0,0,2,0,0,1,0,2,0,0,0,2,0,0,0,0,0,0,0,0,2,0,5,3,0,2,0,1,1,0,0,2,0,0,16,5,1,3,0,0,0,17,8,0,0
2,0,0,0,0,1,6,0,0,0,0,0,0,0,2,0,0,0,0,0,0,0,31,0,0,0,0,0,1,0,12,0,0,0,5,0,0,2,2,0,1,0,0,18,0,0,0,0,1,0,0,1,2,0,0,0,0,0,0,0,0,0,0,0,0,0,0,0,6,0,0,0,4,0,5,0,1,0,1,0,0,18,3,5,7,1,1,0,1,0,0,1,0,0,0,0,31,0,0,0,0,4,0,0,1,0,1,0,4,2,0,0,0,0,0,5,1,0,0,0,0,0,6,0,0,0,1,2
1,0,6,33,4,2,28,7,0,1,3,1,0,0,7,0,0,7,13,3,7,9,0,96,0,74,22,4,285,0,0,5,6,0,68,53,1,2,14,0,0,0,0,0,1,17,0,0,49,0,1,0,9,47,0,117,0,0,1,17,0,2,0,0,1,64,10,1,0,8,5,3,0,0,1,0,33,3,1,18,1,21,0,0,0,3,12,0,46,151,11,1,103,0,119,1,0,0,0,0,0,0,18,3,0,0,14,6,16,6,96,211,0,0,221,21,9,1,0,26,2,0,2,0,0,20,0,12
3,0,2,11,1,22,2,0,0,0,0,20,27,10,2,0,50,4,4,17,165,8,0,0,19,23,1,104,10,0,11,3,0,109,2,2,1,0,1,42,0,1,0,0,0,0,0,0,12,0,0,1,1,5,0,10,0,0,0,0,0,0,15,56,0,93,0,0,1,1,0,64,0,0,18,13,3,26,8,65,2,1,4,0,1,54,1,12,9,27,0,0,44,14,0,3,1,10,0,7,7,0,41,6,0,0,45,22,111,13,0,3,19,1,1,0,9,116,0,0,0,0,1,0,0,10,1,279
0,0,0,0,0,0,1,0,0,0,0,1,1,0,0,0,0,0,1,0,0,0,78,0,0,0,0,0,3,3,0,0,14,0,24,55,0,25,63,1,0,1,0,1,1,0,0,0,2,0,3,0,0,2,0,0,2,0,0,0,0,0,1,0,0,0,1,0,0,0,0,0,0,0,0,0,0,0,0,0,0,14,0,0,0,0,0,0,0,0,0,8,0,0,0,3,9,0,5,0,3,0,0,1,0,0,0,0,2,0,0,0,0,0,0,11,1,0,0,0,0,0,0,0,0,0,0,0
0,0,240,41,0,1,1,0,1,0,0,4,23,3,0,1,7,1,0,112,27,2,0,0,225,7,0,173,3,0,4,0,0,45,0,0,0,0,0,12,0,0,0,0,0,0,1,0,9,0,0,0,11,0,0,3,0,0,0,0,0,0,3,33,0,2,0,0,0,0,7,10,0,0,0,12,5,4,0,21,2,1,0,0,0,19,0,1,1,0,0,0,1,11,0,0,0,7,0,0,58,0,0,6,0,0,45,4,18,0,1,0,1,2,0,0,0,34,19,0,0,0,0,0,0,0,1,54
0,0,0,0,0,0,0,0,0,7,1,2,0,0,0,0,0,0,0,0,2,0,0,0,0,0,0,0,0,0,0,1,0,0,0,0,0,0,0,3,0,0,0,0,0,0,1,2,0,0,1,0,0,0,0,0,0,0,0,0,1,0,0,2,0,0,0,3,0,0,0,0,0,0,0,1,0,0,0,0,1,0,0,0,0,0,0,0,0,0,0,0,0,0,0,1,0,0,0,0,0,0,1,0,2,2,0,0,0,0,0,0,0,0,0,0,0,0,0,0,0,1,0,0,0,1,0,0
0,0,0,0,0,0,0,0,0,21,0,0,0,0,0,0,0,0,0,0,0,0,0,0,0,0,0,0,0,0,0,0,0,0,0,0,0,0,0,3,0,0,0,0,0,0,0,0,0,1,0,0,0,0,0,0,0,0,0,0,33,3,2,0,0,0,0,0,0,0,0,0,0,0,0,1,0,0,0,0,0,0,0,0,0,0,0,0,0,0,0,0,0,0,0,5,0,0,0,0,0,0,0,0,433,0,0,0,0,0,0,0,0,0,0,0,0,0,0,0,0,124,0,0,2,0,0,0
0,1,0,0,9,0,0,21,22,12,0,3,0,0,0,1,3,0,0,0,0,0,0,8,0,0,1,0,1,9,0,168,1,0,0,0,0,0,0,5,8,0,12,0,0,0,0,1,0,0,2,3,0,0,1,0,6,0,3,11,2,0,32,0,0,0,0,0,0,0,0,0,0,0,0,1,0,13,0,3,0,0,0,0,0,0,0,1,0,0,7,0,0,0,13,0,0,4,0,9,0,0,0,0,4,1,0,0,0,0,0,0,5,21,0,0,0,0,0,2,1,4,0,6,0,0,5,0
2,31,0,0,133,2,0,34,20,0,0,3226,0,987,2,3,0,0,1,0,0,1,0,43,0,0,1,0,0,9,4,0,0,0,0,0,0,0,0,1,72,29,455,0,4,0,0,0,0,4,0,70,4,0,54,2,30,831,18,11,0,0,0,0,34,4,0,0,1,0,0,0,0,1,0,0,0,0,0,1,1,0,1,4,0,41,0,14,0,4,19,0,0,0,0,0,0,125,0,3176,1,2,1,1,0,154,1,1,0,9,1,3,97,437,0,0,1,1,1,115,28,0,0,1,2,2,316,0
0,19,8,10,0,0,2,1,0,0,9,2,0,0,0,1,0,0,0,0,0,2,0,14,2,0,11,0,0,0,0,2,0,0,1,0,0,0,0,0,0,22,1,0,2,0,0,0,1,16,0,13,4,0,45,1,11,9,0,14,0,0,0,0,44,1,1,2,0,0,0,2,1,0,0,0,15,0,0,0,1,0,3,0,0,23,0,0,0,9,20,0,1,0,0,0,0,0,0,0,0,1,0,4,0,89,3,18,0,0,1,5,0,0,1,0,0,11,0,0,48,0,2,0,15,33,0,0
4,0,0,1,0,1,14,0,0,1,0,0,0,0,17,0,0,1,10,0,0,0,63,1,0,4,0,0,8,1,0,0,19,0,63,25,0,55,86,0,0,0,0,0,0,2,0,1,0,0,4,0,0,28,0,5,1,0,0,0,0,3,0,0,0,0,2,0,1,0,0,0,1,0,9,0,0,0,5,3,0,72,0,0,0,0,6,0,1,0,0,13,3,0,0,1,20,0,3,0,0,0,2,0,0,0,0,0,2,1,2,1,0,0,1,38,21,0,0,1,0,0,19,0,0,0,0,0
17,0,26,230,0,7,4,0,0,0,0,7,79,0,8,0,1,38,2,2,6,1,0,0,0,58,0,53,0,0,1,1,0,23,1,0,0,0,0,0,0,1,2,0,0,0,0,0,164,0,1,0,37,1,1,2,0,0,0,0,0,0,2,1,0,1,0,0,3,0,21,92,1,0,2,23,93,4,2,12,0,6,0,0,1,1,0,2,0,13,0,0,1,22,0,0,2,4,0,1,8,0,5,10,0,0,101,0,57,4,0,15,8,1,0,0,8,16,4,0,0,0,0,0,0,2,0,19
0,0,0,0,1,0,0,0,3,0,0,13,1,3,0,0,2,0,0,0,3,0,0,1,0,3,0,0,0,0,0,11,0,3,0,0,0,0,0,12,1,0,5,0,0,0,1,0,0,0,0,1,0,0,0,0,0,0,3,0,0,0,16,14,0,5,0,0,0,1,0,0,0,0,0,3,0,2,0,2,0,0,0,0,0,3,0,2,0,0,0,0,0,1,0,4,0,4,0,7,6,0,0,0,0,0,0,0,1,0,0,0,1,3,0,0,0,0,0,0,0,0,0,0,0,2,2,1
1,1,2,1,0,5,6,0,0,1,5,1,2,1,1,0,0,0,0,1,1,3,0,2,0,0,0,0,0,0,100,0,1,0,1,0,0,0,0,0,0,3,1,1,64,11,6,2,0,1,2,1,0,3,0,1,1,0,0,0,0,0,0,1,0,6,2,2,4,5,0,0,1,2,0,0,0,0,1,0,4,1,21,0,4,27,0,0,2,2,1,0,0,0,0,0,0,0,0,0,6,1,0,0,0,2,1,4,0,13,0,0,0,0,1,0,0,0,2,0,0,0,2,0,0,0,0,0
0,0,0,0,1,0,0,0,0,5,9,1,1,0,0,0,0,0,0,2,0,2,0,2,0,0,8,0,0,0,0,0,0,2,0,0,0,0,0,1,0,0,0,0,0,3,4,3,0,1,2,0,0,1,0,0,1,0,0,1,3,0,0,0,0,0,0,21,0,14,0,0,0,0,0,0,0,1,0,0,5,0,0,0,0,3,2,0,2,1,0,0,0,0,5,0,0,0,0,0,0,0,0,0,1,0,0,0,0,0,17,0,0,0,14,0,0,0,3,1,1,0,0,0,0,2,0,0
0,0,0,2,0,0,4,0,0,5,9,0,1,0,1,2,0,0,0,3,4,21,0,0,2,0,2,2,0,0,1,2,0,0,0,0,0,0,0,1,0,6,0,4,53,14,14,4,0,1,8,3,0,1,1,0,0,0,0,0,0,0,0,3,0,1,0,6,0,1,0,0,0,2,0,2,0,0,0,0,100,0,12,0,0,9,0,0,0,0,1,0,0,0,0,1,0,0,0,0,4,0,1,0,0,0,0,15,2,0,2,1,0,0,12,0,0,0,2,0,0,0,0,0,0,3,0,0
0,2,0,0,0,0,0,0,0,0,1,0,0,0,0,0,0,0,0,0,2,2,0,0,0,28,2,0,1,0,0,2,0,0,0,0,0,0,0,6,1,0,0,0,0,3,0,1,0,1,0,0,0,0,0,0,0,0,0,0,0,1,0,0,1,0,4,0,0,3,0,0,0,0,0,0,0,0,0,0,0,0,0,0,0,0,1,0,0,0,0,0,0,0,0,0,0,0,0,0,0,0,31,0,0,2,0,7,1,0,0,0,0,0,0,0,0,0,0,0,1,1,0,0,1,1,0,0
0,21,3,5,0,0,0,0,0,0,0,0,0,0,0,2,0,0,0,0,0,0,0,1,0,0,6,0,0,0,0,0,0,0,0,0,0,0,0,0,0,5,0,0,0,0,1,0,1,7,0,4,1,0,4,0,8,1,0,1,0,0,0,0,16,0,0,0,0,0,1,3,0,0,0,0,3,0,0,0,0,0,0,0,0,5,0,0,0,0,0,0,0,0,0,0,0,0,0,0,0,0,0,1,0,14,2,1,0,0,0,1,0,0,0,0,0,7,0,0,5,0,0,0,55,5,0,0
3,2,0,0,3,2,1,9,5,0,0,74,0,189,0,8,0,0,0,0,0,0,0,22,0,0,0,0,0,7,34,0,0,0,1,0,0,0,0,0,2,47,44,0,0,0,1,0,0,5,1,30,0,1,4,0,9,29,2,3,0,0,0,0,6,7,5,0,8,0,0,0,0,0,0,0,0,0,0,0,1,0,0,0,1,1,0,21,0,0,10,0,0,0,0,0,0,69,1,3,5,0,0,0,0,3,0,0,0,17,0,0,71,8,0,0,4,1,0,4,4,0,0,1,0,0,4,0
0,0,9,50,0,0,0,0,0,0,0,0,0,0,0,0,0,0,0,2,1,0,0,0,7,0,69,2,0,0,0,0,0,0,0,0,0,0,0,0,0,7,0,0,0,0,0,1,15,23,2,0,24,0,0,0,3,0,0,0,1,0,0,0,1,0,0,0,0,0,3,12,0,0,0,0,10,0,0,0,0,0,0,0,0,0,0,0,0,0,0,0,0,0,0,0,0,0,0,0,0,0,0,13,1,5,6,0,0,0,0,0,0,0,0,0,0,36,4,0,0,0,2,0,188,5,0,1
0,1,0,0,0,1,0,0,0,4,28,1,1,0,0,0,1,0,0,0,1,160,0,3,2,0,8,1,11,0,0,4,0,4,13,0,0,0,0,1,0,1,0,0,6,29,2,24,0,0,4,1,1,2,1,0,3,0,0,0,3,3,0,2,1,5,0,170,0,21,1,0,0,0,1,0,0,0,0,0,34,0,5,0,0,11,7,0,0,0,2,0,12,2,1,1,0,0,0,0,0,0,0,0,2,4,0,10,0,0,62,0,0,0,8,0,0,0,1,0,2,6,6,0,0,4,0,0
3,0,14,2,70,2,0,81,7,0,0,2,0,4,3,0,5,0,5,0,0,0,0,21,0,0,5,0,8,43,2,0,0,0,2,0,0,17,0,0,1,2,1,0,0,0,0,0,3,4,0,0,7,1,0,2,15,9,3,300,0,0,0,0,5,86,1,0,1,0,0,1,0,0,2,0,26,2,1,4,0,2,1,0,0,1,0,0,99,8,49,4,7,0,21,0,3,2,0,1,0,0,0,4,0,3,1,0,0,8,1,15,8,12,26,0,11,26,1,39,5,0,1,8,1,166,7,1
73,0,1,3,1,66,679,2,0,7,65,3,1,1,88,3,27,0,241,1,0,12,5,0,0,10,11,0,170,0,18,3,9,0,87,47,63,621,208,0,3,1,4,19,52,19,43,5,6,0,10,0,4,183,0,379,1,0,3,1,0,1,0,0,2,85,6,2,7,12,1,0,26,73,101,0,3,20,12,33,7,734,5,5,7,65,23,1,34,16,0,14,103,0,5,0,80,4,7,1,1,4,11,2,0,0,2,2,2,59,139,35,2,3,33,112,101,2,0,2,0,0,34,0,0,17,2,1
0,0,0,0,3,7,88,1,0,12,140,2,2,0,1,2,14,0,1,3,6,59,3,9,2,1,11,3,132,0,1,15,3,0,61,27,0,1,10,3,0,1,1,4,200,34,61,6,1,5,8,0,0,48,2,297,0,1,1,0,6,9,0,0,1,49,10,12,2,56,2,3,3,0,54,0,2,3,10,0,13,6,3,0,3,38,80,0,9,20,1,0,45,0,10,0,4,0,1,0,0,0,15,0,0,2,0,62,0,4,259,8,0,2,97,36,0,1,0,0,1,0,3,0,0,40,1,4
0,2,0,0,5,0,13,29,14,2,8,2,0,3,0,4,69,0,0,1,7,8,0,4,2,0,8,1,8,2,0,47,1,0,6,2,0,1,0,2,6,0,9,0,0,9,1,2,0,0,6,0,0,2,0,22,2,0,2,38,1,2,2,0,0,4,4,2,0,1,0,0,0,1,1,0,0,65,2,20,7,2,0,0,0,4,5,0,23,1,1,0,4,6,46,0,0,0,0,0,0,0,1,0,0,0,0,4,0,0,40,0,11,23,13,0,1,1,0,8,2,0,2,1,0,28,15,0
10,28,6,2,121,7,6,125,357,0,0,22,0,28,7,25,7,0,0,0,0,0,0,9,0,0,2,0,1,94,3,0,0,0,0,1,0,3,0,0,57,8,120,0,0,0,0,0,0,0,0,4,2,0,39,2,90,14,86,50,0,0,0,0,63,7,0,0,0,0,0,0,0,0,3,0,14,12,0,5,1,1,1,0,0,0,0,50,63,3,17,0,1,0,1,0,1,20,0,131,0,0,0,5,0,0,0,1,0,2,2,2,106,527,6,2,2,5,0,64,32,0,1,34,4,36,150,0
1,2,0,5,1,13,96,0,1,9,41,1,0,0,2,0,24,0,6,1,0,244,0,1,8,0,13,2,87,0,11,3,0,1,28,0,3,0,1,0,0,0,4,5,85,13,15,4,0,0,14,3,0,9,0,77,0,4,0,0,1,0,0,1,2,28,0,16,1,21,1,0,2,5,17,3,1,2,1,24,28,24,30,0,9,280,6,0,3,23,0,1,28,0,1,0,2,0,0,3,0,44,1,0,0,9,4,13,1,19,66,3,0,1,11,6,2,4,2,0,0,0,12,0,0,20,0,0
0,0,0,1,0,3,29,0,4,0,4,19,11,3,0,0,22,0,1,49,36,0,0,1,14,3,0,7,0,0,1,4,0,27,2,0,0,0,0,32,0,0,6,0,22,0,14,1,1,0,0,0,2,0,0,6,0,1,1,0,0,0,3,25,0,0,0,1,1,0,8,0,0,6,1,23,1,2,0,82,6,18,14,0,1,29,0,1,0,0,0,0,0,48,3,3,0,4,0,19,69,0,0,0,0,1,0,3,3,1,0,0,12,1,17,0,0,0,34,2,0,0,2,0,0,0,8,0
0,0,5,6,0,0,6,0,1,0,0,4,53,0,0,1,3,2,0,101,127,0,0,0,138,2,1,95,0,0,0,0,0,30,1,0,0,0,0,20,0,0,2,0,9,1,2,1,4,0,0,0,3,0,0,0,0,0,0,0,0,0,2,56,0,2,0,0,1,0,19,0,0,1,1,16,1,3,0,39,1,0,0,0,1,5,0,0,0,0,0,0,0,43,2,0,0,1,0,0,98,0,0,2,0,0,4,0,21,1,0,0,11,0,0,0,0,20,76,0,0,0,0,0,0,0,1,11
0,0,0,0,0,0,2,0,0,0,0,1,1,0,0,0,0,0,0,0,1,1,0,0,0,61,0,0,1,1,2,0,0,0,1,0,0,0,0,1,0,0,1,0,0,1,0,0,0,0,0,5,0,0,1,1,0,0,0,0,0,0,0,2,0,1,0,0,0,1,0,1,0,0,0,0,3,0,0,1,1,1,0,0,0,0,0,0,0,0,0,0,3,0,0,0,0,0,0,0,0,0,98,1,0,1,0,11,4,1,0,8,0,1,0,2,0,0,0,0,0,0,0,0,0,4,0,1
1,0,0,0,13,0,128,5,3,89,22,1,0,0,4,2,18,0,4,0,28,39,11,11,1,11,12,3,217,1,0,3,91,0,84,65,0,6,53,9,0,0,0,0,9,43,17,1,0,0,12,0,0,200,0,466,0,0,0,14,27,56,0,1,2,116,76,4,0,133,0,2,2,0,28,0,2,9,8,6,1,22,2,0,0,3,175,0,67,19,4,0,179,0,17,2,1,0,4,0,0,0,26,0,0,1,0,32,4,1,262,18,2,4,70,47,0,2,0,6,1,1,2,0,0,80,4,11
0,0,2,0,0,1,1,0,2,0,1,7,1,2,0,0,1,0,0,0,0,2,0,0,2,19,0,0,1,0,0,1,0,1,0,1,0,0,3,4,3,0,0,0,0,0,0,0,1,0,0,0,1,0,0,4,0,0,0,0,0,0,2,1,0,0,0,0,0,0,0,1,0,0,2,1,2,0,0,1,0,0,0,0,1,0,0,1,0,0,0,1,1,0,0,3,1,1,0,1,1,0,1,0,0,0,0,0,5,0,0,0,2,0,0,0,0,2,0,0,0,0,0,0,0,0,0,6
20,0,1,0,0,24,162,0,0,0,0,0,0,0,12,0,0,0,17,0,0,5,16,0,0,0,0,0,1,0,1756,0,1,0,5,0,0,0,1,0,1,0,0,8,0,0,2,0,0,0,0,0,2,2,0,5,0,0,0,0,0,0,0,0,0,1,0,0,419,0,1,0,29,5,5,0,0,3,0,5,7,137,23,23,167,4,0,3,0,0,0,0,2,0,0,0,44,0,9,0,2,67,0,2,0,0,4,0,0,257,0,0,1,0,0,16,12,0,0,0,0,0,26,0,0,0,0,0
0,2,0,6,0,1,6,0,0,0,13,1,2,0,1,0,0,0,0,0,2,1,0,0,0,26,3,5,2,0,0,2,0,0,0,0,0,0,0,0,0,0,0,0,6,0,5,2,6,0,0,9,1,0,7,7,1,1,0,0,2,0,0,0,1,1,0,0,0,0,1,11,0,0,0,1,19,0,0,0,3,2,6,0,0,2,0,1,0,17,0,0,1,0,0,0,0,0,0,0,0,0,20,3,0,2,1,73,6,0,17,49,0,0,1,0,0,1,2,0,1,0,3,0,0,5,0,4
0,0,5,1,0,0,0,0,0,0,0,0,1,0,0,0,0,6,0,0,1,0,1,0,1,2,0,4,2,0,0,0,0,0,0,0,0,0,0,1,0,0,0,0,1,0,0,0,5,0,0,0,5,0,0,0,0,1,0,0,0,0,0,1,0,0,0,0,0,0,2,10,0,0,0,0,3,0,0,0,0,2,0,0,0,0,0,0,0,3,0,0,0,0,0,0,0,1,0,0,4,0,0,4,0,0,2,0,2,0,0,3,0,0,0,0,0,2,1,0,0,0,0,0,0,0,0,2
0,0,2,0,7,0,8,3,0,11,0,0,0,0,0,0,4,0,40,0,15,5,5,17,0,208,4,0,149,2,0,2,311,0,23,92,1,56,92,15,0,1,0,0,0,40,0,1,0,1,3,0,0,149,0,68,1,0,0,29,0,54,0,2,0,30,263,1,0,9,0,0,0,0,0,0,0,0,5,0,0,6,0,0,0,1,84,0,35,4,6,151,89,0,3,0,0,1,5,0,1,0,19,0,1,0,0,2,1,0,52,5,2,2,9,7,8,1,0,15,2,0,1,0,0,11,7,1
0,0,0,0,0,0,0,0,0,0,0,0,0,0,0,0,0,0,0,0,0,0,2,0,0,0,0,0,1,1,0,0,55,0,1,9,0,16,10,1,0,0,0,0,0,2,0,0,0,1,0,0,0,1,0,0,0,0,0,0,0,2,0,0,0,0,2,0,0,0,0,0,0,0,0,0,0,0,0,0,0,0,0,0,0,0,0,0,0,0,0,13,0,0,0,2,0,0,0,0,2,0,0,0,0,0,0,0,1,1,0,0,0,0,0,0,1,0,0,0,0,0,0,0,0,0,0,0
0,0,0,0,0,0,0,0,0,0,0,0,0,0,0,0,0,0,0,0,0,0,0,0,0,1,0,0,2,0,0,0,55,0,0,0,0,0,2,0,0,1,0,0,0,4,0,1,0,0,0,0,0,0,0,0,0,0,0,0,0,31,0,0,0,0,9,0,0,1,0,0,0,0,0,0,0,0,0,0,0,1,0,0,0,0,2,0,0,0,0,29,3,0,0,5,0,0,0,0,1,0,0,0,0,0,0,0,0,0,0,0,0,0,0,0,0,0,0,0,0,0,0,0,0,0,0,0
0,0,1,0,1,0,0,0,0,0,6,5,7,5,0,0,12,0,0,18,6,2,0,0,26,1,1,26,0,0,0,5,0,69,0,0,0,0,0,16,0,0,0,0,1,0,0,0,0,0,0,0,0,0,0,0,0,0,2,0,0,0,6,56,0,0,0,1,0,0,0,0,0,0,1,18,0,8,0,31,3,0,2,0,0,15,0,1,0,0,0,0,0,37,1,1,0,6,0,5,14,0,0,0,0,0,0,1,0,0,0,0,2,0,1,0,0,3,5,0,0,0,0,1,0,0,1,2
0,9,1,0,2,0,0,10,4,0,0,42,0,26,0,6,0,0,0,0,0,0,0,28,0,0,0,0,0,3,0,0,0,0,0,0,0,0,0,0,3,53,101,0,0,0,0,0,0,7,0,15,0,0,132,0,20,42,4,2,0,0,0,0,17,0,0,0,1,0,0,0,0,0,0,0,1,0,0,0,2,0,1,0,0,3,0,2,0,1,46,0,1,0,0,0,0,7,0,2,0,0,0,1,0,46,0,0,0,0,0,2,1,11,0,0,0,4,0,7,8,0,0,0,5,1,3,0
0,0,8,38,0,0,9,0,0,6,22,0,1,0,0,0,0,6,2,1,8,9,0,17,0,133,37,4,29,0,0,1,1,2,13,0,0,0,0,1,0,0,0,0,2,10,4,8,26,3,4,1,0,1,2,24,2,0,0,0,4,3,0,0,0,9,4,15,0,5,4,7,0,1,0,0,35,0,0,0,1,1,0,0,0,1,3,0,1,56,0,1,8,0,1,1,0,0,0,0,2,0,46,1,0,8,17,125,16,0,72,66,0,0,14,0,1,6,0,0,5,0,0,0,4,8,0,13
0,0,0,0,4,0,3,1,0,27,60,2,0,0,3,0,0,0,0,1,5,75,0,8,0,1,5,1,94,1,0,6,0,3,51,11,0,0,2,3,0,0,0,0,9,70,9,16,0,3,10,0,0,10,2,61,2,3,0,0,11,13,1,3,4,29,2,31,0,65,0,0,0,0,7,0,0,1,7,0,5,0,0,0,0,11,43,0,5,6,7,0,8,0,2,1,0,0,0,0,0,0,1,0,1,4,0,37,4,2,120,1,0,0,38,9,0,1,0,2,0,0,0,0,0,30,0,0
61,0,1,0,0,35,142,3,2,5,10,2,0,0,88,0,1,0,13,1,0,0,43,0,0,0,3,0,2,2,24,0,3,0,26,1,5,18,15,0,2,0,1,113,0,3,19,1,0,0,3,0,0,35,0,24,0,0,0,0,1,1,0,0,0,2,0,0,127,0,0,0,238,8,19,0,1,21,32,4,3,417,0,107,54,0,0,3,3,5,0,0,6,0,7,0,175,0,6,0,0,6,1,3,0,0,2,0,0,30,17,12,0,1,5,192,33,0,0,0,0,0,266,0,0,0,1,0
3,31,1,2,7,2,7,2,19,0,0,15,0,71,0,21,3,0,2,2,0,0,0,0,1,0,0,0,0,9,13,0,0,0,0,0,0,0,0,0,58,13,25,1,0,0,1,0,0,0,0,86,1,0,0,0,7,23,10,12,0,0,0,0,1,0,0,0,0,0,0,0,0,0,0,0,1,1,0,0,1,1,2,7,0,2,0,229,2,0,1,0,1,0,0,0,3,563,0,1,0,1,1,5,0,6,2,0,0,1,0,0,44,98,0,0,2,0,0,2,3,0,3,2,0,3,155,2
0,3,0,0,0,0,1,0,1,0,0,2,0,2,0,0,1,0,0,0,0,1,0,0,0,0,0,0,1,1,0,0,0,0,1,0,0,0,1,0,1,0,0,0,0,0,0,0,0,1,0,11,0,0,0,0,0,0,0,0,0,0,0,0,2,1,0,0,0,0,0,0,0,0,0,0,0,0,0,0,1,0,0,0,0,1,0,2,0,0,0,0,0,0,0,0,0,1,0,1,0,0,0,0,0,1,0,0,0,1,0,0,0,0,0,0,1,0,0,0,0,0,0,0,1,0,0,0
1,1,30,10,12,0,0,8,0,0,8,2,0,0,0,0,0,0,0,3,0,2,0,57,7,0,12,2,1,2,0,0,0,0,2,1,0,0,0,0,0,6,0,0,1,3,0,0,4,19,0,0,5,2,2,1,16,2,0,20,0,0,0,0,8,47,0,5,0,5,2,1,0,0,1,0,29,0,0,1,0,0,0,0,0,13,1,0,13,13,57,0,1,0,9,0,0,0,0,0,0,0,1,10,0,34,7,0,0,5,8,15,1,0,16,0,2,31,3,17,23,0,0,0,20,125,0,0
0,0,0,2,0,2,2,0,5,0,6,207,10,6,0,2,47,1,0,21,54,21,0,0,45,4,1,80,6,0,0,8,0,72,2,0,0,0,0,29,0,0,2,0,1,0,0,0,2,0,3,1,0,0,1,5,0,0,1,0,0,0,26,102,0,30,0,3,0,2,0,5,0,0,2,11,2,23,0,79,2,0,1,0,0,59,0,7,3,3,0,0,11,31,0,0,0,6,0,9,25,0,4,2,0,0,1,6,4,2,8,0,9,4,1,0,0,28,5,0,0,0,3,0,0,4,4,33
0,0,0,0,0,0,0,0,0,13,18,0,0,0,0,0,0,0,0,1,1,4,0,1,0,0,5,1,0,0,0,7,0,0,0,0,0,0,0,1,0,1,0,0,1,6,1,14,0,0,2,2,0,0,0,0,0,0,0,0,10,3,0,1,0,1,0,80,0,8,0,0,0,0,0,0,0,0,1,0,14,0,0,0,0,1,1,0,0,0,0,0,0,1,0,2,0,0,0,0,0,4,0,0,1,3,0,5,0,0,14,0,0,0,0,0,0,0,0,0,1,3,0,0,1,2,0,0
42,0,2,1,1,11,145,2,1,3,3,0,0,1,145,0,0,1,32,0,0,1,111,0,0,15,4,0,54,0,1,0,13,0,188,25,5,188,163,1,3,4,0,22,0,9,1,0,2,0,2,0,1,77,0,35,2,0,2,0,0,0,0,0,0,4,18,0,5,1,0,0,47,3,14,0,4,9,18,9,1,420,1,1,3,0,15,0,5,24,0,15,15,0,4,1,165,0,47,0,1,0,5,0,0,0,1,0,3,20,28,13,3,0,2,367,65,0,0,5,0,0,160,0,0,0,2,1
0,0,183,11,0,2,1,0,0,0,0,0,21,1,1,0,0,4,0,29,25,0,0,0,36,3,0,6,0,0,13,0,0,10,0,0,0,0,0,4,0,0,0,0,0,0,0,0,1,0,0,0,6,0,0,1,0,0,0,0,0,0,2,13,0,3,2,0,2,0,8,9,0,0,0,9,28,0,0,1,1,2,1,0,1,4,0,0,0,0,0,0,1,3,0,2,0,1,0,0,68,0,0,69,0,0,50,0,7,5,0,0,0,0,1,0,1,60,50,0,0,0,0,0,0,0,0,7
2,0,10,19,10,19,91,6,0,0,4,4,2,0,9,0,3,3,4,0,0,8,6,13,0,28,13,1,117,0,1,9,8,0,87,14,0,0,6,0,0,0,2,0,1,2,5,0,10,0,1,0,7,19,1,68,2,11,1,1,0,1,0,0,1,7,2,0,0,0,7,5,2,0,4,2,31,0,0,10,0,133,0,0,1,0,2,0,10,197,2,1,20,0,27,0,34,0,2,0,0,0,17,9,0,1,2,11,1,7,90,182,0,2,107,10,0,1,0,8,2,0,24,0,0,17,1,0
0,2,0,0,0,0,0,0,0,0,10,0,0,0,0,0,0,0,0,0,4,3,0,0,0,0,2,0,2,0,0,6,0,0,0,2,0,0,0,2,0,0,1,0,2,6,0,2,0,0,2,1,0,0,4,3,0,2,0,0,1,0,0,0,1,1,0,18,0,1,0,0,0,0,0,1,0,0,0,0,0,0,0,0,0,4,1,0,1,1,1,0,1,0,0,0,0,0,0,0,0,0,17,0,0,1,0,29,1,0,5,0,0,0,0,0,0,1,0,0,2,0,1,0,0,13,0,2
2,0,0,0,0,1,1,2,0,0,0,2,0,0,1,0,1,0,0,1,0,2,0,3,3,0,0,1,2,0,0,0,0,0,4,0,0,0,0,0,0,0,0,0,1,4,0,0,2,1,0,0,0,0,0,1,0,0,0,39,0,0,0,0,0,1,0,0,0,0,0,0,0,0,0,0,0,5,0,5,0,3,0,0,0,0,0,0,3,3,1,0,3,0,46,0,0,0,0,0,0,0,0,0,0,0,0,0,0,0,4,1,0,0,11,0,2,0,3,0,0,0,0,0,0,2,0,0
3,0,2,3,21,7,246,15,5,33,10,1,2,1,32,0,22,0,223,0,20,4,50,15,0,370,9,3,491,2,1,1,174,0,155,204,7,426,569,11,2,0,1,0,1,31,7,3,1,2,11,0,0,504,0,341,5,2,2,56,5,10,0,0,1,107,206,0,0,35,2,1,0,0,27,0,13,14,25,32,0,157,2,0,0,2,70,0,214,32,4,93,477,0,60,2,10,2,26,0,0,0,59,1,0,0,5,9,6,7,177,47,3,1,39,65,41,0,0,20,0,0,3,1,0,50,12,5
0,1,1,0,0,0,1,0,6,0,0,30,16,7,0,0,14,0,0,0,72,2,0,0,15,39,0,3,0,0,0,1,1,12,2,0,0,1,0,53,1,0,2,0,0,1,0,0,0,0,1,5,0,0,0,1,0,0,1,2,0,0,16,42,2,15,0,0,0,2,0,1,0,1,1,2,0,5,0,16,0,0,0,0,0,11,0,9,2,6,0,0,7,3,0,5,0,11,0,9,3,0,16,0,0,0,0,8,26,1,4,0,11,6,0,0,8,9,1,0,0,0,1,0,0,6,18,23
0,1,6,13,0,2,3,0,0,0,0,0,21,1,0,0,0,20,0,0,3,1,1,0,0,11,0,2,0,0,0,0,0,0,0,1,0,0,0,0,0,1,1,0,0,0,0,0,9,0,0,0,6,0,0,0,2,2,0,0,0,0,1,0,1,1,0,0,0,0,2,22,0,0,1,4,9,0,0,2,0,5,0,0,0,0,0,0,0,0,0,0,0,1,0,0,2,0,0,0,5,0,2,8,0,0,1,0,29,0,0,5,0,0,0,0,1,0,0,0,0,0,1,0,0,0,1,2
0,43,5,3,1,1,3,3,2,0,1,14,0,4,0,7,0,0,0,0,0,0,0,40,0,0,1,0,0,0,3,0,0,0,0,0,0,0,0,0,2,82,6,0,8,0,3,0,0,14,0,68,0,0,78,0,14,175,1,4,0,0,0,0,35,0,0,0,0,0,0,5,0,0,0,0,30,0,0,0,0,1,1,0,1,2,0,6,0,0,36,0,0,1,0,0,0,3,0,1,0,1,1,3,0,36,1,9,0,0,0,0,0,37,0,0,0,1,1,6,40,0,0,0,7,11,4,0
13,0,8,46,1,10,3,0,1,0,0,29,33,7,18,1,4,26,15,0,49,1,0,0,2,662,0,25,3,0,2,4,0,17,1,4,1,45,0,11,5,0,1,0,0,0,0,0,21,0,1,0,0,7,0,3,0,0,2,0,0,0,2,14,0,23,1,0,1,0,1,32,0,0,9,6,51,6,5,18,0,4,0,0,2,5,0,16,8,14,0,5,13,4,0,0,3,27,0,4,11,0,47,22,0,0,7,3,180,8,0,4,13,5,0,0,27,21,0,0,0,0,0,0,0,5,3,162
0,0,0,0,0,0,0,0,0,27,2,0,0,0,0,0,0,0,0,0,2,0,0,0,0,0,6,0,0,0,0,5,0,1,0,0,0,0,0,2,0,0,0,0,0,5,2,76,0,1,4,0,0,0,0,0,1,0,0,0,71,3,3,1,0,1,0,14,0,1,0,0,0,0,0,1,0,0,0,0,32,0,0,0,0,2,7,0,0,0,2,0,0,0,0,3,0,0,0,0,0,0,0,0,24,1,0,0,0,0,0,0,0,0,0,0,0,0,0,0,0,31,0,0,1,1,0,0
0,1,0,1,0,0,0,0,0,5,8,1,1,0,0,0,1,0,0,1,0,1,0,0,1,0,0,0,0,0,0,2,2,0,0,0,0,0,0,0,0,6,0,0,6,1,5,3,0,3,1,1,0,0,2,0,0,0,0,0,1,5,0,0,0,0,2,9,0,0,0,0,0,0,0,0,0,0,0,0,5,0,2,0,0,4,0,0,0,1,0,1,0,0,0,9,0,0,0,0,2,0,0,0,0,0,0,1,0,0,0,0,0,0,0,0,0,0,0,0,0,0,0,0,1,0,0,0
0,6,33,6,35,1,3,0,0,1,8,12,0,0,0,1,0,0,0,1,0,12,0,76,3,0,16,1,2,1,3,1,0,0,5,0,0,0,0,1,4,22,1,1,5,0,1,1,8,29,1,3,9,1,26,2,17,38,0,18,0,0,0,0,83,29,0,2,0,12,0,2,0,0,1,0,56,0,0,0,2,1,1,0,0,56,0,0,2,31,96,0,1,0,2,0,0,0,0,0,0,0,2,17,0,64,6,8,0,2,18,34,2,0,14,0,1,19,4,13,102,0,1,0,32,232,0,0
0,13,10,1,133,8,3,14,3,0,0,44,0,3,0,0,0,0,0,1,1,11,0,92,1,1,1,0,3,5,6,0,0,0,3,0,0,0,0,0,10,17,45,0,1,1,1,0,0,12,0,0,1,2,139,7,26,107,3,3,0,0,0,0,155,68,0,0,0,13,0,0,0,0,3,0,21,0,0,0,6,0,1,0,0,40,0,1,11,33,67,0,13,0,1,0,0,1,0,3,0,1,0,6,0,23,4,5,0,9,6,36,1,41,22,0,0,17,1,84,112,0,1,5,18,314,2,0
0,0,0,2,1,6,13,0,0,1,7,7,0,0,1,1,10,6,2,1,0,13,0,0,0,15,8,0,11,0,2,8,0,0,7,2,1,0,1,0,0,0,3,0,8,0,4,0,1,0,0,0,2,2,1,29,0,1,0,0,1,0,0,1,0,20,0,4,1,3,0,2,4,0,32,0,8,0,0,0,1,5,2,0,1,15,0,0,0,21,0,0,10,0,0,0,0,0,0,11,0,10,34,0,0,0,2,31,7,7,7,61,0,1,1,10,2,5,0,0,0,0,1,0,0,21,0,1
2,0,1,0,1,22,516,3,1,19,89,2,0,0,8,3,12,0,39,4,0,37,0,6,0,6,8,0,155,2,3,1,3,2,79,15,19,34,32,0,0,0,3,8,109,10,47,4,1,0,16,1,3,83,4,491,0,1,0,1,1,3,0,0,4,107,9,0,3,33,4,1,19,2,58,0,2,2,5,4,6,197,25,1,4,131,70,0,19,25,1,0,58,0,3,0,12,0,2,0,0,2,8,0,0,1,4,18,0,20,204,16,1,3,65,74,5,0,1,2,1,0,20,0,0,42,0,0
19,0,0,1,0,8,39,0,0,2,0,0,0,0,35,0,0,0,8,0,0,0,80,0,0,0,0,0,5,2,1,0,3,0,40,6,1,12,8,0,1,0,0,55,0,1,0,0,0,0,24,0,0,10,0,0,0,0,0,0,0,1,0,0,0,0,0,0,11,5,0,1,8,0,6,0,0,0,4,0,0,194,0,7,3,0,0,0,0,1,0,0,0,0,0,0,143,0,1,0,0,2,0,0,0,0,2,0,2,4,0,1,0,0,0,18,15,0,0,0,0,0,139,0,0,0,0,0
133,0,2,1,0,156,138,0,0,6,5,2,0,1,181,1,2,0,53,0,0,4,3,0,0,1,2,0,26,0,31,0,0,0,21,4,7,76,41,0,0,0,2,113,15,11,93,0,0,0,5,0,4,30,0,52,0,0,3,1,0,0,0,0,0,3,0,0,205,0,1,1,98,328,67,0,3,16,11,13,4,295,4,221,121,7,3,4,8,7,0,0,7,0,3,0,329,1,3,0,0,23,2,3,0,0,2,0,0,38,25,12,7,0,5,147,92,0,0,0,0,0,100,0,0,6,1,0
0,0,1,0,10,0,0,37,6,0,0,1,0,2,0,1,0,0,0,0,0,0,3,1,0,0,0,0,1,65,0,0,0,0,0,0,0,0,0,0,23,7,0,1,0,0,0,0,0,0,0,0,0,0,0,0,9,0,7,6,0,0,0,0,1,1,0,0,0,0,0,0,0,0,0,0,1,1,0,0,0,0,0,2,0,0,0,2,1,0,2,0,0,0,1,0,1,6,0,0,0,0,0,2,0,0,0,0,0,0,0,2,4,1,0,0,0,1,0,3,0,0,0,2,0,2,5,0
0,0,4,24,0,1,3,0,0,0,0,3,91,0,1,5,16,6,2,200,43,7,0,0,32,5,0,119,1,0,3,5,0,158,0,0,0,1,0,6,0,0,1,0,0,0,1,0,28,0,0,1,7,1,0,2,0,0,0,0,0,0,18,35,0,12,0,0,0,0,6,51,0,0,5,24,6,10,0,35,0,2,2,0,2,24,0,1,0,3,0,0,9,42,0,0,0,0,0,0,6,0,1,3,0,0,150,5,10,7,1,3,2,1,5,0,0,60,5,0,0,0,3,0,0,3,1,79
0,0,0,0,1,0,1,3,1,4,2,1,1,0,0,0,12,0,0,1,3,0,2,0,1,0,8,0,0,10,0,3,5,3,5,0,0,0,0,2,9,0,1,0,0,0,1,0,0,0,3,0,0,1,0,1,1,0,1,0,0,0,11,1,0,0,0,0,0,0,0,0,0,0,0,4,0,8,0,0,1,0,0,0,0,0,2,3,3,0,0,0,0,2,11,0,0,0,0,1,0,0,0,0,0,0,0,0,0,0,1,0,1,4,0,1,0,0,0,0,0,0,5,2,0,2,9,0
0,11,1,1,0,0,2,3,3,0,0,33,0,29,0,12,0,0,0,0,0,0,0,41,0,0,0,0,0,3,0,0,0,0,0,0,0,0,0,0,14,37,0,0,0,0,0,0,0,8,0,105,0,0,5,0,19,12,2,0,0,0,0,0,4,1,0,0,0,0,0,1,0,0,0,0,0,0,0,0,0,0,0,0,0,5,0,17,0,0,32,0,0,0,0,0,0,2,0,1,0,0,0,2,0,25,0,1,0,1,0,0,2,4,0,0,0,0,0,1,4,0,0,1,1,0,2,0
2,0,0,0,3,4,15,6,2,0,18,2,0,0,1,1,35,0,0,3,0,3,0,1,0,0,8,0,1,3,0,5,0,0,1,0,0,0,0,0,2,0,1,0,5,1,7,1,0,0,0,0,0,0,0,0,0,0,2,11,0,0,0,0,0,0,0,5,1,0,0,0,0,1,0,0,0,47,0,37,2,5,7,0,0,2,1,0,1,0,1,0,0,1,30,0,0,0,0,9,0,0,0,0,0,0,0,0,0,2,5,0,4,5,29,0,0,0,6,1,0,0,2,1,0,4,0,0
0,0,0,0,0,0,1,0,0,0,0,0,0,0,2,0,0,0,0,0,0,0,0,0,1,0,0,0,0,0,4,0,0,0,0,0,0,1,2,0,0,0,0,0,3,0,0,0,0,0,0,0,0,0,0,0,0,0,0,0,0,0,0,0,0,0,0,0,0,0,0,0,0,0,0,0,0,0,0,0,0,0,10,0,0,3,0,0,0,0,0,0,0,0,0,0,0,0,0,0,0,0,0,0,0,0,0,0,0,0,0,0,0,0,0,2,0,0,0,0,0,0,1,0,0,1,0,0
0,0,0,0,0,0,0,0,23,5,0,54,2,34,0,0,3,0,0,0,0,0,0,1,1,1,0,0,0,0,0,180,0,0,0,0,0,0,0,13,3,0,20,0,0,0,2,0,0,0,1,6,0,0,0,0,0,2,3,0,0,0,244,2,0,0,0,0,0,0,0,0,0,0,0,23,0,3,0,6,0,0,0,0,0,1,0,20,0,0,0,0,0,5,0,2,0,26,0,75,3,0,0,0,2,1,0,0,0,0,0,0,21,5,0,0,0,0,0,0,0,1,0,0,0,0,5,0
0,2,0,0,0,0,0,0,0,2,40,1,0,0,0,0,0,0,0,7,11,21,0,8,1,1,30,8,6,0,0,13,0,2,5,0,0,0,0,0,0,0,0,0,22,8,3,1,1,2,1,1,0,0,1,6,0,1,0,0,8,0,1,0,3,2,2,8,0,8,2,4,0,0,0,0,0,0,0,0,3,0,6,0,0,8,4,0,0,15,0,0,0,0,1,0,0,0,0,0,0,0,7,2,2,7,5,63,1,0,33,15,0,0,17,1,0,0,1,0,6,0,0,0,3,18,0,5
0,0,0,1,0,0,0,10,1,0,0,2,0,2,1,0,0,0,0,0,0,0,0,1,0,0,0,0,0,0,0,0,0,0,0,0,0,0,1,0,0,7,0,0,0,0,0,0,0,5,0,1,0,0,0,1,0,0,0,7,0,0,0,0,0,0,0,0,0,0,0,1,0,0,0,1,0,0,0,0,0,1,0,0,0,0,0,1,1,1,2,1,1,0,0,0,0,0,0,0,0,0,0,0,0,0,0,0,0,0,1,0,2,3,0,0,0,2,1,1,1,0,0,0,2,1,1,2
2,0,132,194,0,7,2,0,0,0,0,0,11,0,0,0,0,8,0,5,2,0,0,0,8,16,0,11,2,0,7,0,0,6,0,0,0,2,0,1,0,0,1,0,0,0,0,0,129,0,0,0,350,0,2,0,0,0,0,0,0,0,0,0,0,0,0,0,7,0,34,21,0,0,0,15,75,0,0,13,0,9,2,1,6,4,0,0,0,3,1,0,1,18,0,1,0,1,0,0,22,4,0,496,0,0,98,0,5,18,0,0,1,0,2,0,2,24,84,1,0,0,1,0,0,0,0,1
0,3,0,0,4,0,3,0,1,2,20,16,1,1,0,2,72,0,0,0,1,9,0,2,7,0,20,1,2,0,0,24,0,4,6,0,0,0,1,0,4,0,5,0,14,2,6,0,0,0,0,8,0,0,2,9,0,2,2,0,1,0,0,1,1,3,0,21,0,6,2,0,0,0,1,0,0,5,5,16,20,0,18,0,0,49,4,1,2,1,2,0,1,7,0,0,0,4,0,10,0,0,0,0,0,0,0,9,0,0,18,0,0,3,11,0,0,0,4,0,1,0,0,0,0,6,0,0
0,1,0,0,3,0,0,0,0,3,1,0,0,0,0,0,0,0,0,0,0,0,0,3,0,0,0,0,0,0,0,95,0,0,0,0,0,0,0,1,0,0,3,0,0,0,1,1,0,0,0,1,0,0,11,0,0,0,0,0,8,0,26,0,1,0,0,1,0,0,0,0,0,0,0,1,0,0,1,0,0,0,0,0,0,0,0,0,0,0,0,0,0,0,0,0,0,0,0,0,0,0,0,0,6,2,0,0,0,0,0,0,0,0,0,0,0,0,0,0,1,2,0,0,0,0,0,0
0,0,0,0,0,0,0,0,0,0,0,0,0,0,0,1,0,0,0,0,0,0,0,0,0,0,0,0,0,0,0,0,0,0,0,0,0,0,0,0,0,0,0,0,0,0,0,0,0,2,0,0,0,0,0,0,0,0,0,0,3,0,1,0,0,0,0,0,0,0,0,0,0,0,0,0,0,0,0,0,0,0,4,0,0,1,0,0,0,0,0,0,0,0,0,0,0,0,0,0,0,0,0,0,0,0,0,0,0,0,0,0,0,0,0,0,0,0,1,0,0,2,0,0,0,0,0,0
0,30,0,5,0,1,10,2,0,1,3,0,0,0,0,2,0,0,0,0,0,0,0,24,0,0,5,0,0,0,2,0,0,0,1,0,0,0,0,0,0,86,0,0,4,0,8,0,1,47,0,29,2,0,34,0,11,0,0,9,0,0,0,0,7,0,0,2,0,0,0,1,0,1,0,0,17,0,0,0,0,4,3,0,0,5,0,0,0,3,5,0,0,0,0,0,0,0,0,0,1,0,3,6,0,21,1,12,0,0,0,4,0,1,0,0,0,3,0,1,11,0,0,0,13,4,0,1
0,0,0,1,0,0,0,0,3,0,0,16,0,12,1,0,0,0,0,0,0,0,0,3,0,0,0,0,0,1,0,0,0,0,0,0,0,0,0,0,3,3,1,0,0,0,0,0,0,0,0,5,0,1,1,0,3,0,0,0,0,0,0,0,0,0,1,0,0,0,0,0,0,0,0,0,0,0,0,0,0,0,0,0,0,1,0,1,0,0,1,0,0,0,0,0,0,2,0,0,0,0,0,0,0,4,1,0,0,1,0,0,4,1,0,0,1,0,0,0,0,0,0,1,1,0,0,0
1,3,0,0,2,5,74,15,14,3,8,0,2,7,4,5,224,0,10,3,19,16,1,3,2,5,26,2,73,3,0,5,6,2,30,11,2,2,8,0,11,0,3,2,0,6,3,0,0,0,0,0,0,19,0,78,3,0,1,10,0,1,0,0,0,3,3,0,0,0,0,0,2,0,4,0,0,145,20,77,0,18,0,0,0,4,6,4,96,9,0,0,17,0,61,0,5,2,0,13,0,0,22,0,0,0,1,17,0,2,49,0,9,7,25,6,5,5,0,0,0,0,19,0,0,46,6,4
11,41,8,0,49,4,2,73,167,0,0,3,0,19,4,6,9,0,1,3,0,0,0,2,0,0,9,0,1,82,2,0,0,0,4,0,0,1,0,0,109,4,13,0,0,0,1,0,0,0,0,4,0,0,0,1,73,6,34,20,0,0,0,0,11,17,0,0,1,0,1,0,1,0,1,0,14,14,0,3,0,0,2,1,1,0,0,33,60,1,18,0,1,0,5,0,3,9,0,11,0,1,0,12,0,0,0,0,0,12,3,0,76,112,1,2,1,13,1,21,12,0,1,25,4,46,136,0
0,0,1,10,0,0,0,0,0,15,0,0,1,0,0,0,0,4,0,0,3,0,0,0,0,6,44,1,0,0,0,0,0,1,0,1,0,0,0,0,0,0,0,0,0,0,0,3,12,0,1,0,2,0,0,0,0,0,0,0,3,0,0,1,0,0,0,3,0,0,0,5,0,0,0,1,1,0,0,0,0,0,0,0,0,0,1,0,0,2,0,0,0,0,0,0,0,0,0,0,0,0,9,1,12,0,12,5,10,0,2,1,0,0,0,0,0,1,1,0,1,0,0,0,24,0,0,5
2,2,20,1,254,26,1,79,11,0,0,11,0,5,7,0,6,1,1,1,0,10,0,189,1,0,7,0,18,44,3,0,0,0,8,1,1,1,0,0,6,6,1,0,0,0,0,0,1,9,0,0,12,11,10,7,36,28,2,47,0,0,0,0,67,496,5,0,1,19,2,2,0,0,4,0,49,3,0,2,2,0,1,0,0,25,0,0,185,18,213,0,50,0,38,0,1,1,0,3,0,0,0,10,0,2,1,0,0,29,7,39,5,48,60,0,11,17,2,336,45,0,0,4,13,734,7,0
0,27,4,2,65,1,2,11,10,0,0,85,0,145,0,2,0,0,0,0,0,8,0,22,1,1,0,1,1,5,0,1,0,0,0,0,0,0,0,0,16,31,126,0,0,0,2,0,1,9,0,49,6,0,199,1,38,218,5,4,0,0,0,0,87,9,0,0,0,0,4,0,0,0,0,0,13,0,0,5,1,0,1,1,0,16,0,10,0,6,20,0,2,0,0,0,0,10,0,30,0,0,1,5,0,271,0,3,0,3,0,9,12,148,1,0,0,4,0,10,69,0,0,1,9,13,41,0
1,0,1458,931,0,0,4,0,0,0,0,0,30,0,0,0,2,2,0,45,24,1,0,0,1125,16,0,227,0,0,8,0,0,46,1,0,0,1,0,3,0,0,0,0,0,1,0,0,23,0,0,0,24,1,0,1,0,1,0,0,0,0,2,7,0,2,0,1,1,0,9,378,0,0,0,16,390,1,0,2,2,0,2,4,0,56,0,0,7,0,0,0,0,43,0,0,0,0,0,0,18,0,0,149,0,0,402,0,26,4,0,0,0,0,0,0,2,2521,54,0,0,0,0,0,0,1,0,94
0,0,0,0,0,0,0,0,0,18,3,0,1,0,0,0,0,0,0,0,1,3,0,1,0,0,5,0,0,0,0,2,2,0,0,0,0,0,0,7,0,0,0,0,0,14,0,3,0,4,11,0,0,0,0,1,1,0,0,1,16,50,2,3,0,2,1,6,0,17,0,0,0,0,0,1,0,0,0,0,0,0,0,0,0,0,14,0,0,0,3,0,0,0,0,9,0,0,0,0,0,0,0,0,5,0,0,2,0,0,1,0,0,0,0,0,0,0,0,1,0,11,0,0,1,0,0,2
1,15,12,0,51,0,2,91,118,0,0,225,0,1130,2,15,3,0,1,0,0,0,0,1,5,8,0,0,0,9,3,0,0,0,0,0,0,0,0,2,51,1,145,0,0,0,0,0,0,1,0,15,1,0,44,5,43,51,111,23,0,0,0,0,40,4,0,0,3,0,0,0,0,0,0,1,19,0,0,7,0,4,0,0,0,14,0,61,12,0,2,0,0,0,0,0,0,395,0,73,14,0,0,1,0,16,1,0,2,6,0,0,1644,325,1,0,0,3,0,102,19,4,0,3,1,1,153,0
0,0,0,0,0,0,0,0,0,0,0,0,0,0,0,0,1,0,0,3,6,0,0,0,2,0,0,0,0,0,0,0,0,3,0,0,0,0,0,19,0,0,2,0,0,0,0,0,0,0,0,0,0,0,0,0,0,0,0,0,0,0,2,10,0,0,0,0,0,0,0,0,0,0,0,30,0,2,0,0,0,0,0,0,0,1,0,0,0,0,0,0,0,1,0,2,0,2,0,0,10,0,0,0,0,0,0,0,0,0,0,0,0,0,0,0,0,0,7,0,0,0,0,0,0,0,0,0
4,0,0,0,0,2,4,3,1,0,0,1,0,0,3,0,0,0,6,0,0,0,220,0,0,0,0,0,6,2,3,0,1,0,10,47,1,2,38,0,0,3,0,12,2,0,0,0,0,0,1,0,0,1,0,0,0,0,1,0,0,0,0,0,0,0,0,0,0,0,0,0,0,0,4,0,0,0,2,0,0,47,0,1,0,0,0,0,3,0,0,0,0,0,0,0,110,0,11,0,3,0,0,0,0,0,0,0,4,0,0,0,0,0,0,34,2,0,0,0,0,0,3,2,0,0,0,1
0,0,0,0,2,0,2,0,1,53,11,2,0,0,0,0,1,0,0,1,19,26,0,15,0,4,7,2,33,1,0,7,48,0,7,11,0,0,4,13,0,0,0,0,1,94,0,7,1,2,18,0,0,19,0,74,0,0,0,0,21,82,0,1,2,33,31,12,0,61,0,1,0,0,0,0,0,0,0,0,0,0,1,0,0,3,124,0,9,3,6,0,34,0,4,4,0,0,0,0,0,0,10,0,7,3,1,3,5,0,56,3,0,1,5,8,0,1,0,2,1,9,0,0,0,28,0,4
0,0,0,0,0,0,0,0,0,1,0,0,0,0,0,0,0,0,0,7,1,0,0,0,1,0,30,2,0,0,0,0,0,0,0,0,0,0,0,0,0,0,0,0,0,0,0,4,0,1,0,0,0,0,0,0,0,0,0,0,8,0,0,3,0,0,0,1,0,0,0,0,0,0,0,0,0,0,0,0,0,0,0,0,0,0,0,0,0,0,0,0,0,2,0,0,0,0,0,0,0,0,0,0,4,0,0,0,0,0,1,0,0,0,1,0,0,1,0,0,0,2,0,0,6,0,0,0
29,0,0,6,9,15,297,29,6,18,10,0,0,0,202,0,16,2,213,0,4,4,98,4,0,123,16,0,231,1,0,0,66,0,256,93,8,1000,1337,1,8,1,0,6,2,3,4,0,7,0,6,0,0,419,0,226,4,0,1,21,0,3,0,0,0,38,73,0,0,2,0,0,5,0,42,0,9,70,45,26,5,484,0,1,3,1,27,3,112,55,0,139,98,0,27,0,72,2,68,0,1,1,29,0,0,0,1,4,10,33,94,61,2,2,17,296,114,2,0,2,0,0,25,0,0,15,2,5
14,9,14,4,370,23,9,373,102,0,0,19,1,13,22,3,13,0,10,0,0,1,0,49,2,0,14,0,14,125,7,1,0,0,2,0,0,22,0,0,36,5,29,0,0,0,0,0,1,2,1,2,14,6,3,12,56,23,52,175,0,0,0,0,54,201,0,0,2,7,2,1,3,0,2,0,27,13,0,9,2,11,0,0,7,8,0,5,289,13,68,0,21,0,19,0,1,18,0,17,0,0,0,10,0,1,1,0,0,29,5,21,73,198,30,2,17,11,3,336,32,0,0,54,8,364,88,0
2,0,0,1,2,1,35,3,1,8,0,0,2,0,15,0,1,0,57,0,4,1,15,3,0,99,5,0,134,2,0,0,139,0,115,55,1,443,492,2,0,0,0,0,0,12,0,0,0,0,8,0,0,169,0,42,0,0,0,26,0,8,1,0,0,8,99,0,0,5,0,0,0,0,12,0,5,7,11,0,0,79,0,0,0,0,18,0,17,11,2,356,76,0,6,1,10,0,28,0,0,0,14,0,0,0,1,0,3,1,23,20,0,0,4,32,32,0,0,1,1,0,2,0,0,4,4,2
0,0,0,0,0,0,0,0,0,2,0,0,0,0,0,0,0,0,0,0,0,0,0,1,1,0,0,0,0,0,0,1,0,0,0,0,0,0,0,0,0,0,0,0,0,0,0,0,0,0,0,0,0,0,0,0,0,0,0,2,1,1,1,1,0,0,0,1,0,0,0,0,0,0,0,1,0,0,0,0,0,0,0,0,0,0,0,0,0,0,0,0,0,1,2,0,0,0,0,0,0,0,0,0,0,0,0,1,0,0,0,0,0,0,0,0,0,0,0,0,0,2,0,0,0,0,0,0
0,0,0,0,6,0,0,4,1,3,5,1,1,0,0,0,3,0,0,0,1,0,1,5,2,0,8,1,3,0,0,68,0,0,1,1,0,0,2,1,0,0,5,0,2,10,3,5,0,2,1,0,0,0,8,5,2,1,3,0,5,0,4,1,2,0,0,3,0,2,0,0,0,0,0,3,0,0,0,3,6,0,0,0,0,4,5,0,0,0,1,0,0,4,6,0,0,0,0,2,0,0,0,0,0,1,0,10,0,0,3,0,0,0,4,0,0,0,1,4,0,3,0,0,0,8,0,0
0,0,0,0,0,0,0,0,0,30,0,0,1,0,0,0,0,0,0,0,0,0,0,0,0,0,0,0,0,0,0,2,0,0,0,0,0,0,0,1,0,0,0,0,0,0,0,13,0,0,4,0,0,0,0,0,0,0,0,0,82,8,5,0,0,0,0,2,0,0,0,0,0,0,0,0,0,0,0,0,0,0,0,0,0,0,0,0,0,0,0,0,0,0,0,6,0,0,0,0,0,0,0,0,480,0,0,0,0,0,0,0,0,0,0,0,0,0,0,0,0,191,0,0,6,0,0,0
0,1,1,2,4,0,26,0,0,0,3,1,6,0,0,1,0,5,6,0,23,19,1,8,0,251,9,1,88,0,0,7,2,1,10,20,0,0,4,2,1,0,2,0,1,7,0,0,1,0,0,1,0,10,5,75,0,14,0,0,0,0,0,1,1,17,10,0,0,18,0,4,0,0,1,0,9,0,0,0,1,5,0,0,0,3,4,0,2,56,1,0,34,0,1,0,1,0,0,0,1,0,149,1,0,1,1,96,24,0,44,54,0,0,18,5,0,3,0,1,1,0,1,0,0,35,1,8
0,0,47,6,0,1,3,0,2,0,0,0,29,0,0,0,0,2,0,5,43,0,0,0,48,1,0,4,0,0,0,0,0,3,0,0,0,0,0,3,0,0,1,0,0,0,0,0,2,0,0,0,13,0,0,0,0,0,0,0,0,0,0,25,0,0,0,0,0,0,15,3,0,1,0,5,1,0,0,0,0,0,0,0,0,0,0,0,0,0,0,0,0,1,0,0,0,0,0,0,39,0,0,24,0,0,24,0,6,1,0,0,3,0,0,0,0,25,225,0,0,0,0,0,0,0,0,1