image_no,topic_id,pose_id,ihg_id,count
1,47,5,104,8523
2,22,24,99,7868
3,22,18,8,5729
4,63,16,21,4584
5,22,11,48,4358
6,22,6,115,4254
7,22,30,74,3846
8,11,5,104,3824
9,32,24,11,3779
10,63,23,21,3726
11,47,4,124,3599
12,25,5,104,3523
13,25,4,124,3403
14,22,30,36,3347
15,0,19,61,3233
16,0,22,2,3189
17,35,21,116,3186
18,22,18,123,3126
19,11,8,120,3056
20,22,30,111,3011
21,47,10,62,2915
22,22,11,17,2838
23,23,21,68,2808
24,35,21,112,2795
25,11,7,57,2794
26,32,13,117,2792
27,47,7,57,2776
28,47,21,116,2727
29,35,13,76,2694
30,22,11,71,2661
31,0,19,66,2656
32,35,21,0,2650
33,22,18,29,2639
34,11,4,124,2629
35,25,5,121,2621
36,0,24,13,2568
37,32,21,116,2498
38,22,1,64,2473
39,47,5,60,2472
40,47,24,99,2467
41,22,20,102,2461
42,47,24,13,2448
43,22,30,114,2440
44,47,13,3,2408
45,25,10,62,2405
46,47,24,126,2369
47,47,5,121,2343
48,47,21,68,2337
49,63,21,97,2333
50,47,24,42,2240
51,22,13,3,2215
52,0,4,124,2213
53,63,23,67,2195
54,47,18,8,2181
55,11,23,67,2173
56,47,23,21,2170
57,22,3,94,2124
58,11,10,62,2119
59,45,4,124,2107
60,47,16,21,2095
61,11,13,3,2066
62,11,8,64,2060
63,47,6,115,2054
64,47,24,113,2040
65,11,24,126,2025
66,0,5,104,2010
67,11,26,67,2009
68,23,9,30,1990
69,22,21,72,1965
70,31,21,116,1938
71,47,26,47,1924
72,22,15,35,1923
73,34,30,6,1907
74,11,23,21,1902
75,22,21,8,1886
76,47,13,2,1885
77,47,21,0,1868
78,47,24,11,1863
79,22,1,54,1835
80,22,15,98,1833
81,22,15,115,1825
82,11,21,97,1817
83,11,26,47,1813
84,22,22,19,1799
85,11,12,19,1788
86,11,23,10,1756
87,25,26,80,1756
88,22,30,10,1754
89,32,13,109,1734
90,47,13,106,1719
91,22,24,54,1716
92,0,10,62,1699
93,47,21,87,1699
94,22,30,115,1694
95,6,4,124,1693
96,11,12,24,1681
97,11,7,51,1669
98,22,6,22,1664
99,47,7,54,1662
100,25,26,47,1659
101,47,21,72,1659
102,11,7,54,1656
103,11,1,64,1636
104,15,6,122,1634
105,47,23,67,1618
106,47,21,84,1617
107,47,12,24,1611
108,47,21,96,1600
109,45,10,62,1599
110,47,9,30,1596
111,0,26,47,1593
112,47,12,19,1593
113,0,9,2,1589
114,34,30,55,1571
115,11,21,68,1561
116,47,12,27,1561
117,11,12,118,1559
118,0,9,13,1552
119,25,21,116,1539
120,32,24,13,1535
121,63,8,57,1528
122,32,13,2,1515
123,11,12,27,1513
124,22,1,29,1508
125,47,29,91,1498
126,47,21,97,1494
127,11,18,8,1485
128,49,21,0,1462
129,11,16,21,1459
130,22,6,72,1454
131,47,21,112,1445
132,47,11,48,1444
133,34,30,81,1431
134,47,26,60,1394
135,22,6,98,1388
136,11,12,93,1387
137,22,21,87,1383
138,9,24,11,1380
139,47,8,120,1374
140,11,13,103,1359
141,47,22,2,1355
142,22,6,78,1354
143,22,30,55,1351
144,47,15,38,1351
145,11,2,80,1347
146,25,21,112,1344
147,34,6,81,1344
148,11,8,105,1341
149,11,24,113,1341
150,22,1,99,1341
151,40,16,21,1341
152,9,13,76,1332
153,22,14,114,1332
154,47,21,52,1325
155,34,15,38,1324
156,25,21,0,1323
157,47,1,4,1317
158,22,14,86,1297
159,47,30,74,1294
160,47,8,64,1291
161,22,30,86,1286
162,32,13,24,1284
163,6,5,104,1279
164,47,13,76,1276
165,40,23,21,1275
166,22,15,22,1274
167,47,21,58,1270
168,22,1,56,1262
169,22,13,71,1256
170,11,23,110,1254
171,11,24,42,1248
172,0,8,13,1238
173,22,1,8,1237
174,47,22,27,1237
175,25,24,126,1236
176,11,8,90,1235
177,45,5,104,1235
178,22,18,99,1233
179,11,5,121,1232
180,34,21,68,1222
181,9,21,112,1217
182,35,24,11,1217
183,9,21,116,1211
184,47,26,80,1207
185,26,24,13,1205
186,16,16,21,1204
187,11,8,57,1202
188,6,10,62,1195
189,11,25,64,1191
190,25,13,3,1191
191,11,7,41,1190
192,47,2,80,1188
193,22,15,111,1182
194,52,16,21,1182
195,9,21,0,1176
196,47,1,64,1169
197,35,24,126,1167
198,22,24,42,1165
199,25,13,76,1163
200,32,9,30,1162
201,35,24,112,1161
202,47,21,5,1155
203,22,16,101,1151
204,11,129,63,1147
205,47,21,18,1146
206,0,21,116,1145
207,47,12,118,1144
208,25,24,113,1140
209,11,129,33,1134
210,11,24,99,1130
211,22,30,89,1130
212,32,13,85,1130
213,22,30,44,1120
214,11,22,27,1102
215,47,24,57,1097
216,11,13,106,1095
217,32,1,125,1092
218,47,18,123,1082
219,47,20,102,1082
220,22,1,123,1076
221,22,30,98,1076
222,22,24,13,1075
223,34,30,28,1073
224,22,3,77,1072
225,9,13,3,1064
226,23,21,30,1064
227,47,6,72,1064
228,9,24,126,1063
229,47,15,37,1059
230,32,24,57,1057
231,22,11,106,1050
232,22,11,33,1047
233,23,21,0,1046
234,47,22,24,1042
235,25,5,9,1041
236,35,13,3,1041
237,47,23,10,1038
238,25,10,75,1037
239,35,13,103,1034
240,11,14,45,1032
241,22,30,77,1029
242,47,15,115,1029
243,63,13,103,1028
244,35,24,51,1027
245,11,23,47,1023
246,15,5,104,1020
247,1,24,126,1019
248,22,16,44,1019
249,32,21,0,1015
250,47,13,117,1015
251,47,26,9,1015
252,22,22,33,1012
253,34,15,28,1012
254,11,22,33,1011
255,35,21,97,1008
256,63,22,24,1008
257,11,7,1,1005
258,22,15,78,1001
259,22,15,86,999
260,47,30,10,996
261,25,24,99,994
262,22,1,42,992
263,25,24,11,992
264,47,8,57,991
265,9,4,124,990
266,11,29,91,989
267,0,26,9,985
268,47,18,29,982
269,11,1,4,980
270,11,5,60,975
271,11,129,93,974
272,22,16,10,971
273,47,30,55,970
274,47,16,28,969
275,15,16,101,965
276,11,21,0,961
277,47,21,83,958
278,47,6,122,957
279,22,15,74,956
280,47,6,22,951
281,22,29,91,948
282,35,13,116,948
283,40,23,67,946
284,44,5,104,945
285,34,30,53,939
286,11,7,120,938
287,47,11,17,936
288,9,24,113,933
289,22,30,46,931
290,47,5,9,929
291,11,24,13,928
292,47,30,115,928
293,52,23,67,927
294,47,8,105,926
295,47,23,110,926
296,47,12,93,924
297,47,21,8,923
298,0,5,9,921
299,22,14,10,920
300,63,22,27,918
301,25,21,97,916
302,0,8,120,914
303,22,16,114,914
304,22,14,9,908
305,34,15,53,901
306,47,7,51,901
307,35,13,117,899
308,59,8,90,896
309,47,26,67,894
310,32,21,112,892
311,49,21,68,887
312,23,21,109,885
313,47,30,6,885
314,22,6,74,884
315,40,8,120,883
316,25,8,120,877
317,11,26,60,876
318,47,3,94,873
319,31,16,21,872
320,9,13,117,869
321,22,3,114,868
322,47,16,110,867
323,47,13,103,866
324,21,8,120,865
325,47,7,41,864
326,11,26,31,862
327,35,24,113,861
328,47,29,32,860
329,32,21,68,855
330,34,21,116,854
331,25,24,13,852
332,47,10,31,852
333,22,21,83,849
334,47,21,14,847
335,22,30,78,845
336,25,26,9,844
337,9,13,103,843
338,47,21,73,842
339,59,23,21,835
340,0,19,95,833
341,11,21,116,827
342,22,21,48,826
343,0,5,121,824
344,47,1,54,823
345,47,11,71,820
346,35,24,97,819
347,1,13,3,817
348,22,18,40,813
349,25,21,68,813
350,16,1,4,810
351,47,7,1,810
352,47,24,54,810
353,25,24,42,808
354,11,14,86,807
355,47,15,98,804
356,25,21,87,802
357,20,5,104,800
358,0,26,67,799
359,11,11,48,799
360,22,15,114,797
361,31,24,113,792
362,11,24,11,791
363,9,21,97,789
364,34,15,37,787
365,59,23,67,786
366,20,8,120,784
367,25,13,103,784
368,47,16,10,782
369,32,29,91,777
370,47,1,119,776
371,23,21,97,775
372,32,13,76,773
373,22,8,54,770
374,26,13,2,770
375,11,12,33,767
376,35,24,57,765
377,11,18,29,764
378,11,16,10,763
379,45,8,120,763
380,31,23,67,761
381,47,22,33,760
382,35,13,0,758
383,34,30,110,757
384,0,29,37,750
385,47,16,6,750
386,0,13,2,749
387,22,21,52,747
388,11,26,9,746
389,11,7,105,744
390,11,20,102,743
391,22,2,44,743
392,35,13,2,742
393,11,3,94,741
394,35,21,109,741
395,22,24,70,740
396,25,7,1,740
397,47,14,86,740
398,11,26,10,739
399,63,24,57,738
400,32,21,97,737
401,11,23,80,735
402,0,17,22,734
403,9,24,97,734
404,11,23,45,734
405,25,129,93,731
406,52,8,120,731
407,11,8,54,726
408,11,21,112,724
409,34,6,115,724
410,47,6,81,724
411,34,1,113,722
412,20,26,67,721
413,22,24,11,721
414,22,30,9,720
415,32,5,104,720
416,11,21,58,717
417,47,16,101,717
418,9,5,104,715
419,11,22,24,715
420,22,10,31,715
421,25,13,117,715
422,47,129,33,715
423,47,15,22,714
424,45,5,121,713
425,25,7,54,712
426,22,11,108,711
427,1,24,42,710
428,18,21,68,709
429,11,16,110,708
430,40,18,8,706
431,0,19,9,705
432,22,30,94,705
433,47,30,81,704
434,11,14,28,703
435,0,4,49,701
436,32,25,125,700
437,47,8,90,699
438,22,24,56,698
439,25,24,97,697
440,35,21,87,697
441,32,15,37,696
442,59,8,105,696
443,11,26,80,695
444,11,9,30,694
445,24,4,124,694
446,59,23,45,694
447,1,21,73,691
448,59,16,28,691
449,11,11,71,690
450,22,22,2,690
451,11,12,100,689
452,25,13,106,689
453,22,14,60,688
454,22,8,64,687
455,22,28,19,687
456,47,3,77,686
457,47,21,109,686
458,11,14,110,684
459,31,21,112,684
460,35,1,4,680
461,47,5,47,680
462,11,1,56,678
463,31,8,120,678
464,11,21,126,675
465,25,7,41,675
466,21,23,67,674
467,32,15,91,674
468,0,26,80,672
469,9,24,57,672
470,22,15,89,671
471,34,6,38,670
472,47,8,54,670
473,22,13,2,668
474,34,21,72,667
475,11,21,5,666
476,11,6,81,664
477,40,22,24,664
478,11,5,9,662
479,11,13,2,661
480,11,129,24,661
481,21,7,54,661
482,40,22,27,661
483,9,24,112,660
484,47,22,19,660
485,34,9,30,659
486,31,24,11,658
487,35,21,13,657
488,0,8,64,656
489,47,10,75,655
490,26,22,2,654
491,0,6,22,653
492,32,13,116,652
493,47,21,103,651
494,47,21,30,650
495,47,14,110,649
496,32,21,109,648
497,34,15,25,648
498,40,8,57,648
499,47,24,4,648
500,47,129,63,644
501,34,15,92,643
502,47,15,91,643
503,59,22,63,643
504,22,7,54,641
505,47,13,27,639
506,16,16,28,638
507,47,16,85,637
508,47,31,25,637
509,0,21,0,636
510,47,24,97,636
511,11,17,22,635
512,38,5,104,635
513,59,8,120,635
514,47,14,28,633
515,11,24,57,632
516,0,24,11,631
517,47,12,75,631
518,32,30,37,630
519,0,23,110,629
520,35,21,68,629
521,22,24,64,628
522,25,4,49,626
523,31,21,0,626
524,11,7,64,625
525,22,21,99,623
526,25,21,52,623
527,59,129,63,623
528,1,24,99,622
529,47,13,109,622
530,16,16,69,621
531,20,23,67,621
532,22,16,86,619
533,47,30,37,618
534,0,23,67,617
535,23,9,109,617
536,47,26,31,617
537,59,0,27,617
538,9,24,99,616
539,22,15,55,615
540,47,1,113,615
541,47,2,44,614
542,47,11,127,614
543,25,5,60,613
544,9,10,62,612
545,34,15,55,611
546,22,21,84,610
547,35,13,27,610
548,20,1,4,609
549,21,12,19,609
550,47,13,116,609
551,1,24,113,608
552,11,10,31,608
553,16,1,119,608
554,0,6,122,607
555,20,12,19,607
556,47,30,86,607
557,22,24,126,603
558,22,31,25,602
559,47,21,40,602
560,47,11,108,601
561,47,30,38,601
562,35,13,118,599
563,20,8,64,598
564,22,15,9,598
565,22,22,15,598
566,21,23,21,595
567,25,21,84,595
568,6,5,121,592
569,11,21,87,592
570,22,21,15,592
571,25,24,112,591
572,25,24,51,590
573,11,8,41,589
574,25,12,19,589
575,25,24,57,589
576,11,12,75,588
577,22,13,48,588
578,59,16,21,588
579,25,26,60,587
580,47,15,86,587
581,23,21,116,586
582,25,13,2,586
583,45,26,9,585
584,47,1,29,585
585,9,24,42,584
586,47,129,93,584
587,34,6,6,582
588,0,7,41,581
589,22,1,4,581
590,11,30,86,580
591,47,21,81,580
592,0,12,75,579
593,9,5,121,578
594,23,21,103,578
595,34,30,38,576
596,47,25,59,576
597,11,6,115,574
598,47,24,112,574
599,47,30,36,572
600,0,5,60,571
601,0,7,1,571
602,47,24,51,571
603,47,19,61,570
604,15,10,62,569
605,16,24,57,569
606,47,7,105,569
607,47,12,33,569
608,47,23,80,569
609,9,26,80,567
610,24,5,104,567
611,22,25,59,566
612,34,30,37,566
613,47,16,44,564
614,9,21,68,562
615,47,16,92,562
616,11,13,76,561
617,11,16,28,561
618,45,7,1,561
619,22,10,62,560
620,35,13,127,559
621,47,30,46,559
622,16,24,11,556
623,47,21,126,554
624,47,23,45,553
625,20,7,57,552
626,15,4,124,551
627,20,1,64,551
628,25,16,21,551
629,31,4,124,551
630,32,1,65,551
631,11,8,56,550
632,47,30,44,550
633,22,15,92,549
634,47,18,7,549
635,0,10,75,548
636,22,6,36,548
637,25,12,75,548
638,31,5,104,548
639,52,4,124,548
640,47,7,120,547
641,11,29,32,546
642,22,13,106,546
643,22,15,38,545
644,22,23,10,545
645,63,8,105,545
646,11,23,125,544
647,20,4,124,544
648,34,6,37,544
649,9,24,51,542
650,22,21,73,541
651,32,21,84,541
652,9,13,106,540
653,11,1,120,540
654,22,8,111,540
655,40,26,67,539
656,47,15,35,539
657,59,3,77,538
658,32,21,96,537
659,22,20,111,536
660,44,21,116,536
661,22,10,99,535
662,34,21,0,535
663,9,21,87,532
664,22,4,48,532
665,45,10,75,531
666,11,16,6,530
667,47,1,8,530
668,47,13,71,530
669,35,24,13,528
670,0,26,60,527
671,11,1,8,527
672,22,10,8,527
673,25,21,58,527
674,31,24,57,527
675,34,11,3,527
676,0,24,113,526
677,11,129,27,526
678,32,21,72,526
679,47,20,111,526
680,59,1,4,526
681,11,25,90,525
682,32,24,42,523
683,16,16,92,522
684,32,1,4,522
685,22,24,113,521
686,31,13,76,521
687,45,26,47,521
688,47,22,100,521
689,11,21,52,520
690,47,9,84,519
691,20,1,58,518
692,47,13,6,518
693,35,24,42,517
694,0,21,112,516
695,22,13,19,516
696,0,129,93,515
697,25,22,27,514
698,25,26,31,514
699,47,14,45,512
700,15,6,22,511
701,47,15,92,511
702,9,13,27,510
703,11,24,64,510
704,11,30,10,510
705,15,5,60,510
706,11,23,107,509
707,52,22,27,508
708,22,6,111,507
709,47,22,127,507
710,11,6,122,506
711,31,16,110,506
712,11,14,50,504
713,45,22,27,504
714,47,13,18,504
715,59,21,116,503
716,59,26,67,503
717,59,4,124,502
718,24,10,62,501
719,11,8,23,500
720,25,12,118,500
721,0,129,63,499
722,25,5,47,499
723,31,22,27,499
724,35,24,99,499
725,20,23,10,498
726,0,22,27,497
727,6,23,21,496
728,15,26,47,496
729,11,22,63,495
730,23,21,112,495
731,59,22,27,495
732,11,26,45,494
733,22,20,107,494
734,47,15,32,494
735,25,12,93,493
736,47,1,56,493
737,11,1,54,492
738,22,6,43,492
739,22,14,107,492
740,47,12,100,492
741,22,13,15,491
742,45,12,75,491
743,11,11,33,490
744,31,22,33,490
745,40,8,105,490
746,0,13,3,489
747,20,12,24,489
748,20,18,8,489
749,9,24,4,488
750,44,30,46,488
751,11,11,127,486
752,31,24,126,486
753,22,30,6,485
754,47,11,25,485
755,47,18,4,485
756,0,26,31,484
757,11,24,4,484
758,6,16,21,483
759,32,21,87,483
760,20,23,21,482
761,21,8,105,482
762,49,21,5,482
763,0,10,39,481
764,11,3,77,481
765,20,1,29,480
766,21,8,64,480
767,32,15,66,480
768,32,24,112,479
769,11,19,61,478
770,34,6,14,478
771,47,6,14,478
772,47,26,121,478
773,21,21,116,477
774,22,28,30,477
775,22,30,50,476
776,25,7,51,476
777,32,13,65,476
778,0,19,32,475
779,22,1,11,475
780,40,21,97,475
781,11,30,6,474
782,25,7,57,474
783,32,24,113,474
784,34,30,18,474
785,11,24,51,473
786,31,13,3,473
787,59,8,57,473
788,9,24,13,472
789,35,13,106,472
790,47,9,68,472
791,0,21,68,471
792,6,8,120,470
793,11,1,29,470
794,52,21,116,470
795,0,13,76,469
796,11,14,21,469
797,32,8,125,469
798,35,21,58,469
799,59,14,45,468
800,0,16,21,467
801,11,4,105,467
802,37,15,92,467
803,46,5,104,467
804,47,6,38,467
805,47,29,37,467
806,11,26,26,466
807,21,9,84,466
808,25,21,103,466
809,31,8,56,466
810,52,16,67,466
811,22,11,25,465
812,37,23,21,465
813,47,21,13,465
814,21,23,10,464
815,9,13,2,463
816,22,30,35,463
817,32,1,119,463
818,44,24,112,463
819,20,7,54,462
820,52,24,57,462
821,1,13,106,461
822,22,11,19,461
823,44,13,76,460
824,11,25,56,459
825,20,12,93,458
826,33,14,28,458
827,47,30,28,458
828,11,22,93,457
829,11,24,97,457
830,16,30,92,456
831,31,24,42,456
832,0,14,9,455
833,11,21,84,455
834,11,22,19,455
835,11,22,100,455
,47,21,48,455
,31,8,105,454
,45,21,112,454
,11,24,54,453
,22,13,12,453
,31,24,51,453
,47,14,10,452
,11,13,71,451
,25,9,30,451
,49,21,112,451
,11,1,119,450
,44,24,13,450
,22,4,124,449
,34,15,6,449
,11,21,8,448
,47,8,41,448
,21,16,21,447
,11,11,108,446
,31,8,124,446
,47,28,118,446
,0,4,56,445
,11,0,33,445
,22,11,127,445
,37,16,21,445
,0,1,64,444
,0,8,105,444
,23,5,104,444
,45,21,116,444
,22,1,113,443
,11,26,110,441
,22,18,64,441
,20,7,51,440
,45,21,97,440
,11,18,4,439
,20,26,47,439
,45,24,57,439
,31,21,18,438
,31,22,93,438
,45,4,49,438
,16,1,57,437
,47,22,63,437
,16,16,80,436
,22,16,107,436
,47,15,55,436
,52,21,0,436
,0,1,4,435
,11,2,44,435
,16,22,27,435
,21,9,68,435
,21,24,51,435
,22,30,107,435
,11,14,34,434
,21,7,41,434
,9,21,58,433
,11,23,26,433
,25,1,4,433
,45,24,113,433
,49,21,116,433
,6,8,57,432
,9,24,119,432
,11,21,103,432
,22,1,15,432
,22,20,25,432
,52,26,9,432
,16,23,67,431
,17,4,124,431
,49,21,84,431
,9,26,47,430
,11,13,27,430
,11,15,92,430
,22,21,54,430
,31,16,28,430
,0,5,95,429
,0,21,97,429
,25,13,27,429
,25,24,4,429
,40,13,3,429
,0,22,33,428
,0,24,42,428
,31,22,63,428
,32,24,105,428
,47,14,9,428
,59,16,69,428
,11,26,121,427
,22,15,94,427
,34,15,81,427
,40,25,90,427
,9,22,27,426
,34,14,55,426
,34,6,122,425
,47,1,120,425
,47,4,49,425
,22,1,111,424
,0,25,56,423
,34,18,113,423
,32,21,103,422
,45,16,21,422
,0,7,51,420
,15,17,22,420
,47,26,10,420
,0,8,90,419
,9,13,127,419
,11,5,47,419
,11,8,1,419
,16,8,105,419
,47,18,40,419
,0,19,104,418
,22,24,57,418
,32,16,21,418
,59,7,41,418
,0,7,105,417
,11,7,113,417
,52,23,21,417
,0,24,126,416
,11,21,96,416
,21,26,67,416
,47,6,37,416
,52,26,67,416
,47,21,101,415
,59,22,11,415
,34,21,113,414
,52,7,1,414
,63,16,80,414
,22,15,36,413
,32,13,55,413
,45,7,41,413
,47,1,57,413
,47,7,113,413
,0,6,115,412
,0,7,49,412
,9,21,52,412
,22,30,22,412
,34,15,34,412
,63,20,102,412
,11,4,120,411
,11,13,117,411
,46,26,67,411
,47,15,66,411
,59,23,85,411
,22,21,116,410
,31,1,56,410
,31,13,106,410
,0,12,118,409
,35,21,4,409
,0,18,29,408
,22,11,12,408
,25,26,67,408
,11,19,95,407
,22,15,102,407
,22,25,111,407
,47,30,110,407
,0,24,99,406
,52,1,4,406
,52,16,110,406
,52,24,51,406
,9,13,116,405
,11,21,30,405
,21,14,21,405
,22,30,65,405
,25,23,21,405
,47,13,127,405
,59,24,13,404
,0,29,91,403
,11,21,109,403
,21,23,47,403
,22,13,117,403
,32,15,38,403
,32,21,13,403
,37,1,4,403
,40,7,41,403
,40,14,45,403
,47,15,28,403
,47,24,23,403
,52,8,64,403
,25,12,27,402
,40,8,64,402
,59,14,114,402
,0,9,112,401
,11,11,3,401
,16,1,64,401
,45,12,93,401
,11,16,80,400
,11,22,2,400
,25,8,64,400
,40,1,64,400
,52,22,24,400
,0,4,105,399
,25,22,2,398
,32,25,65,398
,40,7,51,398
,44,1,119,398
,47,1,99,398
,6,23,67,397
,20,3,94,397
,22,20,17,397
,16,21,84,396
,34,6,34,396
,35,21,84,396
,45,24,11,396
,47,6,96,396
,0,30,55,395
,11,1,90,395
,20,23,110,395
,22,30,43,395
,35,21,52,395
,0,129,33,394
,10,16,21,394
,31,13,117,394
,33,14,45,394
,0,13,106,393
,11,12,63,393
,11,14,92,393
,25,23,110,393
,31,10,62,393
,32,6,115,393
,47,30,92,393
,11,14,10,392
,34,30,34,392
,47,1,7,392
,0,8,56,391
,47,13,55,391
,59,23,69,391
,22,18,87,390
,25,13,118,390
,25,29,91,390
,32,21,73,390
,47,20,25,390
,9,1,4,389
,22,30,14,389
,25,4,1,389
,31,1,4,389
,31,13,27,389
,34,15,18,389
,38,21,73,389
,47,17,22,389
,0,5,47,388
,11,1,113,388
,11,23,114,388
,25,21,14,388
,31,1,64,388
,34,11,127,388
,35,1,119,388
,35,21,14,388
,35,24,4,388
,11,21,73,387
,16,30,28,387
,22,13,73,387
,25,26,121,387
,45,23,67,387
,47,16,69,387
,0,15,115,386
,22,7,41,386
,22,22,24,385
,40,129,24,385
,47,2,107,385
,63,23,80,385
,16,8,120,384
,34,6,96,384
,35,24,119,384
,59,17,34,384
,11,0,63,383
,16,1,90,383
,63,16,89,383
,0,16,110,382
,11,15,28,382
,16,21,87,382
,25,10,31,382
,32,21,18,382
,47,16,34,382
,0,15,38,381
,11,8,124,381
,11,12,39,381
,11,18,40,381
,23,21,73,381
,45,24,51,381
,11,15,86,380
,11,20,107,380
,22,21,40,380
,24,16,21,380
,22,30,72,379
,31,16,45,379
,38,21,116,379
,45,21,87,379
,47,11,33,379
,31,6,115,378
,47,6,98,378
,47,7,49,378
,47,14,21,378
,0,12,93,377
,11,2,107,377
,40,1,4,377
,47,24,64,377
,20,2,80,376
,45,8,124,376
,9,13,0,375
,11,26,50,375
,35,21,40,375
,45,5,9,375
,0,23,10,374
,16,1,120,374
,25,16,28,374
,25,19,95,374
,44,21,112,374
,9,13,118,373
,11,4,49,373
,22,24,120,373
,34,13,2,373
,34,21,14,373
,0,7,57,372
,16,16,45,372
,31,7,41,372
,47,21,15,372
,0,18,8,371
,11,3,16,371
,46,4,124,371
,0,15,37,370
,0,24,57,370
,10,1,4,370
,11,7,49,370
,11,24,120,370
,20,12,118,370
,22,15,46,370
,31,24,64,370
,34,11,106,370
,52,8,105,370
,52,21,112,370
,63,21,126,370
,11,0,93,369
,22,30,92,369
,25,21,5,369
,47,15,53,369
,0,13,117,368
,20,8,105,368
,20,11,48,368
,47,6,78,368
,52,19,66,368
,63,1,57,368
,22,8,120,367
,59,24,113,367
,11,21,81,366
,16,24,113,366
,22,1,119,366
,22,30,34,366
,0,11,48,365
,20,7,41,365
,0,12,19,364
,0,13,103,364
,25,21,18,364
,41,18,8,364
,25,12,100,363
,31,24,13,363
,34,6,53,363
,34,14,110,363
,45,129,93,363
,47,1,90,363
,47,18,58,363
,59,7,105,363
,63,8,120,363
,0,12,100,362
,11,18,123,362
,11,29,66,362
,21,2,44,362
,35,13,82,362
,45,8,64,362
,59,10,62,362
,23,21,5,361
,32,18,88,361
,34,24,13,361
,47,16,55,361
,47,25,90,361
,52,22,93,361
,63,16,67,361
,0,4,120,360
,0,7,54,360
,23,9,68,360
,25,21,109,360
,35,21,37,360
,46,8,64,360
,47,13,118,360
,3,6,115,359
,22,10,29,359
,31,7,54,359
,31,11,108,359
,31,21,87,359
,47,26,104,359
,63,21,58,359
,20,18,58,358
,22,11,3,358
,31,26,9,358
,47,4,120,358
,0,29,66,357
,25,4,120,357
,31,22,12,357
,47,24,105,357
,47,24,119,357
,63,16,16,357
,0,19,69,356
,16,24,4,356
,32,21,52,356
,59,16,45,356
,59,23,110,356
,11,23,69,355
,11,30,55,355
,45,7,54,355
,47,13,24,355
,11,1,57,354
,11,18,7,354
,11,24,1,354
,22,13,33,354
,25,21,83,354
,31,24,99,354
,0,1,56,353
,11,19,45,353
,11,23,31,353
,31,8,64,353
,32,13,3,353
,32,13,106,353
,11,23,50,352
,22,31,108,352
,25,13,116,352
,25,18,8,352
,9,21,84,351
,25,12,33,351
,35,21,119,351
,47,7,64,351
,1,21,68,350
,9,21,103,350
,21,23,110,350
,31,21,84,350
,52,1,64,350
,59,8,64,350
,59,11,108,350
,0,25,23,349
,6,26,9,349
,9,8,120,349
,11,10,75,349
,34,16,55,349
,38,4,124,349
,59,8,23,349
,0,21,87,348
,16,11,127,348
,32,11,25,348
,45,22,33,348
,63,22,79,348
,0,14,50,347
,22,18,7,347
,34,11,25,347
,41,24,113,347
,47,9,22,347
,47,30,65,347
,22,16,21,346
,47,23,114,346
,47,30,78,346
,24,8,120,345
,47,16,80,345
,0,12,33,344
,0,24,51,344
,6,21,97,344
,22,15,77,344
,31,26,104,344
,45,13,76,344
,47,8,23,344
,11,8,89,343
,11,30,28,343
,16,8,90,343
,22,4,71,343
,22,28,118,343
,25,23,67,343
,28,4,124,343
,47,1,42,343
,16,22,24,342
,21,14,45,342
,25,16,6,342
,31,7,1,342
,0,25,59,341
,16,23,69,340
,22,4,17,340
,31,24,120,340
,47,4,105,340
,47,11,3,340
,59,24,57,340
,6,7,1,339
,6,10,75,339
,11,25,59,339
,20,11,71,339
,40,24,126,339
,52,1,120,339
,7,21,116,338
,16,16,110,338
,22,14,94,338
,31,14,50,338
,40,22,33,338
,52,13,3,338
,6,5,9,337
,22,16,85,337
,25,23,10,337
,31,23,21,337
,32,18,125,337
,47,11,106,337
,47,26,26,337
,59,14,28,337
,6,1,4,336
,11,13,127,336
,14,18,8,336
,25,6,115,336
,34,15,110,336
,44,23,67,336
,47,28,19,336
,16,22,20,335
,24,24,113,335
,31,24,4,335
,11,19,66,334
,11,31,25,334
,32,21,81,334
,45,129,62,334
,0,29,32,333
,22,1,120,333
,0,22,24,332
,20,18,29,332
,22,30,102,332
,25,8,57,332
,35,21,113,332
,49,16,21,332
,11,3,114,331
,47,11,12,331
,60,23,67,331
,6,23,110,330
,11,1,58,330
,22,21,96,330
,25,129,75,330
,34,21,84,330
,34,30,92,330
,63,16,110,330
,63,22,16,330
,11,11,12,329
,11,15,37,329
,20,23,125,329
,21,22,24,329
,25,23,80,329
,31,14,45,329
,31,21,97,329
,34,15,88,329
,47,15,74,329
,52,10,62,329
,63,26,67,329
,0,9,76,328
,9,10,75,328
,11,13,118,328
,20,20,102,328
,22,11,70,328
,22,15,10,328
,44,13,2,328
,63,21,112,328
,21,16,47,327
,22,13,27,327
,45,8,105,327
,45,12,33,327
,47,16,114,327
,11,19,9,326
,31,23,47,326
,44,1,4,326
,52,12,75,326
,59,22,33,326
,0,11,108,325
,0,129,75,325
,22,15,88,325
,22,30,31,325
,31,16,67,325
,31,18,8,325
,31,26,47,325
,32,9,68,325
,40,11,48,325
,47,6,43,325
,52,24,120,325
,59,22,24,324
,20,12,27,323
,47,1,58,323
,47,14,92,323
,9,1,119,322
,9,7,54,322
,11,14,9,322
,22,10,123,322
,34,30,115,322
,52,8,57,322
,6,22,27,321
,11,7,23,321
,32,30,38,321
,49,23,21,321
,52,24,13,321
,11,21,18,320
,21,7,51,320
,31,21,72,320
,34,21,112,320
,52,24,126,320
,0,25,124,319
,11,8,51,319
,11,18,58,319
,52,16,80,319
,52,12,93,318
,59,16,92,318
,22,24,4,317
,25,24,119,317
,31,26,121,317
,34,13,106,317
,45,7,105,317
,45,11,108,317
,46,26,47,317
,21,4,124,316
,25,15,38,316
,47,14,34,316
,47,129,75,316
,59,25,90,316
,0,8,57,315
,11,6,22,315
,11,10,33,315
,16,22,63,315
,45,21,0,315
,47,28,30,315
,52,24,113,315
,59,12,100,315
,10,8,120,314
,11,22,127,314
,22,13,6,314
,25,5,31,314
,52,24,11,314
,59,24,11,314
,16,16,67,313
,23,21,13,313
,31,21,52,313
,35,21,5,313
,35,21,30,313
,47,1,123,313
,11,30,81,312
,22,6,73,312
,34,21,109,312
,9,9,30,311
,11,9,68,311
,22,14,45,311
,31,8,90,311
,40,23,110,311
,45,21,52,311
,47,26,45,311
,20,7,120,310
,25,7,49,310
,59,18,8,310
,25,2,44,309
,34,11,27,309
,35,21,1,309
,40,18,7,309
,40,23,45,309
,47,20,107,309
,11,30,74,308
,17,8,105,308
,40,20,102,308
,11,21,72,307
,22,26,67,307
,25,26,26,307
,25,129,63,307
,31,22,24,307
,35,22,27,307
,40,129,63,307
,20,129,33,306
,22,14,102,306
,22,21,115,306
,45,25,124,306
,47,8,124,306
,52,21,97,306
,59,11,127,306
,0,14,45,305
,0,15,50,305
,1,5,104,305
,11,16,44,305
,11,21,40,305
,11,129,75,305
,20,23,47,305
,44,24,113,305
,47,8,4,305
,47,18,99,305
,52,7,41,305
,22,18,15,304
,25,13,127,304
,11,15,22,303
,11,15,38,303
,21,5,104,303
,31,1,120,303
,34,11,108,303
,34,21,87,303
,40,3,77,303
,59,1,64,303
,59,15,35,303
,0,9,30,302
,0,11,12,302
,47,6,34,302
,47,23,28,302
,11,13,52,301
,11,31,127,301
,22,25,90,301
,25,11,108,301
,34,15,35,301
,52,26,47,301
,6,12,75,300
,11,7,90,300
,22,30,88,300
,31,13,2,300
,59,20,102,300
,0,4,41,299
,11,23,16,299
,11,31,63,299
,20,22,33,299
,25,16,85,299
,35,13,71,299
,47,1,11,299
,47,12,79,299
,47,21,115,299
,11,14,67,298
,25,129,62,298
,47,18,87,298
,0,8,1,297
,11,16,34,297
,21,1,64,297
,31,9,30,297
,47,14,60,297
,47,21,99,297
,47,31,108,297
,59,26,45,297
,11,6,96,296
,11,15,53,296
,11,129,16,296
,22,21,70,296
,25,8,105,296
,35,13,109,296
,47,8,1,296
,52,23,47,296
,11,21,99,295
,22,14,110,295
,22,21,81,295
,25,129,33,295
,31,23,45,295
,32,24,99,295
,47,12,63,295
,49,21,101,295
,16,16,65,294
,22,29,32,294
,38,21,112,294
,52,129,63,294
,0,26,104,293
,0,129,62,293
,11,8,49,293
,11,24,40,293
,16,8,23,293
,25,7,105,293
,35,9,30,293
,37,30,92,293
,44,13,3,293
,44,21,0,293
,59,29,91,293
,22,3,16,292
,25,21,72,292
,47,30,53,292
,11,16,86,291
,11,16,92,291
,16,13,117,291
,31,12,19,291
,45,23,110,291
,46,10,62,291
,52,7,105,291
,52,22,33,291
,59,21,112,291
,59,22,127,291
,0,23,21,290
,6,8,64,290
,11,2,114,290
,20,8,90,290
,20,14,45,290
,31,11,12,290
,38,13,3,290
,38,24,11,290
,44,30,44,290
,45,7,120,290
,47,23,69,290
,6,26,47,289
,11,30,110,289
,20,26,45,289
,20,26,60,289
,22,16,73,289
,44,24,11,289
,49,23,67,289
,59,22,20,289
,9,5,9,288
,11,14,69,288
,22,21,0,288
,25,7,120,288
,31,24,1,288
,32,22,19,288
,45,22,63,288
,47,6,74,288
,47,18,119,288
,47,22,117,288
,47,24,56,288
,11,24,56,287
,15,22,24,287
,20,22,27,287
,22,20,89,287
,31,16,47,287
,31,129,63,287
,32,23,21,287
,32,25,59,287
,35,21,126,287
,45,18,7,287
,47,21,11,287
,47,23,47,287
,47,30,111,287
,22,16,110,286
,45,13,3,286
,45,26,67,286
,47,14,61,286
,47,18,59,286
,47,24,120,286
,59,1,120,286
,0,26,110,285
,21,22,33,285
,31,1,90,285
,34,1,4,285
,47,3,114,285
,47,24,70,285
,47,30,18,285
,52,16,28,285
,59,8,114,285
,0,4,1,284
,0,8,124,284
,0,23,45,284
,1,24,13,284
,10,24,57,284
,22,14,28,284
,31,18,29,284
,34,15,32,284
,43,4,124,284
,45,18,8,284
,52,16,92,284
,25,22,33,283
,40,13,103,283
,45,22,93,283
,47,24,41,283
,47,30,34,283
,47,129,27,283
,52,12,33,283
,59,0,63,283
,59,1,90,283
,21,129,33,282
,22,9,30,282
,31,12,93,282
,32,21,5,282
,34,21,97,282
,11,2,46,281
,20,16,21,281
,22,30,110,281
,25,2,80,281
,34,17,22,281
,47,2,46,281
,47,13,19,281
,11,1,40,280
,22,6,14,280
,33,14,34,280
,45,129,33,280
,47,29,66,280
,0,6,72,279
,0,28,118,279
,9,12,19,279
,11,1,99,279
,14,11,48,279
,22,21,29,279
,25,13,52,279
,31,23,50,279
,33,20,102,279
,47,21,37,279
,59,13,117,279
,11,11,17,278
,17,26,67,278
,20,13,3,278
,24,2,44,278
,32,31,25,278
,40,12,93,278
,45,13,106,278
,47,21,113,278
,59,13,2,278
,0,12,24,277
,9,21,18,277
,11,8,4,277
,11,30,115,277
,16,8,57,277
,25,26,104,277
,44,4,124,277
,45,8,57,277
,45,13,117,277
,47,30,114,277
,47,129,62,277
,0,30,115,276
,22,3,88,276
,22,16,46,276
,22,16,79,276
,22,26,47,276
,47,14,114,276
,63,3,94,276
,9,7,1,275
,9,16,21,275
,22,18,59,275
,38,7,57,275
,40,11,17,275
,40,23,26,275
,45,26,121,275
,45,129,63,275
,52,7,120,275
,0,21,52,274
,0,26,50,274
,17,10,62,274
,22,3,59,274
,22,11,52,274
,34,9,68,274
,34,18,126,274
,45,13,27,274
,59,13,3,274
,0,18,56,273
,0,22,93,273
,11,21,14,273
,16,8,64,273
,22,1,1,273
,22,23,21,273
,31,23,9,273
,45,12,19,273
,45,24,4,273
,52,8,124,273
,59,13,76,273
,59,30,28,273
,6,4,49,272
,11,2,21,272
,25,21,13,272
,35,11,127,272
,47,0,63,272
,47,22,93,272
,49,21,97,272
,63,16,88,272
,1,21,116,271
,11,15,115,271
,20,129,24,271
,47,0,33,271
,47,21,51,271
,52,22,2,271
,0,4,23,270
,0,19,50,270
,11,25,120,270
,21,7,105,270
,22,11,117,270
,25,12,24,270
,31,16,92,270
,34,21,81,270
,40,23,125,270
,0,27,51,269
,0,29,95,269
,11,20,111,269
,22,30,28,269
,24,24,57,269
,25,13,71,269
,25,13,109,269
,32,16,85,269
,46,8,120,269
,47,2,114,269
,47,22,106,269
,47,30,14,269
,63,16,125,269
,5,5,104,268
,16,129,63,268
,22,21,101,268
,22,22,12,268
,26,16,65,268
,31,16,80,268
,35,16,21,268
,52,22,63,268
,11,31,20,267
,20,1,40,267
,22,8,89,267
,45,23,21,267
,59,18,7,267
,0,7,120,266
,0,31,20,266
,16,22,127,266
,22,4,26,266
,25,22,24,266
,31,7,105,266
,33,14,110,266
,37,16,28,266
,44,5,121,266
,47,22,20,266
,11,30,34,265
,16,13,27,265
,22,15,37,265
,23,24,11,265
,24,24,11,265
,38,10,62,265
,45,7,51,265
,45,29,32,265
,52,5,104,265
,59,7,49,265
,0,15,22,264
,11,6,34,264
,11,15,66,264
,22,21,36,264
,25,1,113,264
,34,16,6,264
,35,21,103,264
,46,1,64,264
,0,31,62,263
,11,4,64,263
,21,8,57,263
,21,16,110,263
,21,22,27,263
,22,21,68,263
,31,21,68,263
,37,11,127,263
,40,24,57,263
,45,8,56,263
,47,14,69,263
,47,22,15,263
,47,24,1,263
,59,2,107,263
,59,24,99,263
,0,22,63,262
,0,30,50,262
,9,21,13,262
,10,16,28,262
,11,8,11,262
,11,23,9,262
,20,10,62,262
,22,12,100,262
,22,22,27,262
,45,129,75,262
,47,10,33,262
,47,15,34,262
,0,1,113,261
,6,26,67,261
,9,26,9,261
,11,4,56,261
,11,18,126,261
,22,8,105,261
,34,30,89,261
,47,21,122,261
,59,16,110,261
,11,129,20,260
,20,129,63,260
,22,12,19,260
,22,21,58,260
,31,12,75,260
,32,10,31,260
,37,14,92,260
,47,14,55,260
,52,7,51,260
,52,129,93,260
,11,16,69,259
,11,18,56,259
,11,29,37,259
,22,6,77,259
,22,15,91,259
,22,18,56,259
,31,7,57,259
,31,11,48,259
,31,129,62,259
,35,21,18,259
,45,8,90,259
,46,7,41,259
,47,7,90,259
,47,18,56,259
,47,30,98,259
,9,129,93,258
,11,16,16,258
,21,22,93,258
,31,18,7,258
,31,23,110,258
,40,23,47,258
,59,1,119,258
,11,1,7,257
,11,2,10,257
,21,22,19,257
,22,18,42,257
,25,8,90,257
,34,13,68,257
,42,16,21,257
,47,30,50,257
,52,1,56,257
,59,12,39,257
,63,23,45,257
,15,18,1,256
,16,23,45,256
,17,23,67,256
,32,15,32,256
,45,16,28,256
,46,12,19,256
,47,31,127,256
,63,13,3,256
,0,11,71,255
,0,31,12,255
,11,22,20,255
,16,16,125,255
,21,12,100,255
,21,26,60,255
,22,21,126,255
,31,13,6,255
,34,15,66,255
,34,24,42,255
,40,8,90,255
,44,24,126,255
,46,7,54,255
,47,13,52,255
,47,16,86,255
,47,30,73,255
,59,24,23,255
,0,26,121,254
,16,13,127,254
,16,24,119,254
,32,10,62,254
,32,16,44,254
,40,12,100,254
,47,6,6,254
,47,23,107,254
,22,13,76,253
,22,14,89,253
,31,30,86,253
,35,30,92,253
,40,12,24,253
,45,31,39,253
,63,22,63,253
,9,21,5,252
,9,21,109,252
,11,6,6,252
,11,7,56,252
,11,12,20,252
,22,7,57,252
,22,24,51,252
,22,24,97,252
,25,11,48,252
,25,16,110,252
,32,24,126,252
,45,22,24,252
,0,13,27,251
,11,26,69,251
,20,26,31,251
,22,3,123,251
,22,18,58,251
,32,11,48,251
,35,11,108,251
,38,24,113,251
,40,22,63,251
,41,24,11,251
,46,23,10,251
,47,14,107,251
,59,8,124,251
,0,16,28,250
,23,21,87,250
,34,24,113,250
,47,4,1,250
,47,25,4,250
,52,19,61,250
,14,21,8,249
,22,13,70,249
,31,13,103,249
,59,11,48,249
,0,10,31,248
,0,25,90,248
,0,26,45,248
,11,12,12,248
,15,5,121,248
,16,24,23,248
,17,129,63,248
,20,21,68,248
,22,21,43,248
,31,16,50,248
,31,22,75,248
,34,13,76,248
,47,4,26,248
,11,14,31,247
,11,129,79,247
,16,11,108,247
,16,30,65,247
,24,8,64,247
,32,30,115,247
,38,8,120,247
,47,3,16,247
,59,26,47,247
,11,14,65,246
,11,30,65,246
,18,21,30,246
,21,3,94,246
,22,6,122,246
,22,8,90,246
,25,8,1,246
,31,16,69,246
,47,8,89,246
,59,11,71,246
,9,13,71,245
,9,21,14,245
,11,6,72,245
,22,23,67,245
,22,30,38,245
,25,8,124,245
,34,30,65,245
,38,24,126,245
,1,21,99,244
,2,8,64,244
,11,30,50,244
,23,13,117,244
,23,21,2,244
,24,22,27,244
,47,9,109,244
,47,10,8,244
,47,21,6,244
,47,25,7,244
,47,129,24,244
,63,24,11,244
,0,26,26,243
,0,30,6,243
,11,13,82,243
,11,18,64,243
,11,22,16,243
,22,9,22,243
,25,13,0,243
,25,15,37,243
,32,5,121,243
,40,1,57,243
,47,3,59,243
,47,9,72,243
,47,21,2,243
,52,21,18,243
,52,21,68,243
,63,1,7,243
,11,14,114,242
,14,1,8,242
,17,8,120,242
,20,22,24,242
,21,13,118,242
,25,21,96,242
,46,12,24,242
,52,8,56,242
,52,13,76,242
,52,13,118,242
,9,16,28,241
,25,9,84,241
,32,14,61,241
,47,16,65,241
,52,24,64,241
,63,7,41,241
,63,16,28,241
,63,16,85,241
,0,25,41,240
,2,8,105,240
,3,5,104,240
,6,16,28,240
,14,6,115,240
,18,21,0,240
,21,8,54,240
,21,21,112,240
,34,18,7,240
,43,10,62,240
,45,13,103,240
,47,13,15,240
,47,13,81,240
,47,26,110,240
,0,23,47,239
,0,31,39,239
,1,4,124,239
,22,14,35,239
,47,16,107,239
,52,23,110,239
,59,21,87,239
,63,23,110,239
,11,18,87,238
,11,23,85,238
,11,25,23,238
,20,7,64,238
,21,10,62,238
,21,14,28,238
,25,5,95,238
,25,12,79,238
,32,30,74,238
,41,30,55,238
,45,19,95,238
,45,24,126,238
,47,28,106,238
,9,13,24,237
,11,20,25,237
,21,1,120,237
,22,21,97,237
,24,13,117,237
,31,24,54,237
,47,16,16,237
,52,8,1,237
,59,7,54,237
,11,14,26,236
,11,30,92,236
,20,24,11,236
,21,21,0,236
,24,24,42,236
,25,19,61,236
,25,30,37,236
,45,16,110,236
,0,19,65,235
,11,23,82,235
,21,18,29,235
,24,16,92,235
,25,20,102,235
,25,129,27,235
,31,24,41,235
,32,24,54,235
,47,21,4,235
,47,30,35,235
,52,1,57,235
,63,22,33,235
,25,0,93,234
,25,18,7,234
,32,28,118,234
,34,30,114,234
,47,2,10,234
,9,16,85,233
,11,8,59,233
,11,13,109,233
,22,30,60,233
,32,18,8,233
,32,21,14,233
,35,21,121,233
,38,16,21,233
,40,16,28,233
,47,2,21,233
,47,16,81,233
,47,25,119,233
,52,13,117,233
,0,21,84,232
,6,7,41,232
,11,1,11,232
,11,16,89,232
,16,30,14,232
,22,15,34,232
,22,21,46,232
,22,25,29,232
,31,21,5,232
,44,21,68,232
,45,24,64,232
,46,7,57,232
,47,4,64,232
,47,9,101,232
,47,21,3,232
,47,30,9,232
,63,11,108,232
,11,129,12,231
,20,8,54,231
,22,1,90,231
,31,5,121,231
,45,13,118,231
,47,19,95,231
,47,21,46,231
,63,8,64,231
,9,11,108,230
,10,22,27,230
,11,14,47,230
,11,31,12,230
,31,7,49,230
,37,22,27,230
,40,8,56,230
,40,11,108,230
,40,21,68,230
,44,10,62,230
,45,26,31,230
,52,8,90,230
,63,24,97,230
,11,28,118,229
,11,129,19,229
,16,1,23,229
,20,8,57,229
,21,9,30,229
,22,14,111,229
,22,18,119,229
,25,6,22,229
,25,10,39,229
,32,22,27,229
,35,13,24,229
,45,1,4,229
,47,8,59,229
,47,14,35,229
,47,21,74,229
,52,13,27,229
,25,4,26,228
,25,4,56,228
,25,11,127,228
,25,24,23,228
,32,29,32,228
,34,14,86,228
,34,16,110,228
,35,11,71,228
,47,12,6,228
,59,22,93,228
,59,31,25,228
,0,12,27,227
,11,12,79,227
,11,16,125,227
,11,129,100,227
,22,6,9,227
,22,14,65,227
,25,13,18,227
,34,13,116,227
,35,21,80,227
,35,22,24,227
,35,30,14,227
,45,24,13,227
,47,15,10,227
,52,24,1,227
,9,24,41,226
,11,11,27,226
,11,14,125,226
,11,15,35,226
,20,24,113,226
,33,5,104,226
,11,0,24,225
,11,22,12,225
,15,23,110,225
,16,26,9,225
,25,1,119,225
,31,13,118,225
,31,24,56,225
,32,1,88,225
,47,15,14,225
,47,16,45,225
,52,9,30,225
,0,7,56,224
,0,23,80,224
,0,24,1,224
,6,26,31,224
,11,22,71,224
,14,30,115,224
,20,3,77,224
,22,18,113,224
,22,30,70,224
,24,7,54,224
,25,4,41,224
,46,8,105,224
,47,14,65,224
,47,30,43,224
,52,5,9,224
,0,11,3,223
,0,18,40,223
,0,24,4,223
,9,13,52,223
,11,15,32,223
,11,15,50,223
,20,1,8,223
,31,15,35,223
,31,24,23,223
,31,26,67,223
,32,15,53,223
,35,1,40,223
,40,4,124,223
,63,7,105,223
,11,4,41,222
,16,11,48,222
,20,7,1,222
,20,7,105,222
,21,129,63,222
,22,13,103,222
,23,9,6,222
,25,28,118,222
,31,1,119,222
,45,8,1,222
,47,8,56,222
,47,11,117,222
,59,24,4,222
,0,31,25,221
,2,1,64,221
,21,12,24,221
,25,15,91,221
,32,4,124,221
,47,11,27,221
,59,22,2,221
,0,14,110,220
,31,30,28,220
,32,21,58,220
,34,21,6,220
,38,21,0,220
,40,16,50,220
,47,16,125,220
,59,26,121,220
,59,129,33,220
,0,10,12,219
,7,5,104,219
,11,15,88,219
,20,16,101,219
,22,30,15,219
,31,129,93,219
,32,25,88,219
,44,13,117,219
,45,25,41,219
,45,26,104,219
,47,15,6,219
,47,15,110,219
,9,11,127,218
,11,22,117,218
,22,21,112,218
,23,13,2,218
,31,16,10,218
,34,24,11,218
,35,1,7,218
,35,18,40,218
,40,7,105,218
,40,7,120,218
,45,7,49,218
,45,12,100,218
,47,27,51,218
,52,13,103,218
,59,14,92,218
,59,18,29,218
,0,24,112,217
,0,30,86,217
,9,23,21,217
,11,17,35,217
,20,11,52,217
,21,20,102,217
,21,24,113,217
,22,14,46,217
,22,15,28,217
,34,11,71,217
,45,24,120,217
,47,11,52,217
,47,12,39,217
,47,18,113,217
,47,22,12,217
,11,14,107,216
,11,16,107,216
,20,24,126,216
,25,21,126,216
,35,16,28,216
,35,18,7,216
,44,7,57,216
,48,4,124,216
,63,129,79,216
,0,18,7,215
,1,21,30,215
,6,5,60,215
,11,4,26,215
,15,20,111,215
,22,16,30,215
,22,23,107,215
,41,11,48,215
,47,15,78,215
,0,15,55,214
,0,24,97,214
,0,25,49,214
,2,8,120,214
,2,26,47,214
,11,21,3,214
,16,23,21,214
,22,14,44,214
,25,1,58,214
,25,13,82,214
,31,15,38,214
,31,30,50,214
,32,15,25,214
,32,21,83,214
,45,25,56,214
,47,3,88,214
,47,7,23,214
,63,13,76,214
,63,16,26,214
,0,29,35,213
,11,5,95,213
,21,23,107,213
,22,21,14,213
,25,7,64,213
,25,25,59,213
,31,11,71,213
,35,1,113,213
,35,21,57,213
,40,21,112,213
,40,30,81,213
,47,12,16,213
,63,8,89,213
,63,23,26,213
,0,10,63,212
,6,21,52,212
,11,16,65,212
,11,23,34,212
,15,5,47,212
,16,16,89,212
,16,24,120,212
,20,23,45,212
,21,12,33,212
,24,13,106,212
,25,30,6,212
,45,21,58,212
,47,6,84,212
,0,12,39,211
,0,14,86,211
,6,7,54,211
,9,1,113,211
,9,22,24,211
,20,11,127,211
,22,3,26,211
,22,28,100,211
,35,30,37,211
,40,24,11,211
,44,21,97,211
,45,4,56,211
,47,16,67,211
,1,21,97,210
,11,23,86,210
,15,5,9,210
,21,20,107,210
,25,16,92,210
,31,13,116,210
,31,16,9,210
,32,6,37,210
,32,21,30,210
,35,21,46,210
,40,14,50,210
,44,24,99,210
,45,1,120,210
,45,12,118,210
,45,23,80,210
,47,16,74,210
,47,21,71,210
,0,11,33,209
,1,24,11,209
,7,13,76,209
,9,11,103,209
,11,21,13,209
,11,23,28,209
,20,12,33,209
,22,18,4,209
,25,18,29,209
,31,8,57,209
,31,23,80,209
,35,8,120,209
,40,16,80,209
,45,25,49,209
,47,11,76,209
,59,25,59,209
,0,5,50,208
,0,10,95,208
,3,11,17,208
,6,7,57,208
,11,3,59,208
,21,13,3,208
,22,21,113,208
,34,1,119,208
,47,15,81,208
,47,16,5,208
,52,16,45,208
,0,1,120,207
,0,23,31,207
,2,7,54,207
,6,8,105,207
,10,16,92,207
,20,11,108,207
,21,8,90,207
,22,6,86,207
,22,21,11,207
,24,21,97,207
,28,5,104,207
,31,26,60,207
,37,1,119,207
,47,13,33,207
,55,4,124,207
,11,16,26,206
,22,10,77,206
,22,21,1,206
,25,21,8,206
,28,10,62,206
,31,12,33,206
,31,24,105,206
,40,8,54,206
,47,30,72,206
,9,7,41,205
,11,5,31,205
,16,22,33,205
,16,24,64,205
,20,12,100,205
,20,129,93,205
,21,1,4,205
,23,13,76,205
,25,11,71,205
,35,11,52,205
,37,16,110,205
,38,26,47,205
,47,3,123,205
,47,16,89,205
,47,20,17,205
,47,21,76,205
,47,25,23,205
,52,12,24,205
,52,13,106,205
,59,24,42,205
,59,24,51,205
,59,24,126,205
,63,22,127,205
,0,20,102,204
,9,13,109,204
,11,3,26,204
,16,18,8,204
,16,30,110,204
,21,21,18,204
,22,4,3,204
,22,13,127,204
,23,24,113,204
,25,1,64,204
,38,24,57,204
,40,16,34,204
,45,7,64,204
,45,19,61,204
,52,12,19,204
,0,7,64,203
,0,22,12,203
,16,14,45,203
,21,7,1,203
,22,129,16,203
,23,21,84,203
,25,21,37,203
,28,8,120,203
,32,9,109,203
,34,30,88,203
,40,1,120,203
,47,29,38,203
,63,18,7,203
,0,3,94,202
,9,21,83,202
,11,8,103,202
,11,15,91,202
,15,26,60,202
,21,16,28,202
,21,23,114,202
,22,17,22,202
,22,129,77,202
,25,30,55,202
,31,12,24,202
,35,1,58,202
,40,18,29,202
,40,23,80,202
,47,13,48,202
,47,13,82,202
,52,129,75,202
,59,15,92,202
,0,1,90,201
,0,21,18,201
,11,3,79,201
,11,6,14,201
,11,25,4,201
,17,7,105,201
,22,11,75,201
,25,3,94,201
,31,7,56,201
,31,8,1,201
,31,21,115,201
,34,15,91,201
,35,21,11,201
,46,26,60,201
,47,1,23,201
,47,8,49,201
,10,1,90,200
,11,9,109,200
,11,18,113,200
,17,5,104,200
,22,12,20,200
,24,13,3,200
,24,21,116,200
,25,23,47,200
,25,30,74,200
,28,6,115,200
,31,12,100,200
,32,21,85,200
,33,30,50,200
,40,14,21,200
,45,1,64,200
,45,10,39,200
,46,22,33,200
,59,3,94,200
,0,1,119,199
,11,13,24,199
,11,25,119,199
,11,30,36,199
,16,18,4,199
,22,16,28,199
,22,21,18,199
,22,23,86,199
,25,13,6,199
,31,13,127,199
,31,21,8,199
,32,11,127,199
,40,16,110,199
,40,21,87,199
,47,12,20,199
,47,13,85,199
,47,15,88,199
,47,16,84,199
,47,23,34,199
,52,18,8,199
,0,11,127,198
,6,21,87,198
,6,22,24,198
,9,1,58,198
,9,12,93,198
,9,13,82,198
,11,11,52,198
,11,18,119,198
,11,31,39,198
,16,7,41,198
,22,6,55,198
,22,16,31,198
,22,21,5,198
,31,14,9,198
,31,30,10,198
,34,21,13,198
,40,12,118,198
,45,21,84,198
,47,21,43,198
,1,21,0,197
,7,4,124,197
,11,24,119,197
,16,18,7,197
,20,16,28,197
,21,14,67,197
,22,22,63,197
,25,21,76,197
,25,29,32,197
,32,13,103,197
,34,14,28,197
,34,16,21,197
,38,24,99,197
,40,24,113,197
,45,4,1,197
,45,26,80,197
,47,0,93,197
,47,21,118,197
,47,22,79,197
,59,11,25,197
,59,31,108,197
,59,129,62,197
,11,1,23,196
,11,20,125,196
,11,22,106,196
,11,26,104,196
,20,14,28,196
,21,12,93,196
,31,21,96,196
,32,18,7,196
,34,21,103,196
,35,4,124,196
,38,12,19,196
,47,21,1,196
,48,5,121,196
,52,7,54,196
,52,7,57,196
,59,1,56,196
,63,14,21,196
,0,9,84,195
,7,21,0,195
,9,12,118,195
,11,26,107,195
,11,30,111,195
,21,3,114,195
,22,15,60,195
,22,28,106,195
,22,30,119,195
,37,23,67,195
,46,26,31,195
,0,16,10,194
,0,21,5,194
,9,21,126,194
,11,4,1,194
,21,21,68,194
,22,25,94,194
,22,30,48,194
,25,11,52,194
,31,11,127,194
,31,21,83,194
,31,24,119,194
,31,129,12,194
,33,4,124,194
,40,14,34,194
,47,4,52,194
,47,15,9,194
,47,28,24,194
,0,10,93,193
,0,31,95,193
,1,13,2,193
,9,2,44,193
,10,1,64,193
,11,10,93,193
,11,16,85,193
,22,22,106,193
,35,1,57,193
,40,25,56,193
,46,23,67,193
,59,7,1,193
,6,24,57,192
,11,3,88,192
,11,129,62,192
,15,24,57,192
,16,21,52,192
,17,23,69,192
,21,8,56,192
,21,21,84,192
,22,10,87,192
,24,23,110,192
,32,22,24,192
,40,7,1,192
,47,129,100,192
,52,16,125,192
,59,12,24,192
,59,23,47,192
,0,7,124,191
,0,129,12,191
,11,13,33,191
,11,16,50,191
,16,26,67,191
,20,16,110,191
,22,15,65,191
,22,30,73,191
,24,21,112,191
,25,18,58,191
,31,21,58,191
,32,21,8,191
,34,1,64,191
,47,3,79,191
,47,6,83,191
,47,8,111,191
,52,16,47,191
,59,18,4,191
,0,23,9,190
,9,26,31,190
,15,8,64,190
,23,21,52,190
,24,23,21,190
,25,15,35,190
,25,22,93,190
,25,22,127,190
,31,24,97,190
,38,5,121,190
,38,7,54,190
,40,14,28,190
,40,14,85,190
,47,5,31,190
,47,10,93,190
,47,11,103,190
,47,23,26,190
,47,28,2,190
,52,14,45,190
,0,12,63,189
,9,21,96,189
,10,4,124,189
,21,21,97,189
,22,24,41,189
,23,21,18,189
,25,30,115,189
,31,16,85,189
,35,13,25,189
,38,13,106,189
,44,9,30,189
,44,26,47,189
,45,23,47,189
,45,24,42,189
,52,1,90,189
,52,129,33,189
,59,21,97,189
,1,22,2,188
,6,26,60,188
,10,16,80,188
,10,23,67,188
,11,2,82,188
,11,6,37,188
,15,8,120,188
,16,7,105,188
,20,24,99,188
,25,4,52,188
,31,15,37,188
,31,21,37,188
,31,129,75,188
,34,30,78,188
,47,9,96,188
,47,10,39,188
,47,21,117,188
,52,13,2,188
,52,23,31,188
,59,16,67,188
,0,13,118,187
,1,29,37,187
,6,17,34,187
,10,24,4,187
,11,16,84,187
,11,23,89,187
,11,31,108,187
,20,21,58,187
,22,30,26,187
,31,28,118,187
,32,21,55,187
,32,21,126,187
,35,21,76,187
,35,24,120,187
,59,8,56,187
,59,16,34,187
,63,1,119,187
,0,15,9,186
,2,11,48,186
,6,12,19,186
,6,129,33,186
,7,21,112,186
,9,7,51,186
,11,10,63,186
,16,6,14,186
,20,14,86,186
,32,25,23,186
,40,22,93,186
,45,26,60,186
,59,15,28,186
,0,5,67,185
,0,24,56,185
,11,0,27,185
,11,19,50,185
,17,8,90,185
,22,3,107,185
,22,29,35,185
,22,30,7,185
,25,26,45,185
,31,6,22,185
,31,13,24,185
,34,21,126,185
,35,21,54,185
,35,24,59,185
,47,13,12,185
,47,19,9,185
,48,5,104,185
,59,28,24,185
,0,24,120,184
,2,18,8,184
,25,129,79,184
,31,18,56,184
,32,8,120,184
,34,6,55,184
,35,13,18,184
,38,13,76,184
,47,15,18,184
,47,15,111,184
,52,10,75,184
,52,12,118,184
,52,25,56,184
,59,1,113,184
,59,7,23,184
,59,8,49,184
,59,12,75,184
,0,16,9,183
,0,21,103,183
,0,22,75,183
,9,8,57,183
,11,22,79,183
,16,15,66,183
,20,1,120,183
,25,21,30,183
,31,6,122,183
,31,23,10,183
,40,16,16,183
,44,8,120,183
,44,13,106,183
,45,1,56,183
,47,1,126,183
,47,4,48,183
,47,15,65,183
,48,10,62,183
,1,10,62,182
,11,24,112,182
,16,15,35,182
,25,8,51,182
,25,11,103,182
,25,13,55,182
,25,15,22,182
,31,14,86,182
,31,30,92,182
,34,10,31,182
,34,30,35,182
,35,30,28,182
,40,16,125,182
,45,17,38,182
,47,15,46,182
,47,23,125,182
,52,11,127,182
,59,23,80,182
,0,9,68,181
,0,14,65,181
,0,27,1,181
,9,18,58,181
,11,12,106,181
,11,16,67,181
,20,1,56,181
,21,24,126,181
,22,6,46,181
,22,22,77,181
,24,16,28,181
,31,15,86,181
,31,29,91,181
,34,1,56,181
,34,6,116,181
,38,21,97,181
,40,7,54,181
,40,11,127,181
,43,11,108,181
,45,7,57,181
,47,8,13,181
,47,10,87,181
,0,19,121,180
,6,12,33,180
,16,18,119,180
,20,129,27,180
,22,30,4,180
,24,23,67,180
,31,13,18,180
,31,30,37,180
,32,14,28,180
,32,21,2,180
,32,25,90,180
,34,6,72,180
,34,21,73,180
,34,30,111,180
,35,24,105,180
,40,16,67,180
,45,22,127,180
,47,22,16,180
,47,25,124,180
,59,13,27,180
,0,5,61,179
,0,13,116,179
,0,21,8,179
,2,26,9,179
,9,4,49,179
,11,16,55,179
,11,18,59,179
,15,15,55,179
,18,21,109,179
,22,11,102,179
,25,13,24,179
,31,7,120,179
,32,1,54,179
,34,20,107,179
,44,5,60,179
,45,25,90,179
,47,24,40,179
,52,12,100,179
,59,16,125,179
,2,14,86,178
,2,26,67,178
,6,12,93,178
,6,24,113,178
,11,15,65,178
,11,16,114,178
,22,24,87,178
,32,24,97,178
,34,31,25,178
,35,21,72,178
,44,15,92,178
,45,11,48,178
,47,23,85,178
,47,31,39,178
,52,23,45,178
,56,10,62,178
,63,3,16,178
,63,8,90,178
,0,9,52,177
,0,11,17,177
,0,31,100,177
,9,16,6,177
,11,1,87,177
,11,11,25,177
,11,25,124,177
,15,30,55,177
,16,11,71,177
,16,13,3,177
,16,23,110,177
,25,16,44,177
,25,16,55,177
,25,24,54,177
,31,22,20,177
,34,15,65,177
,47,23,9,177
,47,30,22,177
,63,16,107,177
,0,24,64,176
,1,23,21,176
,9,7,57,176
,9,12,75,176
,9,18,8,176
,9,30,92,176
,11,14,61,176
,16,16,85,176
,20,24,4,176
,21,21,5,176
,22,13,52,176
,22,31,33,176
,23,4,124,176
,25,4,105,176
,32,24,85,176
,32,24,119,176
,34,21,83,176
,40,12,33,176
,47,6,55,176
,47,18,64,176
,47,21,55,176
,52,11,108,176
,52,16,89,176
,52,24,4,176
,0,1,29,175
,6,22,33,175
,6,129,63,175
,11,18,99,175
,11,19,32,175
,16,21,72,175
,16,23,80,175
,20,30,28,175
,22,9,72,175
,22,30,16,175
,25,11,17,175
,32,13,27,175
,32,14,66,175
,32,23,67,175
,35,28,118,175
,38,13,117,175
,47,17,38,175
,47,31,63,175
,47,129,19,175
,11,19,69,174
,11,24,82,174
,11,30,44,174
,16,1,56,174
,21,22,63,174
,22,1,57,174
,22,16,43,174
,31,13,109,174
,31,17,22,174
,31,21,109,174
,31,24,112,174
,35,1,120,174
,35,13,6,174
,40,27,90,174
,40,129,93,174
,41,24,126,174
,44,12,19,174
,44,23,21,174
,47,21,70,174
,56,4,124,174
,59,16,65,174
,59,30,92,174
,63,1,4,174
,63,15,88,174
,0,12,12,173
,0,30,9,173
,1,9,30,173
,10,30,114,173
,11,30,114,173
,16,13,5,173
,16,30,37,173
,22,14,31,173
,22,25,64,173
,31,1,57,173
,31,13,71,173
,31,18,40,173
,31,26,80,173
,35,24,41,173
,40,12,19,173
,40,129,27,173
,40,129,33,173
,44,16,21,173
,49,21,87,173
,63,8,103,173
,0,12,70,172
,0,16,80,172
,0,25,119,172
,6,129,93,172
,9,8,64,172
,11,1,126,172
,11,15,34,172
,11,16,81,172
,21,2,10,172
,21,11,71,172
,21,24,120,172
,22,1,7,172
,22,29,37,172
,23,13,55,172
,25,10,93,172
,25,22,106,172
,31,8,41,172
,34,9,81,172
,37,18,4,172
,47,12,44,172
,47,18,1,172
,0,21,109,171
,7,24,13,171
,9,13,100,171
,11,16,47,171
,11,21,113,171
,11,24,105,171
,15,23,21,171
,15,24,105,171
,20,1,54,171
,21,16,67,171
,22,6,38,171
,22,8,23,171
,22,14,92,171
,22,26,60,171
,22,129,33,171
,24,13,27,171
,25,9,68,171
,25,9,87,171
,25,10,87,171
,31,7,51,171
,32,18,59,171
,35,21,82,171
,38,24,13,171
,38,24,42,171
,43,5,104,171
,45,13,127,171
,45,19,9,171
,45,22,2,171
,63,4,124,171
,15,26,67,170
,16,30,111,170
,20,26,26,170
,22,14,55,170
,25,31,108,170
,32,8,54,170
,32,15,92,170
,32,21,37,170
,32,30,111,170
,35,13,52,170
,35,16,92,170
,37,8,57,170
,44,18,8,170
,45,4,41,170
,47,16,109,170
,47,31,20,170
,55,23,67,170
,59,14,35,170
,63,10,62,170
,63,21,0,170
,0,0,63,169
,0,21,83,169
,1,21,112,169
,3,11,48,169
,3,23,45,169
,11,12,70,169
,15,7,41,169
,16,1,7,169
,16,15,92,169
,21,26,47,169
,22,8,57,169
,22,28,44,169
,25,5,26,169
,25,6,14,169
,25,24,41,169
,34,11,33,169
,34,21,115,169
,35,11,48,169
,44,21,18,169
,45,21,18,169
,45,21,103,169
,47,22,71,169
,47,30,96,169
,48,24,51,169
,63,22,19,169
,0,0,93,168
,0,10,20,168
,0,23,26,168
,9,21,119,168
,11,17,38,168
,11,21,4,168
,11,21,101,168
,16,1,11,168
,16,16,107,168
,21,129,24,168
,22,6,81,168
,22,15,110,168
,22,21,123,168
,25,6,122,168
,25,11,25,168
,25,22,63,168
,31,13,93,168
,31,18,4,168
,34,20,25,168
,38,12,24,168
,40,3,94,168
,40,24,51,168
,41,21,68,168
,43,23,21,168
,45,31,108,168
,47,2,82,168
,47,6,53,168
,47,6,73,168
,52,16,26,168
,52,23,9,168
,59,15,38,168
,60,16,67,168
,63,3,88,168
,0,22,117,167
,2,23,110,167
,7,24,99,167
,11,8,40,167
,11,29,35,167
,15,15,22,167
,16,30,21,167
,20,18,87,167
,24,129,33,167
,31,15,92,167
,31,30,6,167
,31,129,33,167
,34,13,0,167
,40,1,54,167
,44,7,54,167
,44,24,42,167
,44,26,67,167
,47,4,56,167
,47,13,0,167
,47,30,77,167
,47,129,16,167
,55,10,62,167
,59,4,49,167
,59,129,93,167
,0,16,6,166
,1,1,4,166
,9,21,76,166
,9,24,23,166
,11,12,6,166
,11,28,100,166
,15,16,110,166
,16,15,37,166
,20,1,90,166
,20,29,91,166
,22,20,10,166
,22,24,23,166
,24,7,1,166
,25,21,113,166
,31,17,38,166
,34,15,89,166
,34,21,3,166
,40,23,50,166
,44,1,64,166
,44,22,27,166
,45,31,62,166
,47,28,117,166
,59,14,110,166
,63,11,127,166
,63,129,63,166
,2,23,67,165
,6,129,75,165
,9,1,57,165
,11,13,6,165
,20,21,87,165
,21,21,96,165
,22,16,72,165
,25,2,46,165
,25,8,56,165
,25,9,52,165
,32,18,4,165
,34,17,96,165
,40,13,76,165
,47,30,89,165
,49,22,27,165
,59,11,12,165
,6,23,80,164
,11,16,45,164
,15,11,75,164
,20,8,41,164
,20,24,57,164
,21,14,110,164
,21,26,9,164
,25,1,29,164
,25,11,3,164
,25,16,81,164
,25,21,40,164
,40,11,33,164
,45,1,90,164
,45,24,97,164
,46,5,60,164
,47,9,98,164
,47,24,87,164
,47,30,5,164
,59,1,57,164
,59,12,33,164
,59,12,93,164
,0,16,45,163
,0,31,108,163
,1,24,97,163
,2,1,4,163
,6,18,4,163
,9,16,92,163
,9,23,67,163
,11,9,84,163
,11,25,7,163
,11,30,14,163
,20,18,4,163
,22,1,70,163
,25,8,41,163
,25,26,10,163
,25,30,92,163
,34,18,8,163
,37,23,110,163
,40,22,19,163
,45,24,119,163
,46,18,8,163
,47,4,54,163
,52,14,50,163
,11,22,118,162
,15,24,11,162
,22,7,105,162
,22,14,125,162
,22,23,114,162
,23,21,81,162
,24,8,57,162
,31,22,127,162
,32,1,7,162
,34,11,76,162
,35,13,41,162
,35,21,8,162
,38,22,27,162
,46,3,94,162
,47,9,81,162
,47,13,65,162
,52,21,87,162
,52,25,90,162
,59,14,21,162
,6,12,100,161
,6,16,110,161
,6,31,25,161
,7,24,11,161
,9,26,60,161
,11,11,117,161
,11,20,89,161
,15,16,28,161
,16,13,24,161
,21,1,56,161
,21,7,120,161
,22,5,104,161
,22,12,24,161
,22,23,69,161
,22,24,105,161
,24,1,4,161
,25,7,113,161
,25,15,115,161
,31,11,17,161
,31,28,12,161
,32,11,108,161
,37,8,120,161
,45,5,60,161
,49,4,124,161
,49,5,104,161
,52,7,64,161
,59,4,105,161
,59,7,57,161
,59,12,63,161
,59,21,18,161
,63,16,114,161
,0,6,14,160
,0,22,127,160
,0,26,10,160
,11,12,16,160
,11,17,34,160
,11,21,6,160
,16,24,126,160
,22,18,94,160
,23,13,106,160
,23,24,13,160
,25,8,54,160
,25,22,117,160
,25,24,1,160
,32,11,71,160
,34,21,42,160
,35,13,93,160
,38,21,68,160
,40,11,71,160
,40,12,27,160
,42,23,67,160
,45,11,127,160
,45,16,92,160
,46,129,33,160
,52,25,124,160
,0,6,81,159
,0,9,87,159
,0,18,113,159
,15,18,29,159
,20,30,55,159
,22,14,23,159
,22,21,56,159
,22,24,40,159
,22,30,81,159
,25,1,7,159
,25,24,64,159
,31,21,40,159
,31,25,56,159
,31,25,124,159
,32,19,61,159
,34,13,109,159
,34,21,8,159
,35,13,100,159
,35,18,58,159
,40,1,56,159
,40,14,69,159
,44,13,103,159
,46,12,118,159
,47,16,73,159
,47,19,32,159
,50,24,23,159
,52,11,48,159
,52,18,4,159
,52,22,12,159
,59,12,19,159
,0,10,33,158
,0,13,127,158
,11,3,31,158
,11,3,110,158
,11,14,35,158
,11,16,101,158
,11,28,30,158
,11,30,37,158
,20,23,26,158
,22,11,6,158
,22,16,69,158
,22,16,111,158
,23,13,3,158
,24,5,121,158
,24,16,110,158
,25,31,25,158
,28,24,13,158
,31,12,39,158
,34,9,109,158
,35,18,4,158
,38,12,27,158
,38,23,67,158
,40,13,106,158
,45,12,24,158
,45,23,9,158
,47,7,124,158
,47,20,89,158
,52,1,119,158
,52,24,42,158
,52,26,31,158
,59,13,106,158
,59,18,58,158
,59,22,12,158
,1,21,5,157
,9,18,7,157
,9,21,11,157
,9,24,120,157
,11,14,66,157
,11,14,102,157
,11,15,55,157
,11,24,41,157
,16,14,110,157
,16,26,47,157
,17,8,64,157
,22,12,82,157
,24,22,33,157
,25,16,80,157
,31,1,113,157
,31,20,102,157
,32,9,84,157
,40,1,8,157
,40,30,28,157
,45,18,29,157
,47,18,112,157
,47,18,126,157
,59,6,115,157
,59,21,0,157
,59,22,19,157
,0,21,72,156
,0,29,38,156
,0,31,63,156
,9,13,18,156
,11,9,81,156
,11,13,81,156
,16,21,14,156
,17,7,41,156
,21,23,69,156
,22,129,93,156
,24,13,55,156
,25,30,38,156
,31,9,84,156
,31,12,118,156
,31,29,32,156
,32,14,45,156
,32,14,69,156
,34,18,4,156
,35,18,8,156
,40,15,66,156
,45,18,58,156
,45,31,95,156
,52,23,80,156
,59,31,127,156
,63,14,45,156
,2,14,45,155
,9,23,110,155
,15,14,28,155
,20,10,31,155
,21,24,1,155
,22,13,118,155
,22,25,114,155
,25,16,10,155
,25,28,106,155
,28,26,47,155
,32,8,64,155
,34,6,22,155
,35,1,64,155
,40,1,90,155
,41,21,5,155
,47,21,119,155
,47,22,3,155
,48,26,47,155
,52,16,16,155
,52,20,102,155
,0,21,58,154
,0,26,95,154
,10,8,57,154
,15,24,113,154
,21,8,124,154
,34,21,37,154
,35,5,104,154
,35,24,0,154
,35,24,54,154
,39,30,55,154
,40,31,20,154
,44,24,57,154
,45,7,124,154
,47,30,107,154
,52,19,95,154
,59,30,37,154
,63,13,127,154
,63,23,125,154
,0,7,23,153
,0,8,11,153
,0,129,24,153
,2,4,124,153
,3,1,29,153
,3,30,115,153
,11,4,54,153
,11,22,75,153
,16,14,69,153
,16,16,16,153
,16,16,34,153
,21,7,64,153
,21,12,118,153
,22,3,10,153
,22,6,34,153
,22,23,44,153
,22,129,63,153
,24,1,64,153
,25,9,83,153
,31,16,125,153
,31,22,100,153
,32,1,57,153
,34,13,117,153
,34,22,27,153
,46,14,86,153
,46,23,21,153
,47,2,85,153
,47,13,100,153
,47,21,54,153
,49,13,76,153
,52,24,105,153
,52,129,62,153
,59,5,104,153
,60,16,21,153
,63,14,92,153
,63,21,103,153
,63,23,31,153
,63,30,92,153
,0,0,33,152
,0,16,67,152
,6,19,9,152
,9,15,35,152
,9,24,64,152
,11,6,74,152
,15,20,17,152
,15,22,27,152
,16,21,58,152
,20,16,10,152
,20,23,80,152
,22,11,27,152
,22,22,117,152
,22,24,8,152
,22,27,51,152
,22,30,5,152
,24,16,69,152
,25,1,126,152
,25,19,9,152
,25,22,19,152
,31,25,90,152
,32,25,119,152
,34,1,11,152
,35,16,16,152
,35,24,23,152
,43,11,127,152
,44,8,105,152
,45,1,119,152
,46,21,52,152
,47,23,31,152
,47,28,100,152
,59,11,27,152
,59,14,86,152
,0,6,96,151
,0,13,24,151
,9,23,80,151
,9,24,54,151
,10,1,57,151
,11,30,38,151
,20,1,57,151
,20,13,117,151
,21,30,28,151
,22,22,20,151
,31,16,101,151
,31,19,95,151
,32,14,9,151
,32,29,66,151
,32,30,53,151
,34,21,30,151
,45,14,9,151
,45,25,59,151
,46,8,54,151
,47,9,115,151
,47,16,46,151
,59,13,103,151
,0,8,54,150
,2,11,71,150
,3,4,124,150
,6,8,90,150
,9,9,68,150
,15,23,67,150
,16,1,58,150
,16,8,124,150
,16,14,86,150
,16,24,51,150
,20,13,27,150
,20,13,103,150
,20,30,34,150
,21,23,65,150
,21,25,90,150
,22,8,56,150
,22,24,1,150
,25,1,97,150
,25,1,120,150
,25,4,103,150
,25,21,2,150
,25,21,73,150
,25,24,58,150
,25,28,19,150
,31,21,103,150
,33,25,59,150
,34,21,18,150
,38,12,93,150
,44,21,84,150
,45,31,12,150
,46,12,93,150
,52,13,127,150
,52,14,9,150
,53,2,44,150
,59,30,10,150
,0,14,28,149
,0,17,0,149
,0,21,126,149
,0,28,12,149
,3,18,8,149
,11,24,58,149
,15,6,9,149
,21,13,76,149
,21,16,80,149
,21,24,64,149
,22,1,40,149
,22,21,42,149
,22,23,45,149
,24,12,33,149
,25,6,72,149
,25,15,98,149
,31,13,33,149
,31,23,69,149
,34,24,112,149
,35,16,65,149
,35,23,67,149
,38,9,30,149
,40,26,47,149
,47,14,125,149
,0,11,52,148
,6,7,105,148
,6,10,31,148
,6,21,84,148
,9,21,2,148
,11,1,123,148
,11,10,39,148
,11,20,31,148
,11,24,23,148
,16,16,5,148
,17,7,54,148
,20,16,34,148
,20,23,107,148
,20,24,42,148
,21,23,85,148
,21,23,125,148
,22,1,58,148
,22,24,90,148
,24,10,75,148
,25,18,4,148
,25,24,120,148
,31,12,12,148
,31,22,19,148
,32,8,57,148
,34,16,85,148
,34,29,32,148
,35,28,117,148
,35,30,46,148
,38,13,2,148
,44,8,64,148
,47,14,32,148
,52,11,12,148
,0,18,58,147
,1,13,103,147
,2,5,104,147
,7,10,62,147
,9,12,33,147
,9,21,72,147
,9,22,127,147
,10,1,120,147
,10,8,90,147
,11,28,106,147
,20,22,93,147
,21,9,5,147
,21,23,45,147
,21,23,80,147
,22,15,32,147
,22,15,59,147
,22,16,74,147
,22,18,54,147
,22,21,109,147
,22,24,15,147
,24,12,75,147
,25,12,39,147
,31,8,23,147
,31,13,55,147
,31,16,26,147
,31,26,50,147
,40,22,127,147
,41,6,115,147
,45,4,120,147
,46,12,27,147
,47,8,11,147
,59,8,4,147
,59,18,59,147
,59,20,25,147
,59,23,10,147
,59,25,23,147
,59,29,32,147
,59,31,63,147
,2,7,57,146
,3,31,33,146
,11,15,6,146
,11,26,21,146
,18,9,30,146
,21,26,121,146
,22,11,63,146
,23,15,92,146
,25,1,57,146
,25,3,79,146
,31,6,38,146
,34,6,0,146
,34,11,12,146
,34,14,65,146
,35,1,1,146
,44,21,72,146
,44,21,96,146
,45,1,57,146
,46,12,100,146
,46,21,97,146
,47,1,40,146
,47,23,16,146
,47,29,61,146
,59,24,120,146
,0,2,80,145
,0,16,69,145
,0,28,75,145
,2,14,28,145
,6,21,58,145
,6,23,10,145
,11,2,47,145
,11,6,43,145
,11,14,88,145
,15,24,126,145
,16,14,28,145
,20,8,56,145
,20,24,13,145
,22,24,73,145
,25,1,11,145
,25,21,3,145
,25,21,15,145
,28,1,4,145
,31,12,27,145
,31,21,14,145
,32,3,77,145
,34,30,14,145
,35,21,73,145
,38,26,80,145
,40,10,62,145
,43,8,120,145
,45,10,31,145
,45,12,27,145
,45,16,80,145
,46,25,90,145
,47,7,56,145
,59,29,35,145
,0,15,14,144
,0,23,50,144
,3,10,62,144
,9,9,84,144
,11,7,124,144
,11,14,55,144
,11,21,76,144
,16,13,76,144
,16,16,114,144
,20,21,5,144
,22,6,96,144
,22,15,17,144
,24,8,105,144
,24,21,0,144
,25,16,65,144
,31,16,34,144
,31,30,55,144
,31,31,62,144
,33,10,62,144
,38,8,64,144
,40,1,7,144
,41,13,109,144
,44,5,9,144
,47,5,62,144
,47,23,86,144
,52,26,50,144
,59,15,66,144
,63,16,77,144
,0,11,106,143
,0,18,4,143
,1,11,71,143
,1,13,76,143
,9,21,30,143
,11,13,116,143
,11,16,82,143
,16,22,93,143
,16,23,47,143
,22,8,59,143
,22,21,51,143
,22,23,110,143
,25,16,69,143
,25,24,40,143
,32,8,105,143
,32,21,11,143
,34,11,117,143
,37,30,28,143
,38,23,21,143
,41,13,3,143
,44,30,37,143
,45,23,10,143
,46,14,45,143
,47,14,46,143
,59,15,22,143
,59,17,35,143
,59,21,52,143
,63,1,64,143
,63,20,21,143
,63,129,24,143
,0,24,105,142
,2,14,9,142
,3,18,123,142
,9,3,94,142
,9,21,8,142
,9,22,33,142
,10,24,120,142
,11,6,38,142
,11,10,95,142
,11,15,74,142
,11,16,5,142
,11,21,83,142
,17,7,1,142
,18,21,97,142
,20,1,7,142
,20,5,121,142
,20,20,107,142
,21,21,52,142
,25,7,124,142
,25,30,14,142
,31,6,14,142
,31,14,28,142
,31,16,89,142
,35,1,56,142
,40,21,0,142
,44,12,24,142
,44,15,38,142
,45,21,68,142
,47,129,79,142
,52,21,52,142
,59,13,127,142
,0,13,52,141
,2,12,19,141
,9,16,55,141
,9,28,117,141
,9,29,91,141
,9,30,6,141
,20,0,33,141
,20,11,33,141
,21,26,31,141
,22,6,10,141
,22,8,70,141
,22,12,16,141
,24,26,9,141
,25,25,124,141
,31,8,49,141
,31,30,38,141
,34,4,124,141
,35,22,127,141
,38,7,1,141
,40,7,64,141
,47,9,83,141
,52,11,71,141
,52,30,28,141
,58,16,21,141
,59,14,67,141
,59,20,107,141
,0,23,86,140
,0,24,41,140
,6,13,3,140
,6,13,103,140
,6,14,110,140
,6,26,26,140
,9,13,6,140
,10,16,45,140
,20,25,90,140
,31,3,94,140
,31,4,49,140
,31,16,65,140
,34,21,52,140
,38,24,51,140
,44,21,87,140
,45,6,84,140
,46,23,110,140
,47,4,41,140
,47,10,99,140
,47,12,12,140
,52,24,41,140
,52,129,12,140
,59,1,23,140
,59,1,54,140
,59,25,7,140
,59,31,20,140
,63,10,97,140
,63,12,79,140
,63,20,89,140
,0,8,23,139
,0,22,76,139
,6,8,124,139
,9,21,113,139
,10,23,21,139
,11,11,106,139
,11,17,96,139
,11,30,89,139
,16,24,90,139
,17,23,45,139
,21,14,50,139
,21,24,54,139
,22,6,83,139
,22,14,74,139
,22,28,12,139
,24,22,127,139
,25,6,84,139
,25,10,33,139
,25,10,95,139
,25,15,66,139
,25,28,117,139
,28,8,105,139
,28,23,67,139
,32,16,28,139
,33,29,91,139
,38,24,4,139
,40,16,45,139
,40,16,89,139
,47,24,90,139
,52,21,126,139
,59,24,54,139
,59,25,119,139
,63,30,88,139
,0,24,119,138
,1,7,57,138
,2,8,90,138
,9,5,60,138
,9,11,48,138
,9,21,40,138
,11,30,43,138
,11,30,77,138
,15,23,10,138
,16,1,40,138
,16,4,124,138
,20,21,97,138
,20,24,54,138
,22,15,50,138
,24,24,126,138
,25,1,56,138
,31,28,100,138
,31,31,39,138
,35,16,69,138
,35,18,87,138
,37,15,88,138
,38,8,90,138
,40,0,63,138
,41,1,64,138
,42,1,64,138
,43,1,4,138
,45,28,118,138
,47,4,3,138
,47,17,35,138
,47,30,85,138
,49,21,52,138
,52,12,27,138
,59,15,25,138
,59,16,85,138
,59,30,6,138
,63,12,24,138
,0,1,57,137
,0,28,24,137
,1,21,81,137
,6,7,64,137
,9,1,97,137
,11,7,11,137
,11,15,110,137
,15,8,57,137
,15,26,10,137
,17,23,21,137
,20,8,23,137
,21,21,58,137
,21,24,42,137
,22,12,118,137
,22,15,25,137
,25,11,76,137
,28,26,80,137
,31,1,29,137
,31,9,115,137
,31,24,40,137
,31,24,90,137
,34,6,28,137
,35,30,5,137
,38,21,84,137
,38,21,87,137
,40,18,4,137
,40,18,87,137
,40,30,88,137
,44,15,22,137
,45,9,84,137
,45,22,12,137
,45,23,26,137
,47,16,26,137
,47,18,97,137
,49,8,57,137
,63,31,97,137
,0,13,109,136
,0,30,28,136
,2,1,56,136
,5,4,124,136
,7,5,121,136
,7,21,68,136
,11,11,76,136
,16,7,23,136
,16,20,102,136
,20,7,113,136
,20,26,10,136
,21,12,75,136
,22,25,23,136
,24,12,93,136
,24,13,76,136
,24,24,13,136
,24,26,47,136
,25,16,34,136
,25,18,123,136
,25,23,45,136
,32,21,76,136
,34,3,16,136
,34,5,104,136
,35,1,90,136
,35,22,33,136
,35,30,116,136
,37,15,28,136
,38,21,72,136
,41,1,4,136
,44,2,80,136
,45,27,51,136
,47,9,87,136
,47,13,93,136
,47,25,29,136
,47,25,64,136
,63,1,54,136
,63,12,100,136
,0,15,35,135
,0,24,54,135
,0,25,7,135
,6,7,120,135
,6,12,24,135
,6,15,92,135
,10,13,27,135
,11,28,24,135
,16,1,113,135
,16,11,27,135
,16,21,116,135
,20,13,106,135
,21,129,93,135
,22,3,79,135
,22,13,101,135
,22,14,21,135
,22,18,41,135
,22,19,61,135
,22,25,4,135
,24,16,55,135
,25,3,77,135
,31,26,31,135
,34,11,48,135
,35,24,58,135
,35,24,82,135
,35,26,47,135
,44,21,40,135
,45,1,113,135
,52,23,26,135
,59,7,120,135
,59,8,54,135
,59,26,60,135
,0,16,125,134
,0,21,73,134
,0,28,106,134
,1,15,37,134
,6,4,1,134
,7,13,3,134
,7,24,113,134
,9,21,4,134
,11,29,38,134
,16,13,103,134
,17,12,24,134
,20,8,4,134
,21,5,60,134
,21,13,82,134
,22,11,100,134
,22,14,34,134
,22,22,16,134
,22,28,72,134
,23,13,103,134
,23,21,83,134
,24,22,63,134
,25,13,100,134
,25,21,101,134
,25,25,7,134
,25,30,10,134
,33,31,25,134
,40,1,29,134
,45,22,75,134
,46,7,1,134
,47,13,20,134
,47,30,21,134
,59,26,9,134
,0,21,40,133
,6,12,118,133
,9,22,117,133
,11,6,53,133
,11,18,120,133
,16,11,33,133
,16,29,91,133
,20,18,40,133
,21,16,10,133
,22,13,93,133
,24,8,90,133
,24,21,55,133
,25,13,81,133
,31,31,12,133
,32,6,72,133
,34,13,55,133
,34,15,115,133
,34,18,40,133
,35,11,25,133
,35,18,119,133
,35,21,2,133
,35,30,35,133
,38,7,51,133
,38,13,103,133
,40,0,24,133
,42,8,120,133
,44,16,28,133
,44,30,28,133
,45,11,52,133
,45,14,50,133
,45,19,66,133
,47,6,86,133
,47,11,75,133
,47,12,81,133
,47,129,77,133
,56,26,67,133
,0,21,81,132
,9,11,71,132
,9,24,58,132
,11,4,90,132
,11,30,72,132
,16,8,56,132
,16,11,52,132
,17,7,120,132
,20,16,6,132
,22,1,124,132
,22,8,49,132
,22,15,53,132
,25,25,41,132
,31,14,95,132
,33,1,4,132
,33,25,90,132
,34,9,6,132
,34,16,10,132
,34,21,106,132
,35,1,29,132
,35,11,3,132
,37,23,45,132
,40,14,67,132
,40,14,110,132
,40,23,10,132
,40,23,31,132
,40,31,63,132
,41,13,117,132
,44,12,27,132
,45,0,62,132
,46,21,87,132
,46,22,27,132
,46,129,24,132
,47,1,1,132
,47,8,119,132
,47,10,77,132
,47,30,88,132
,47,129,39,132
,49,8,105,132
,52,13,93,132
,63,30,94,132
,0,4,64,131
,0,13,71,131
,0,21,13,131
,0,29,0,131
,1,16,21,131
,6,8,1,131
,9,16,110,131
,9,28,106,131
,11,16,88,131
,11,27,51,131
,11,30,53,131
,16,30,34,131
,20,5,60,131
,21,5,121,131
,21,7,57,131
,21,24,57,131
,24,7,41,131
,24,12,19,131
,24,24,4,131
,25,21,81,131
,25,24,56,131
,31,6,96,131
,31,13,82,131
,34,21,5,131
,35,11,103,131
,40,24,120,131
,40,30,34,131
,41,24,42,131
,45,16,69,131
,47,16,79,131
,47,29,35,131
,52,22,127,131
,55,16,21,131
,59,14,34,131
,59,16,53,131
,59,129,27,131
,63,21,5,131
,0,1,11,130
,0,4,26,130
,0,13,6,130
,6,1,119,130
,6,24,126,130
,9,16,65,130
,9,30,37,130
,11,19,104,130
,11,129,77,130
,15,11,12,130
,16,24,41,130
,21,28,118,130
,22,12,77,130
,22,15,107,130
,24,5,60,130
,25,0,63,130
,31,6,81,130
,32,1,90,130
,32,7,54,130
,35,13,108,130
,35,16,82,130
,37,16,92,130
,37,30,114,130
,38,1,4,130
,40,8,1,130
,41,6,22,130
,45,23,31,130
,45,24,1,130
,45,29,95,130
,47,6,116,130
,47,8,113,130
,47,9,97,130
,47,19,45,130
,52,3,94,130
,59,1,7,130
,59,1,58,130
,59,11,33,130
,59,16,10,130
,59,24,41,130
,59,24,119,130
,63,15,92,130
,63,30,102,130
,0,11,27,129
,0,14,34,129
,0,21,96,129
,0,29,9,129
,1,12,6,129
,1,13,117,129
,9,7,105,129
,9,26,121,129
,9,30,74,129
,11,13,48,129
,16,12,100,129
,20,18,7,129
,22,7,23,129
,22,16,89,129
,24,2,10,129
,24,21,18,129
,25,30,28,129
,25,129,118,129
,31,12,63,129
,33,5,121,129
,34,13,3,129
,34,22,33,129
,40,7,57,129
,40,8,23,129
,40,13,117,129
,40,23,16,129
,40,30,92,129
,45,11,71,129
,45,16,45,129
,45,26,26,129
,46,9,30,129
,47,11,19,129
,47,25,56,129
,59,1,40,129
,59,21,84,129
,63,3,77,129
,0,22,20,128
,0,30,110,128
,6,129,62,128
,9,11,52,128
,9,20,102,128
,9,21,15,128
,9,30,55,128
,11,21,2,128
,11,129,39,128
,17,16,21,128
,20,1,119,128
,21,22,12,128
,22,15,66,128
,22,21,44,128
,22,24,79,128
,24,129,63,128
,28,22,2,128
,32,13,18,128
,32,21,101,128
,33,7,41,128
,33,14,21,128
,34,14,69,128
,34,23,21,128
,35,9,84,128
,35,21,92,128
,37,30,65,128
,38,26,9,128
,40,26,26,128
,44,6,115,128
,45,8,41,128
,47,10,58,128
,47,17,96,128
,47,19,66,128
,47,21,29,128
,47,129,20,128
,49,8,120,128
,63,24,113,128
,0,28,100,127
,6,10,39,127
,9,12,27,127
,10,24,113,127
,10,30,111,127
,11,5,26,127
,11,14,53,127
,11,21,74,127
,16,12,24,127
,16,24,105,127
,16,25,59,127
,17,24,11,127
,17,26,47,127
,20,14,21,127
,20,16,107,127
,20,22,127,127
,20,26,9,127
,20,30,111,127
,21,23,50,127
,22,16,26,127
,22,16,65,127
,22,18,114,127
,22,26,121,127
,23,9,97,127
,25,24,105,127
,25,27,51,127
,31,18,58,127
,33,19,45,127
,34,14,53,127
,35,21,96,127
,35,28,100,127
,38,21,18,127
,38,21,46,127
,43,8,105,127
,44,29,91,127
,45,18,4,127
,45,24,112,127
,47,5,95,127
,47,12,106,127
,47,14,66,127
,47,22,75,127
,52,18,7,127
,52,21,5,127
,59,24,112,127
,61,8,120,127
,0,1,8,126
,0,11,75,126
,5,5,121,126
,6,25,90,126
,9,21,80,126
,11,7,107,126
,11,18,1,126
,11,23,46,126
,16,30,88,126
,20,22,100,126
,22,9,101,126
,22,13,17,126
,22,16,94,126
,22,26,80,126
,22,28,117,126
,24,24,99,126
,25,10,12,126
,25,14,86,126
,32,21,43,126
,35,16,110,126
,40,24,64,126
,41,24,57,126
,43,16,21,126
,44,22,24,126
,47,16,72,126
,59,12,20,126
,59,17,22,126
,0,2,46,125
,0,7,15,125
,0,14,55,125
,0,16,92,125
,0,129,27,125
,6,24,11,125
,9,13,55,125
,9,24,105,125
,11,24,90,125
,11,26,62,125
,11,31,33,125
,15,5,69,125
,16,21,8,125
,16,21,112,125
,20,23,34,125
,21,21,87,125
,22,8,13,125
,22,15,6,125
,22,16,6,125
,31,2,44,125
,31,15,32,125
,31,28,19,125
,31,30,34,125
,32,6,38,125
,32,20,102,125
,34,6,18,125
,35,7,54,125
,35,22,79,125
,37,16,69,125
,43,23,67,125
,45,6,14,125
,45,21,5,125
,45,24,41,125
,46,11,48,125
,47,8,51,125
,59,6,22,125
,59,6,96,125
,59,15,37,125
,59,24,64,125
,63,13,52,125
,0,31,75,124
,1,26,47,124
,3,5,121,124
,6,1,64,124
,6,14,45,124
,11,26,125,124
,11,28,12,124
,20,21,52,124
,20,22,19,124
,20,23,85,124
,22,12,33,124
,22,13,63,124
,24,21,87,124
,25,30,81,124
,31,6,34,124
,31,18,123,124
,31,25,49,124
,32,1,42,124
,32,8,85,124
,32,18,29,124
,34,8,64,124
,34,24,57,124
,34,30,96,124
,35,21,81,124
,35,24,64,124
,38,8,57,124
,40,16,88,124
,41,13,27,124
,47,0,62,124
,47,14,50,124
,47,15,114,124
,52,12,63,124
,59,6,34,124
,59,24,105,124
,63,7,57,124
,63,10,31,124
,63,15,35,124
,63,16,92,124
,0,21,113,123
,0,22,19,123
,2,10,62,123
,7,16,21,123
,9,16,44,123
,9,21,37,123
,11,20,21,123
,16,16,47,123
,17,12,19,123
,20,1,87,123
,20,21,96,123
,21,24,11,123
,22,22,71,123
,22,30,96,123
,23,21,113,123
,23,24,42,123
,25,16,89,123
,25,30,18,123
,25,30,36,123
,31,16,86,123
,31,21,81,123
,31,25,41,123
,35,1,97,123
,35,7,51,123
,35,24,109,123
,37,16,65,123
,40,26,50,123
,43,7,105,123
,43,8,64,123
,44,13,116,123
,44,20,102,123
,45,20,102,123
,47,14,53,123
,52,4,56,123
,52,14,110,123
,58,4,124,123
,59,16,80,123
,59,129,24,123
,63,21,87,123
,0,0,62,122
,0,6,34,122
,0,12,20,122
,0,16,26,122
,0,21,30,122
,0,22,70,122
,1,29,91,122
,3,1,123,122
,5,10,62,122
,6,4,56,122
,6,24,42,122
,7,1,4,122
,7,13,2,122
,9,11,117,122
,9,13,41,122
,9,18,29,122
,11,7,15,122
,16,30,89,122
,22,1,41,122
,22,1,114,122
,22,13,24,122
,22,28,2,122
,22,29,66,122
,23,24,119,122
,25,30,5,122
,31,1,7,122
,31,21,113,122
,31,23,31,122
,38,8,105,122
,38,26,67,122
,40,22,12,122
,45,7,56,122
,45,129,12,122
,46,20,102,122
,47,11,63,122
,47,19,104,122
,52,7,56,122
,52,23,50,122
,63,13,27,122
,0,30,38,121
,6,21,112,121
,11,1,42,121
,11,6,28,121
,15,4,120,121
,15,129,33,121
,16,3,94,121
,16,11,25,121
,16,18,58,121
,20,13,71,121
,22,7,49,121
,22,12,99,121
,23,13,109,121
,25,16,101,121
,28,129,93,121
,33,15,50,121
,34,15,102,121
,35,13,92,121
,40,8,51,121
,40,14,125,121
,40,18,58,121
,40,21,8,121
,40,21,126,121
,41,21,0,121
,42,16,110,121
,43,18,29,121
,44,13,27,121
,45,16,65,121
,46,18,29,121
,47,10,63,121
,47,12,46,121
,49,23,45,121
,52,16,65,121
,59,9,30,121
,0,6,50,120
,0,16,109,120
,2,7,41,120
,2,12,24,120
,2,15,35,120
,9,6,22,120
,10,22,63,120
,11,4,103,120
,11,30,16,120
,15,14,55,120
,16,9,84,120
,16,30,5,120
,20,21,84,120
,21,13,106,120
,21,23,31,120
,22,31,20,120
,25,16,5,120
,25,29,66,120
,25,31,39,120
,31,7,64,120
,31,9,22,120
,31,21,126,120
,34,6,78,120
,35,24,1,120
,37,30,111,120
,40,21,5,120
,41,21,81,120
,44,14,92,120
,44,129,63,120
,46,24,113,120
,47,1,15,120
,47,1,41,120
,47,3,26,120
,49,21,96,120
,52,1,113,120
,52,11,33,120
,52,21,96,120
,52,24,40,120
,52,25,120,120
,58,8,120,120
,59,1,29,120
,59,18,56,120
,59,24,97,120
,63,13,117,120
,2,16,21,119
,7,24,126,119
,9,22,2,119
,9,26,67,119
,10,16,110,119
,11,0,16,119
,11,8,111,119
,11,13,93,119
,11,15,9,119
,11,30,96,119
,16,30,114,119
,17,8,23,119
,17,22,27,119
,17,25,90,119
,20,0,24,119
,20,4,105,119
,20,11,17,119
,20,14,110,119
,20,15,35,119
,20,16,125,119
,21,24,99,119
,22,14,26,119
,22,14,61,119
,22,30,37,119
,22,30,79,119
,22,129,82,119
,23,5,121,119
,25,9,101,119
,25,10,58,119
,25,21,4,119
,28,8,90,119
,31,9,68,119
,31,10,75,119
,32,8,90,119
,32,24,4,119
,34,15,111,119
,35,8,64,119
,37,14,21,119
,38,12,118,119
,40,12,20,119
,43,15,35,119
,45,13,52,119
,45,22,20,119
,47,6,46,119
,47,16,30,119
,47,28,63,119
,52,18,29,119
,52,24,119,119
,55,24,13,119
,59,21,68,119
,59,23,28,119
,59,25,4,119
,59,30,34,119
,59,30,36,119
,63,8,11,119
,63,16,45,119
,63,30,89,119
,0,8,41,118
,0,9,29,118
,0,30,10,118
,2,8,23,118
,3,26,47,118
,9,23,10,118
,11,3,125,118
,11,15,98,118
,11,22,3,118
,15,13,101,118
,15,16,85,118
,15,18,40,118
,16,8,4,118
,22,1,89,118
,22,25,119,118
,24,22,24,118
,25,2,10,118
,25,21,51,118
,25,21,119,118
,25,28,2,118
,28,22,27,118
,28,24,11,118
,28,24,113,118
,31,21,48,118
,34,10,62,118
,35,16,125,118
,37,22,127,118
,38,26,60,118
,40,7,49,118
,40,8,89,118
,40,16,26,118
,40,23,85,118
,45,9,52,118
,45,12,63,118
,45,13,24,118
,46,14,28,118
,47,15,25,118
,47,17,34,118
,47,18,90,118
,52,31,12,118
,58,8,105,118
,63,129,16,118
,0,28,30,117
,1,18,29,117
,2,12,118,117
,6,22,93,117
,9,30,65,117
,10,8,64,117
,11,14,32,117
,11,17,81,117
,11,28,19,117
,14,28,30,117
,16,11,117,117
,16,14,92,117
,20,15,22,117
,20,16,85,117
,20,20,111,117
,20,23,69,117
,22,16,45,117
,23,10,62,117
,24,13,103,117
,31,22,2,117
,32,18,65,117
,32,30,55,117
,34,16,28,117
,34,18,112,117
,35,8,57,117
,35,21,28,117
,37,8,105,117
,40,20,107,117
,44,3,94,117
,44,12,118,117
,45,13,2,117
,45,22,117,117
,46,1,4,117
,47,9,6,117
,49,26,47,117
,52,4,49,117
,52,7,49,117
,52,26,121,117
,52,129,24,117
,63,26,31,117
,5,21,87,116
,6,1,57,116
,7,21,97,116
,9,8,90,116
,11,7,119,116
,11,10,8,116
,11,25,29,116
,11,26,86,116
,20,22,63,116
,20,24,58,116
,21,3,16,116
,21,8,1,116
,22,4,52,116
,22,6,35,116
,22,15,14,116
,22,16,36,116
,22,30,122,116
,23,21,126,116
,24,11,108,116
,24,13,127,116
,25,1,90,116
,25,6,96,116
,25,11,117,116
,25,14,9,116
,25,14,45,116
,25,18,97,116
,25,26,50,116
,31,11,33,116
,32,21,40,116
,33,9,74,116
,34,30,25,116
,35,13,19,116
,40,24,4,116
,40,25,120,116
,41,30,28,116
,44,21,5,116
,44,21,73,116
,45,9,87,116
,45,10,95,116
,45,11,12,116
,45,23,45,116
,46,7,51,116
,47,7,76,116
,47,14,102,116
,47,21,85,116
,47,22,39,116
,47,28,12,116
,47,30,122,116
,59,5,121,116
,59,28,118,116
,61,1,4,116
,0,11,117,115
,1,21,96,115
,2,129,63,115
,6,20,102,115
,9,18,4,115
,9,30,18,115
,15,1,4,115
,15,26,9,115
,17,12,93,115
,17,16,69,115
,17,22,24,115
,20,21,0,115
,22,1,23,115
,22,16,34,115
,28,8,64,115
,28,24,99,115
,31,28,75,115
,32,6,14,115
,32,21,117,115
,32,25,4,115
,34,15,86,115
,35,13,55,115
,35,30,65,115
,37,1,120,115
,40,24,1,115
,44,12,93,115
,46,24,11,115
,47,30,109,115
,47,31,33,115
,49,21,76,115
,49,21,103,115
,49,26,67,115
,52,25,41,115
,56,8,105,115
,59,6,81,115
,0,2,9,114
,0,21,101,114
,1,21,18,114
,9,8,105,114
,11,20,51,114
,16,22,16,114
,16,25,23,114
,20,16,89,114
,20,22,71,114
,20,23,31,114
,21,23,26,114
,21,24,13,114
,22,7,51,114
,22,12,27,114
,22,15,45,114
,22,31,102,114
,22,31,127,114
,24,16,6,114
,25,4,3,114
,25,7,56,114
,25,8,49,114
,25,15,92,114
,25,18,59,114
,34,21,96,114
,35,1,112,114
,35,13,5,114
,35,21,51,114
,38,1,64,114
,38,7,41,114
,38,18,8,114
,40,1,119,114
,40,16,85,114
,44,24,97,114
,46,5,121,114
,47,4,103,114
,47,13,108,114
,47,21,42,114
,47,24,58,114
,49,24,57,114
,52,19,9,114
,55,13,117,114
,59,6,122,114
,59,8,41,114
,59,13,118,114
,63,23,89,114
,0,8,49,113
,0,9,101,113
,0,18,126,113
,0,26,86,113
,0,28,117,113
,9,4,1,113
,9,5,47,113
,9,7,120,113
,11,13,12,113
,11,16,46,113
,11,27,41,113
,16,24,1,113
,16,24,13,113
,20,2,82,113
,20,9,30,113
,20,14,34,113
,20,16,16,113
,20,21,8,113
,21,25,56,113
,22,4,111,113
,22,15,48,113
,22,18,11,113
,24,22,93,113
,24,24,119,113
,25,18,112,113
,25,26,93,113
,25,30,65,113
,31,13,12,113
,31,13,65,113
,31,21,122,113
,32,1,23,113
,34,8,120,113
,34,18,56,113
,35,1,11,113
,38,21,52,113
,40,21,116,113
,41,21,84,113
,43,7,41,113
,45,8,23,113
,45,9,13,113
,45,9,30,113
,45,13,71,113
,45,24,23,113
,45,25,7,113
,45,28,24,113
,46,5,47,113
,46,7,64,113
,46,8,57,113
,46,16,21,113
,47,10,11,113
,49,22,24,113
,52,22,75,113
,59,30,50,113
,63,24,54,113
,0,13,33,112
,0,16,85,112
,1,5,121,112
,1,15,38,112
,2,22,33,112
,6,14,28,112
,9,1,11,112
,9,10,31,112
,9,28,19,112
,11,8,26,112
,11,10,87,112
,11,30,88,112
,14,13,48,112
,15,7,57,112
,16,14,50,112
,17,4,105,112
,22,4,106,112
,22,16,70,112
,22,26,31,112
,24,26,31,112
,25,8,4,112
,25,13,65,112
,25,28,24,112
,31,8,54,112
,31,11,25,112
,32,21,118,112
,34,15,94,112
,35,12,79,112
,35,22,93,112
,38,129,63,112
,40,3,16,112
,44,14,28,112
,44,14,45,112
,45,0,93,112
,46,10,31,112
,47,10,29,112
,47,15,50,112
,47,22,108,112
,49,6,22,112
,52,3,31,112
,59,14,125,112
,59,24,1,112
,0,11,25,111
,0,22,106,111
,0,30,81,111
,1,1,99,111
,1,8,120,111
,6,11,127,111
,9,1,7,111
,9,15,22,111
,9,30,28,111
,10,23,45,111
,11,6,78,111
,11,8,113,111
,11,10,99,111
,11,12,82,111
,11,18,90,111
,15,6,34,111
,16,15,28,111
,16,30,35,111
,20,3,16,111
,21,3,77,111
,21,16,34,111
,21,31,63,111
,22,6,6,111
,22,6,37,111
,23,21,76,111
,24,21,84,111
,25,6,38,111
,28,7,1,111
,31,9,72,111
,35,11,76,111
,35,21,85,111
,35,30,111,111
,38,16,28,111
,40,13,71,111
,42,16,28,111
,44,6,22,111
,44,7,51,111
,45,11,103,111
,45,19,104,111
,45,24,54,111
,46,14,110,111
,46,26,26,111
,47,6,0,111
,52,24,54,111
,52,30,92,111
,52,31,63,111
,59,7,64,111
,59,10,31,111
,59,16,47,111
,0,3,77,110
,0,17,38,110
,1,21,126,110
,6,4,120,110
,9,11,27,110
,9,30,14,110
,9,129,63,110
,11,11,93,110
,11,12,81,110
,11,16,30,110
,11,16,73,110
,11,18,112,110
,11,21,71,110
,15,6,96,110
,16,13,92,110
,16,18,87,110
,21,0,33,110
,21,1,90,110
,22,13,44,110
,22,23,80,110
,22,31,63,110
,23,21,118,110
,24,8,124,110
,24,129,93,110
,25,22,100,110
,28,129,63,110
,31,19,61,110
,31,22,117,110
,32,15,115,110
,32,18,119,110
,32,22,85,110
,32,31,20,110
,35,13,81,110
,35,24,40,110
,37,14,65,110
,38,2,80,110
,38,30,10,110
,40,7,23,110
,40,129,20,110
,44,11,127,110
,46,7,120,110
,46,26,9,110
,47,16,53,110
,63,21,113,110
,0,9,22,109
,0,24,23,109
,6,12,27,109
,7,9,30,109
,9,26,26,109
,11,8,119,109
,11,9,6,109
,11,11,103,109
,11,30,107,109
,11,30,122,109
,15,14,110,109
,16,12,20,109
,16,13,21,109
,16,21,0,109
,16,21,97,109
,17,7,57,109
,17,26,121,109
,20,24,40,109
,20,24,64,109
,21,14,47,109
,21,21,103,109
,21,23,9,109
,22,12,75,109
,22,13,116,109
,22,30,18,109
,23,7,57,109
,23,21,43,109
,24,13,6,109
,24,23,10,109
,25,19,121,109
,25,31,100,109
,31,0,62,109
,31,1,124,109
,31,17,35,109
,31,23,26,109
,31,30,110,109
,32,14,92,109
,34,21,55,109
,34,30,102,109
,34,30,116,109
,35,21,6,109
,41,21,97,109
,44,25,119,109
,45,18,123,109
,45,30,92,109
,46,8,90,109
,47,7,3,109
,47,7,6,109
,49,21,109,109
,52,11,27,109
,52,16,85,109
,52,17,22,109
,52,21,103,109
,52,22,79,109
,55,24,23,109
,59,16,6,109
,59,30,55,109
,63,21,119,109
,3,8,90,108
,6,19,95,108
,6,29,32,108
,7,23,21,108
,9,4,120,108
,9,28,118,108
,10,30,28,108
,11,10,12,108
,11,25,41,108
,16,22,117,108
,17,8,124,108
,17,22,33,108
,23,30,92,108
,24,7,105,108
,24,24,41,108
,24,129,62,108
,25,2,107,108
,25,4,51,108
,25,21,115,108
,25,129,16,108
,31,5,9,108
,31,6,35,108
,31,16,6,108
,31,16,16,108
,31,16,31,108
,31,16,107,108
,31,30,35,108
,32,3,94,108
,32,30,28,108
,33,8,120,108
,34,6,110,108
,34,17,81,108
,35,21,99,108
,35,23,110,108
,37,8,90,108
,37,23,69,108
,38,22,24,108
,40,13,27,108
,40,21,58,108
,40,25,7,108
,43,13,76,108
,44,30,92,108
,45,12,12,108
,45,14,45,108
,46,26,10,108
,47,0,75,108
,47,4,17,108
,47,9,5,108
,47,26,50,108
,49,21,14,108
,49,24,99,108
,52,14,67,108
,52,21,109,108
,59,11,52,108
,59,11,76,108
,59,22,75,108
,63,3,21,108
,63,129,27,108
,0,13,82,107
,0,27,56,107
,9,16,69,107
,10,18,4,107
,11,9,101,107
,11,20,110,107
,11,21,15,107
,15,10,75,107
,17,26,45,107
,20,3,114,107
,20,6,22,107
,20,23,16,107
,21,22,118,107
,22,22,75,107
,23,12,79,107
,23,16,110,107
,24,26,60,107
,26,8,13,107
,31,16,44,107
,31,21,73,107
,31,21,119,107
,31,28,24,107
,32,12,79,107
,34,18,59,107
,35,24,7,107
,37,18,119,107
,45,21,8,107
,45,28,117,107
,47,4,71,107
,47,15,102,107
,47,25,49,107
,47,27,11,107
,52,3,114,107
,52,26,60,107
,59,12,27,107
,59,13,24,107
,63,14,102,107
,0,16,16,106
,0,18,123,106
,0,28,2,106
,2,22,27,106
,6,13,106,106
,9,16,80,106
,9,18,97,106
,11,3,28,106
,11,13,55,106
,15,19,69,106
,16,13,71,106
,20,6,115,106
,20,6,122,106
,20,30,86,106
,22,22,127,106
,22,25,7,106
,23,24,126,106
,24,30,6,106
,25,21,118,106
,25,25,90,106
,25,26,110,106
,31,15,98,106
,31,16,55,106
,31,31,95,106
,32,1,120,106
,34,30,125,106
,35,18,29,106
,35,21,101,106
,40,14,92,106
,40,23,89,106
,40,129,12,106
,46,24,99,106
,47,1,97,106
,52,18,56,106
,52,21,40,106
,59,24,56,106
,59,26,80,106
,63,21,99,106
,0,4,59,105
,0,21,6,105
,2,23,21,105
,6,11,108,105
,7,13,117,105
,7,26,67,105
,9,1,126,105
,9,2,46,105
,9,12,24,105
,9,28,24,105
,10,22,127,105
,10,23,80,105
,11,0,12,105
,11,5,62,105
,11,6,0,105
,16,10,62,105
,20,21,40,105
,20,23,114,105
,20,30,74,105
,21,18,4,105
,21,30,34,105
,21,129,62,105
,22,9,98,105
,23,21,14,105
,24,7,120,105
,24,9,30,105
,25,3,59,105
,25,8,23,105
,25,18,87,105
,28,7,41,105
,31,15,91,105
,31,30,14,105
,32,22,33,105
,32,31,127,105
,34,30,94,105
,35,13,79,105
,35,28,24,105
,35,28,106,105
,37,14,114,105
,41,24,4,105
,43,22,24,105
,44,6,122,105
,45,5,47,105
,45,24,99,105
,46,1,120,105
,47,3,125,105
,49,24,113,105
,52,16,107,105
,52,21,58,105
,59,3,114,105
,59,15,88,105
,59,18,40,105
,59,22,117,105
,63,16,111,105
,63,30,55,105
,0,22,100,104
,0,31,117,104
,1,13,71,104
,1,24,57,104
,3,11,71,104
,6,1,120,104
,6,13,76,104
,6,21,0,104
,6,129,27,104
,7,13,103,104
,7,22,27,104
,9,11,3,104
,9,129,33,104
,10,26,67,104
,11,0,75,104
,11,1,1,104
,11,3,47,104
,11,11,20,104
,11,15,102,104
,11,18,97,104
,11,21,48,104
,11,29,53,104
,16,14,9,104
,16,18,29,104
,16,21,5,104
,20,11,27,104
,21,16,45,104
,21,26,10,104
,22,8,4,104
,22,12,94,104
,22,16,15,104
,22,21,13,104
,22,24,112,104
,22,28,63,104
,22,30,125,104
,23,14,45,104
,23,14,69,104
,25,5,62,104
,25,13,25,104
,25,129,12,104
,31,7,23,104
,32,14,32,104
,32,30,14,104
,34,15,116,104
,34,18,29,104
,35,8,105,104
,35,30,88,104
,40,3,114,104
,40,8,124,104
,40,13,127,104
,40,22,117,104
,40,23,28,104
,43,5,121,104
,44,22,2,104
,45,31,63,104
,46,2,80,104
,47,30,116,104
,52,4,105,104
,52,8,51,104
,52,14,26,104
,52,22,16,104
,52,28,118,104
,59,9,68,104
,59,13,71,104
,59,16,114,104
,59,28,100,104
,61,24,11,104
,63,3,114,104
,63,4,103,104
,0,8,51,103
,0,9,8,103
,0,24,40,103
,6,18,8,103
,11,3,45,103
,11,14,94,103
,11,15,81,103
,11,28,117,103
,12,28,30,103
,16,11,76,103
,16,15,53,103
,16,31,20,103
,20,0,63,103
,20,18,123,103
,20,25,64,103
,22,7,1,103
,22,16,9,103
,22,20,114,103
,22,24,29,103
,24,13,2,103
,24,24,64,103
,25,0,33,103
,25,16,107,103
,28,5,121,103
,31,6,72,103
,31,14,110,103
,31,30,44,103
,32,20,111,103
,32,30,85,103
,34,6,68,103
,37,11,71,103
,37,15,35,103
,38,16,110,103
,38,21,58,103
,44,1,57,103
,44,11,48,103
,44,26,60,103
,44,26,80,103
,45,0,63,103
,45,22,100,103
,45,28,106,103
,46,21,68,103
,47,10,19,103
,47,18,15,103
,52,0,93,103
,52,20,31,103
,52,26,26,103
,59,7,51,103
,59,11,17,103
,0,13,55,102
,1,30,74,102
,2,7,51,102
,2,26,121,102
,6,24,4,102
,6,25,124,102
,10,11,127,102
,11,4,48,102
,11,6,50,102
,11,9,5,102
,11,16,9,102
,11,30,18,102
,16,14,31,102
,16,15,91,102
,16,21,40,102
,16,24,42,102
,16,24,97,102
,16,25,90,102
,20,12,75,102
,20,13,2,102
,21,26,26,102
,22,12,93,102
,22,18,111,102
,23,5,9,102
,24,4,49,102
,25,0,62,102
,25,3,114,102
,25,10,97,102
,25,12,63,102
,31,6,86,102
,31,7,124,102
,31,16,114,102
,31,18,90,102
,31,21,4,102
,31,25,59,102
,31,30,74,102
,32,30,92,102
,34,1,42,102
,34,13,103,102
,34,14,45,102
,35,12,118,102
,37,8,23,102
,37,8,64,102
,37,15,65,102
,38,22,2,102
,40,1,40,102
,40,8,41,102
,40,12,75,102
,40,16,92,102
,40,21,103,102
,43,1,119,102
,44,13,109,102
,45,31,100,102
,46,129,93,102
,47,0,27,102
,47,14,74,102
,49,23,80,102
,52,0,63,102
,52,12,12,102
,52,14,31,102
,59,15,91,102
,63,22,85,102
,63,23,16,102
,0,6,38,101
,0,16,65,101
,0,30,92,101
,6,1,113,101
,6,7,51,101
,6,23,45,101
,7,8,120,101
,9,12,100,101
,9,28,100,101
,9,30,5,101
,11,2,67,101
,11,4,52,101
,11,21,51,101
,11,21,119,101
,11,31,16,101
,11,129,31,101
,15,6,43,101
,16,6,84,101
,16,11,20,101
,16,13,20,101
,16,21,18,101
,17,12,33,101
,17,22,63,101
,20,12,63,101
,20,15,92,101
,21,11,108,101
,21,15,28,101
,21,29,91,101
,22,8,48,101
,22,15,18,101
,22,16,125,101
,22,21,103,101
,22,22,93,101
,24,21,52,101
,25,7,103,101
,25,12,16,101
,25,22,20,101
,25,30,86,101
,28,21,116,101
,31,21,13,101
,31,22,62,101
,32,12,20,101
,32,21,115,101
,32,22,127,101
,33,30,28,101
,34,30,86,101
,35,13,65,101
,35,21,120,101
,37,16,34,101
,38,5,60,101
,38,12,75,101
,40,24,54,101
,43,18,7,101
,43,29,91,101
,44,30,55,101
,45,31,25,101
,46,26,80,101
,47,11,20,101
,47,26,69,101
,47,31,12,101
,47,31,62,101
,49,10,62,101
,49,30,55,101
,52,16,10,101
,52,24,56,101
,52,24,97,101
,59,8,1,101
,59,16,89,101
,59,18,123,101
,59,30,111,101
,63,1,90,101