ihp_cluster,hsv_1,hsv_2,hsv_3,hsv_4,hsv_5,hsv_6,hsv_7,hsv_8,hsv_9,hsv_10,hsv_11,hsv_12,hsv_13,hsv_14,hsv_15,hsv_16,hsv_525
0,133.0,28.0,42.0,6.0,80.0,5.0,160.0,3.0,23.0,34.0,28.0,0.0,3.0,18.0,13.0,0.0,0.0
1,17.0,10.0,1.0,0.0,21.0,0.0,8.0,0.0,2.0,2.0,5.0,0.0,2.0,0.0,2.0,0.0,0.0
2,27.0,7.0,2.0,0.0,14.0,3.0,17.0,0.0,4.0,5.0,8.0,0.0,0.0,4.0,1.0,0.0,0.0
3,6.0,7.0,1.0,0.0,20.0,0.0,9.0,0.0,3.0,4.0,1.0,0.0,1.0,1.0,1.0,0.0,0.0
4,55.0,24.0,12.0,10.0,35.0,7.0,173.0,6.0,10.0,41.0,23.0,0.0,9.0,13.0,6.0,0.0,0.0
5,260.0,14.0,82.0,66.0,118.0,7.0,234.0,2.0,14.0,50.0,19.0,1.0,0.0,23.0,32.0,0.0,0.0
6,29.0,15.0,5.0,1.0,39.0,1.0,11.0,3.0,3.0,8.0,9.0,0.0,2.0,3.0,0.0,0.0,0.0
7,5.0,3.0,1.0,0.0,7.0,3.0,19.0,3.0,0.0,2.0,3.0,0.0,0.0,0.0,1.0,0.0,0.0
8,54.0,25.0,2.0,0.0,29.0,2.0,20.0,2.0,4.0,2.0,18.0,0.0,2.0,2.0,1.0,0.0,0.0
9,5.0,3.0,0.0,0.0,1.0,0.0,2.0,0.0,0.0,1.0,0.0,0.0,1.0,0.0,0.0,0.0,0.0
10,23.0,8.0,3.0,0.0,21.0,1.0,31.0,0.0,4.0,9.0,5.0,0.0,3.0,1.0,3.0,0.0,0.0
11,1.0,2.0,7.0,0.0,4.0,4.0,105.0,6.0,1.0,15.0,3.0,0.0,2.0,1.0,9.0,0.0,0.0
12,116.0,11.0,37.0,59.0,67.0,7.0,152.0,3.0,11.0,35.0,14.0,3.0,5.0,14.0,27.0,0.0,0.0
13,8.0,5.0,0.0,0.0,2.0,0.0,0.0,0.0,2.0,1.0,1.0,0.0,0.0,0.0,1.0,0.0,0.0
14,2.0,2.0,0.0,0.0,0.0,1.0,0.0,0.0,1.0,0.0,0.0,0.0,0.0,0.0,0.0,0.0,0.0
15,0.0,0.0,0.0,0.0,0.0,0.0,0.0,0.0,0.0,0.0,0.0,0.0,0.0,0.0,0.0,0.0,0.0
16,154.0,25.0,30.0,8.0,80.0,9.0,165.0,5.0,34.0,58.0,14.0,1.0,17.0,7.0,20.0,0.0,0.0
17,1.0,1.0,0.0,0.0,3.0,0.0,1.0,0.0,0.0,0.0,0.0,0.0,0.0,0.0,0.0,0.0,0.0
18,7.0,1.0,1.0,3.0,7.0,0.0,3.0,0.0,2.0,2.0,0.0,0.0,0.0,1.0,2.0,0.0,0.0
19,3.0,1.0,0.0,1.0,2.0,3.0,40.0,0.0,0.0,10.0,2.0,0.0,1.0,1.0,1.0,0.0,0.0
20,18.0,9.0,3.0,0.0,17.0,0.0,7.0,1.0,0.0,3.0,12.0,0.0,2.0,0.0,0.0,0.0,0.0
21,72.0,20.0,21.0,4.0,40.0,3.0,122.0,5.0,9.0,28.0,17.0,1.0,12.0,10.0,5.0,0.0,0.0
22,150.0,30.0,63.0,54.0,115.0,9.0,95.0,3.0,20.0,50.0,13.0,1.0,3.0,15.0,76.0,0.0,0.0
23,109.0,21.0,16.0,4.0,74.0,5.0,77.0,4.0,14.0,16.0,23.0,0.0,3.0,3.0,12.0,0.0,0.0
24,20.0,5.0,0.0,0.0,10.0,0.0,4.0,0.0,3.0,1.0,6.0,0.0,1.0,1.0,0.0,0.0,0.0
25,87.0,3.0,3.0,2.0,12.0,5.0,36.0,0.0,3.0,8.0,7.0,1.0,0.0,2.0,3.0,0.0,0.0
26,127.0,18.0,40.0,69.0,120.0,18.0,117.0,2.0,11.0,27.0,25.0,1.0,4.0,14.0,27.0,0.0,0.0
27,9.0,6.0,1.0,0.0,5.0,0.0,5.0,0.0,0.0,1.0,3.0,0.0,0.0,0.0,0.0,0.0,0.0
28,40.0,9.0,2.0,1.0,21.0,0.0,14.0,2.0,2.0,3.0,9.0,0.0,3.0,3.0,1.0,0.0,0.0
29,79.0,12.0,25.0,22.0,72.0,8.0,111.0,3.0,10.0,28.0,20.0,0.0,5.0,7.0,8.0,0.0,0.0
30,33.0,13.0,3.0,1.0,27.0,0.0,10.0,2.0,4.0,1.0,4.0,0.0,5.0,5.0,1.0,0.0,0.0
31,6.0,2.0,7.0,0.0,6.0,0.0,96.0,0.0,2.0,25.0,1.0,0.0,0.0,0.0,7.0,0.0,0.0
32,21.0,10.0,1.0,0.0,13.0,0.0,10.0,2.0,0.0,4.0,2.0,0.0,0.0,0.0,0.0,0.0,0.0
33,1.0,0.0,0.0,0.0,3.0,1.0,0.0,0.0,0.0,0.0,0.0,0.0,0.0,0.0,0.0,0.0,0.0
34,108.0,11.0,32.0,71.0,81.0,9.0,87.0,3.0,11.0,17.0,18.0,4.0,3.0,9.0,23.0,0.0,0.0
35,37.0,12.0,4.0,2.0,32.0,2.0,10.0,1.0,4.0,5.0,8.0,0.0,2.0,1.0,0.0,0.0,0.0
36,71.0,7.0,14.0,14.0,21.0,3.0,94.0,0.0,6.0,44.0,12.0,1.0,0.0,6.0,14.0,0.0,0.0
37,100.0,23.0,25.0,8.0,71.0,26.0,113.0,13.0,17.0,24.0,16.0,9.0,5.0,5.0,9.0,0.0,0.0
38,62.0,20.0,2.0,2.0,51.0,3.0,37.0,3.0,13.0,8.0,12.0,0.0,6.0,5.0,7.0,0.0,0.0
39,9.0,1.0,8.0,2.0,6.0,0.0,90.0,0.0,0.0,32.0,0.0,0.0,0.0,2.0,3.0,0.0,0.0
40,127.0,6.0,56.0,32.0,114.0,7.0,125.0,10.0,17.0,32.0,15.0,3.0,7.0,16.0,26.0,0.0,0.0
41,12.0,2.0,2.0,1.0,2.0,1.0,6.0,0.0,0.0,1.0,3.0,0.0,3.0,2.0,0.0,0.0,0.0
42,4.0,2.0,2.0,0.0,0.0,0.0,3.0,2.0,0.0,0.0,1.0,0.0,0.0,0.0,0.0,0.0,0.0
43,4.0,5.0,0.0,0.0,6.0,1.0,6.0,0.0,0.0,0.0,0.0,0.0,2.0,2.0,0.0,0.0,0.0
44,44.0,9.0,2.0,0.0,29.0,0.0,20.0,1.0,11.0,2.0,10.0,0.0,1.0,2.0,2.0,0.0,0.0
45,34.0,4.0,10.0,1.0,4.0,3.0,31.0,0.0,4.0,7.0,3.0,0.0,0.0,1.0,5.0,0.0,0.0
46,247.0,67.0,65.0,22.0,164.0,22.0,368.0,20.0,25.0,90.0,41.0,5.0,16.0,30.0,37.0,0.0,0.0
47,23.0,10.0,2.0,0.0,20.0,3.0,13.0,0.0,4.0,3.0,6.0,0.0,2.0,1.0,3.0,0.0,0.0
48,94.0,14.0,17.0,16.0,68.0,9.0,67.0,2.0,8.0,28.0,16.0,2.0,8.0,8.0,19.0,0.0,0.0
49,68.0,15.0,6.0,10.0,49.0,7.0,48.0,3.0,9.0,12.0,21.0,0.0,7.0,2.0,5.0,0.0,0.0
50,15.0,6.0,0.0,0.0,19.0,3.0,6.0,0.0,4.0,1.0,0.0,1.0,2.0,2.0,1.0,0.0,0.0
51,41.0,11.0,0.0,1.0,38.0,0.0,20.0,1.0,5.0,5.0,8.0,2.0,2.0,0.0,0.0,0.0,0.0
52,1.0,1.0,0.0,0.0,1.0,0.0,0.0,1.0,1.0,0.0,0.0,0.0,0.0,0.0,0.0,0.0,0.0
53,101.0,31.0,11.0,30.0,79.0,9.0,57.0,15.0,13.0,7.0,38.0,1.0,6.0,10.0,2.0,0.0,0.0
54,1.0,1.0,0.0,2.0,4.0,1.0,28.0,0.0,0.0,1.0,2.0,0.0,0.0,0.0,3.0,0.0,0.0
55,204.0,57.0,73.0,78.0,179.0,15.0,263.0,20.0,39.0,57.0,50.0,4.0,22.0,33.0,38.0,0.0,0.0
56,143.0,25.0,25.0,31.0,88.0,12.0,149.0,1.0,7.0,31.0,33.0,5.0,8.0,12.0,20.0,0.0,0.0
57,0.0,0.0,0.0,0.0,0.0,0.0,2.0,1.0,0.0,0.0,2.0,0.0,0.0,0.0,0.0,0.0,0.0
58,9.0,1.0,1.0,0.0,3.0,2.0,1.0,0.0,0.0,2.0,6.0,0.0,0.0,0.0,0.0,0.0,0.0
59,98.0,20.0,24.0,11.0,42.0,2.0,117.0,5.0,11.0,21.0,9.0,4.0,4.0,10.0,10.0,0.0,0.0
60,12.0,3.0,5.0,4.0,8.0,3.0,47.0,1.0,0.0,13.0,0.0,0.0,0.0,2.0,3.0,0.0,0.0
61,0.0,2.0,2.0,0.0,3.0,0.0,5.0,0.0,1.0,1.0,2.0,0.0,0.0,0.0,0.0,0.0,0.0
62,1.0,0.0,0.0,0.0,0.0,0.0,1.0,1.0,1.0,1.0,0.0,0.0,0.0,0.0,1.0,0.0,0.0
63,3.0,0.0,0.0,0.0,2.0,0.0,0.0,0.0,0.0,0.0,1.0,0.0,0.0,0.0,0.0,0.0,0.0
64,95.0,21.0,3.0,0.0,65.0,3.0,51.0,0.0,8.0,6.0,21.0,0.0,9.0,6.0,1.0,0.0,0.0
65,1.0,1.0,0.0,0.0,6.0,0.0,1.0,0.0,1.0,1.0,0.0,0.0,1.0,0.0,0.0,0.0,0.0
66,0.0,0.0,0.0,0.0,0.0,0.0,0.0,0.0,0.0,0.0,0.0,0.0,0.0,0.0,0.0,0.0,0.0
67,85.0,24.0,9.0,1.0,78.0,1.0,57.0,1.0,15.0,12.0,14.0,0.0,5.0,1.0,3.0,0.0,0.0
68,157.0,54.0,8.0,6.0,156.0,3.0,152.0,5.0,21.0,28.0,34.0,3.0,8.0,14.0,8.0,0.0,0.0
69,53.0,13.0,11.0,8.0,25.0,1.0,60.0,1.0,6.0,18.0,18.0,0.0,3.0,1.0,4.0,0.0,0.0
70,74.0,12.0,14.0,11.0,75.0,3.0,59.0,2.0,8.0,10.0,14.0,0.0,2.0,6.0,16.0,0.0,0.0
71,80.0,21.0,6.0,0.0,40.0,3.0,28.0,0.0,4.0,8.0,14.0,0.0,5.0,2.0,0.0,0.0,0.0
72,9.0,7.0,0.0,0.0,12.0,1.0,37.0,0.0,0.0,14.0,2.0,0.0,1.0,1.0,2.0,0.0,0.0
73,98.0,22.0,15.0,9.0,49.0,8.0,113.0,4.0,13.0,29.0,12.0,3.0,2.0,12.0,11.0,0.0,0.0
74,18.0,3.0,6.0,1.0,12.0,0.0,9.0,1.0,1.0,1.0,6.0,0.0,0.0,0.0,0.0,0.0,0.0
75,47.0,6.0,8.0,2.0,20.0,1.0,59.0,5.0,2.0,15.0,12.0,1.0,0.0,3.0,4.0,0.0,0.0
76,47.0,21.0,4.0,0.0,40.0,2.0,21.0,1.0,4.0,8.0,16.0,0.0,2.0,2.0,2.0,0.0,0.0
77,79.0,25.0,16.0,12.0,67.0,18.0,149.0,1.0,22.0,50.0,14.0,11.0,3.0,17.0,12.0,0.0,0.0
78,11.0,5.0,0.0,0.0,5.0,1.0,3.0,0.0,3.0,0.0,1.0,0.0,3.0,0.0,0.0,0.0,0.0
79,38.0,5.0,8.0,19.0,21.0,5.0,127.0,1.0,6.0,22.0,2.0,0.0,2.0,6.0,10.0,0.0,0.0
80,83.0,11.0,10.0,7.0,29.0,2.0,178.0,2.0,4.0,34.0,16.0,2.0,3.0,7.0,8.0,0.0,0.0
81,101.0,19.0,28.0,29.0,99.0,6.0,65.0,2.0,13.0,21.0,15.0,3.0,2.0,3.0,18.0,0.0,0.0
82,28.0,11.0,2.0,0.0,21.0,0.0,13.0,0.0,2.0,3.0,15.0,0.0,3.0,2.0,2.0,0.0,0.0
83,1.0,0.0,0.0,0.0,0.0,0.0,1.0,0.0,1.0,0.0,1.0,0.0,0.0,0.0,0.0,0.0,0.0
84,85.0,25.0,26.0,20.0,70.0,14.0,145.0,9.0,36.0,22.0,18.0,3.0,16.0,11.0,17.0,0.0,0.0
85,67.0,17.0,10.0,9.0,43.0,3.0,88.0,4.0,9.0,14.0,8.0,2.0,3.0,6.0,5.0,0.0,0.0
86,3.0,0.0,0.0,0.0,0.0,0.0,0.0,0.0,0.0,0.0,0.0,0.0,0.0,0.0,0.0,0.0,0.0
87,0.0,0.0,0.0,0.0,1.0,1.0,0.0,0.0,0.0,0.0,0.0,0.0,0.0,0.0,0.0,0.0,0.0
88,0.0,1.0,5.0,5.0,0.0,1.0,91.0,0.0,1.0,63.0,4.0,0.0,1.0,0.0,8.0,0.0,0.0
89,18.0,6.0,3.0,0.0,13.0,2.0,22.0,2.0,4.0,9.0,6.0,0.0,9.0,3.0,2.0,0.0,0.0
90,1.0,0.0,0.0,0.0,0.0,0.0,0.0,0.0,0.0,0.0,0.0,0.0,0.0,0.0,0.0,0.0,0.0
91,98.0,24.0,18.0,9.0,61.0,4.0,100.0,1.0,17.0,22.0,14.0,0.0,11.0,3.0,3.0,0.0,0.0
92,23.0,2.0,0.0,2.0,10.0,0.0,17.0,0.0,0.0,0.0,6.0,0.0,0.0,0.0,0.0,0.0,0.0
93,230.0,41.0,36.0,10.0,123.0,29.0,357.0,22.0,56.0,65.0,50.0,9.0,18.0,16.0,32.0,0.0,0.0
94,115.0,31.0,14.0,1.0,59.0,0.0,87.0,3.0,19.0,18.0,38.0,1.0,4.0,2.0,5.0,0.0,0.0
95,93.0,10.0,16.0,1.0,43.0,4.0,91.0,3.0,9.0,16.0,18.0,0.0,1.0,2.0,6.0,0.0,0.0
96,2.0,0.0,0.0,0.0,1.0,0.0,1.0,0.0,0.0,0.0,1.0,0.0,0.0,0.0,0.0,0.0,0.0
97,141.0,15.0,29.0,19.0,32.0,1.0,105.0,2.0,12.0,40.0,13.0,1.0,3.0,9.0,20.0,0.0,0.0
98,31.0,4.0,6.0,9.0,11.0,1.0,18.0,0.0,3.0,4.0,5.0,0.0,1.0,2.0,4.0,0.0,0.0
99,25.0,11.0,21.0,40.0,45.0,1.0,26.0,1.0,7.0,13.0,6.0,5.0,0.0,2.0,12.0,0.0,0.0
100,0.0,0.0,0.0,0.0,0.0,0.0,0.0,0.0,0.0,0.0,0.0,0.0,0.0,0.0,0.0,0.0,0.0
101,26.0,9.0,0.0,0.0,20.0,0.0,5.0,0.0,3.0,1.0,7.0,0.0,0.0,1.0,0.0,0.0,0.0
102,5.0,1.0,0.0,0.0,6.0,1.0,2.0,0.0,0.0,0.0,0.0,0.0,2.0,0.0,0.0,0.0,0.0
103,211.0,17.0,78.0,35.0,86.0,6.0,155.0,2.0,21.0,37.0,21.0,4.0,3.0,27.0,69.0,0.0,0.0
104,209.0,36.0,48.0,10.0,127.0,15.0,289.0,5.0,28.0,57.0,39.0,1.0,21.0,21.0,19.0,0.0,0.0
105,22.0,13.0,0.0,0.0,14.0,0.0,10.0,1.0,1.0,3.0,5.0,0.0,0.0,1.0,0.0,0.0,0.0
106,106.0,50.0,30.0,15.0,81.0,17.0,237.0,19.0,44.0,63.0,21.0,2.0,26.0,36.0,25.0,0.0,0.0
107,0.0,0.0,0.0,0.0,0.0,0.0,0.0,0.0,0.0,0.0,0.0,0.0,0.0,0.0,0.0,0.0,0.0
108,7.0,6.0,0.0,0.0,7.0,0.0,27.0,1.0,3.0,11.0,3.0,0.0,1.0,2.0,2.0,0.0,0.0
109,2.0,0.0,0.0,1.0,1.0,0.0,15.0,0.0,0.0,1.0,0.0,0.0,0.0,0.0,1.0,0.0,0.0
110,54.0,13.0,8.0,7.0,40.0,1.0,27.0,1.0,6.0,5.0,17.0,0.0,1.0,0.0,7.0,0.0,0.0
111,73.0,11.0,11.0,15.0,37.0,2.0,58.0,2.0,7.0,23.0,10.0,0.0,3.0,10.0,6.0,0.0,0.0
112,23.0,3.0,5.0,2.0,17.0,1.0,27.0,0.0,0.0,16.0,6.0,1.0,3.0,0.0,12.0,0.0,0.0
113,9.0,4.0,1.0,0.0,11.0,1.0,22.0,0.0,0.0,8.0,1.0,0.0,1.0,0.0,0.0,0.0,0.0
114,3.0,4.0,1.0,0.0,5.0,0.0,28.0,0.0,0.0,5.0,1.0,0.0,0.0,1.0,1.0,0.0,0.0
115,3.0,3.0,1.0,0.0,7.0,0.0,1.0,1.0,1.0,1.0,0.0,0.0,0.0,0.0,0.0,0.0,0.0
116,27.0,11.0,3.0,3.0,27.0,6.0,7.0,0.0,3.0,6.0,7.0,0.0,0.0,1.0,4.0,0.0,0.0
117,17.0,3.0,0.0,2.0,10.0,0.0,6.0,0.0,1.0,2.0,4.0,0.0,0.0,0.0,5.0,0.0,0.0
118,13.0,8.0,7.0,0.0,16.0,0.0,139.0,1.0,1.0,33.0,0.0,0.0,1.0,4.0,4.0,0.0,0.0
119,50.0,9.0,12.0,7.0,18.0,3.0,70.0,1.0,7.0,13.0,4.0,1.0,3.0,5.0,4.0,0.0,0.0
120,0.0,0.0,0.0,0.0,0.0,0.0,0.0,0.0,0.0,0.0,0.0,0.0,0.0,0.0,0.0,0.0,0.0
121,1.0,0.0,0.0,0.0,3.0,0.0,4.0,0.0,1.0,1.0,0.0,0.0,0.0,0.0,0.0,0.0,0.0
122,4.0,0.0,0.0,0.0,2.0,0.0,3.0,0.0,1.0,0.0,2.0,0.0,0.0,0.0,0.0,0.0,0.0
123,61.0,16.0,4.0,6.0,49.0,3.0,18.0,1.0,8.0,7.0,8.0,1.0,3.0,5.0,12.0,0.0,0.0
124,61.0,15.0,4.0,2.0,37.0,3.0,14.0,3.0,5.0,8.0,10.0,1.0,3.0,1.0,0.0,0.0,0.0
125,4.0,3.0,0.0,0.0,0.0,0.0,1.0,0.0,0.0,0.0,2.0,0.0,0.0,0.0,0.0,0.0,0.0
126,96.0,20.0,14.0,15.0,56.0,10.0,96.0,4.0,12.0,24.0,9.0,0.0,1.0,16.0,11.0,0.0,0.0
127,33.0,19.0,2.0,0.0,53.0,0.0,23.0,3.0,6.0,2.0,13.0,0.0,6.0,0.0,1.0,0.0,0.0
128,58.0,11.0,14.0,1.0,40.0,4.0,60.0,2.0,6.0,19.0,10.0,0.0,5.0,8.0,1.0,0.0,0.0
129,31.0,10.0,6.0,1.0,27.0,1.0,17.0,1.0,7.0,4.0,13.0,0.0,3.0,1.0,0.0,0.0,0.0
130,0.0,0.0,1.0,0.0,0.0,0.0,6.0,0.0,0.0,0.0,1.0,0.0,0.0,1.0,0.0,0.0,0.0
131,6.0,1.0,3.0,1.0,4.0,2.0,24.0,0.0,0.0,12.0,2.0,0.0,0.0,1.0,2.0,0.0,0.0
132,48.0,5.0,12.0,13.0,15.0,2.0,43.0,0.0,9.0,5.0,7.0,0.0,0.0,8.0,3.0,0.0,0.0
133,160.0,45.0,21.0,5.0,104.0,7.0,137.0,3.0,22.0,31.0,27.0,2.0,2.0,13.0,11.0,0.0,0.0
134,11.0,6.0,1.0,0.0,22.0,1.0,3.0,1.0,2.0,1.0,9.0,0.0,2.0,0.0,0.0,0.0,0.0
135,1.0,0.0,0.0,1.0,1.0,0.0,0.0,0.0,0.0,0.0,0.0,0.0,0.0,0.0,0.0,0.0,0.0
136,55.0,19.0,9.0,2.0,42.0,5.0,29.0,3.0,8.0,6.0,13.0,0.0,4.0,1.0,1.0,0.0,0.0
137,3.0,3.0,0.0,0.0,5.0,0.0,1.0,0.0,3.0,0.0,2.0,0.0,0.0,1.0,0.0,0.0,0.0
138,63.0,9.0,11.0,2.0,28.0,2.0,61.0,1.0,4.0,24.0,11.0,0.0,5.0,1.0,8.0,0.0,0.0
139,29.0,6.0,1.0,0.0,16.0,0.0,16.0,1.0,0.0,3.0,4.0,0.0,0.0,1.0,2.0,0.0,0.0
140,67.0,17.0,16.0,5.0,34.0,2.0,35.0,12.0,15.0,17.0,9.0,0.0,6.0,4.0,6.0,0.0,0.0
141,82.0,9.0,23.0,41.0,70.0,8.0,249.0,6.0,14.0,40.0,16.0,1.0,9.0,23.0,22.0,0.0,0.0
142,0.0,0.0,0.0,4.0,0.0,0.0,8.0,0.0,0.0,1.0,2.0,0.0,0.0,0.0,4.0,0.0,0.0
143,17.0,5.0,1.0,2.0,7.0,1.0,19.0,0.0,1.0,0.0,2.0,0.0,0.0,3.0,0.0,0.0,0.0
144,8.0,5.0,8.0,0.0,16.0,0.0,48.0,2.0,0.0,1.0,1.0,2.0,1.0,0.0,1.0,0.0,0.0
145,30.0,12.0,8.0,7.0,9.0,5.0,46.0,0.0,3.0,11.0,13.0,0.0,3.0,0.0,7.0,0.0,0.0
146,77.0,10.0,10.0,2.0,38.0,9.0,42.0,0.0,3.0,8.0,12.0,0.0,3.0,2.0,8.0,0.0,0.0
147,59.0,10.0,5.0,29.0,43.0,3.0,51.0,2.0,8.0,10.0,11.0,0.0,2.0,3.0,7.0,0.0,0.0
148,63.0,15.0,3.0,13.0,27.0,2.0,22.0,1.0,10.0,17.0,5.0,0.0,1.0,3.0,2.0,0.0,0.0
149,36.0,12.0,14.0,1.0,25.0,0.0,37.0,4.0,9.0,7.0,10.0,0.0,1.0,4.0,9.0,0.0,0.0
150,68.0,10.0,19.0,7.0,21.0,1.0,46.0,1.0,7.0,11.0,22.0,0.0,1.0,2.0,10.0,0.0,0.0
151,86.0,29.0,12.0,10.0,71.0,6.0,64.0,3.0,2.0,20.0,29.0,1.0,5.0,6.0,11.0,0.0,0.0
152,36.0,16.0,1.0,1.0,20.0,1.0,18.0,2.0,3.0,5.0,19.0,2.0,2.0,0.0,1.0,0.0,0.0
153,0.0,0.0,0.0,0.0,0.0,0.0,2.0,1.0,1.0,0.0,0.0,0.0,0.0,0.0,0.0,0.0,0.0
154,26.0,9.0,2.0,0.0,33.0,4.0,18.0,3.0,4.0,7.0,3.0,1.0,1.0,5.0,5.0,0.0,0.0
155,11.0,5.0,0.0,0.0,5.0,1.0,2.0,1.0,2.0,0.0,8.0,0.0,2.0,0.0,3.0,0.0,0.0
156,106.0,13.0,17.0,33.0,61.0,9.0,58.0,2.0,11.0,17.0,8.0,1.0,2.0,4.0,13.0,0.0,0.0
157,17.0,6.0,2.0,1.0,7.0,2.0,8.0,3.0,6.0,5.0,6.0,0.0,1.0,1.0,2.0,0.0,0.0
158,99.0,22.0,21.0,3.0,57.0,3.0,82.0,2.0,12.0,26.0,18.0,0.0,6.0,6.0,6.0,0.0,0.0
159,16.0,3.0,3.0,7.0,13.0,0.0,27.0,1.0,3.0,1.0,3.0,1.0,0.0,2.0,4.0,0.0,0.0
160,1.0,1.0,0.0,0.0,2.0,0.0,2.0,0.0,0.0,0.0,1.0,0.0,1.0,1.0,1.0,0.0,0.0
161,13.0,3.0,9.0,6.0,8.0,0.0,36.0,1.0,2.0,8.0,6.0,0.0,1.0,4.0,4.0,0.0,0.0
162,89.0,11.0,27.0,29.0,36.0,3.0,264.0,6.0,18.0,32.0,13.0,1.0,2.0,18.0,27.0,0.0,0.0
163,15.0,2.0,0.0,2.0,10.0,1.0,7.0,0.0,1.0,0.0,3.0,1.0,1.0,0.0,1.0,0.0,0.0
164,8.0,5.0,1.0,0.0,7.0,0.0,4.0,5.0,2.0,0.0,2.0,0.0,0.0,9.0,0.0,0.0,0.0
165,174.0,40.0,17.0,6.0,103.0,10.0,148.0,0.0,18.0,25.0,29.0,0.0,6.0,12.0,7.0,0.0,0.0
166,0.0,0.0,0.0,0.0,2.0,0.0,0.0,0.0,0.0,0.0,0.0,0.0,0.0,0.0,1.0,0.0,0.0
167,48.0,5.0,19.0,8.0,30.0,2.0,71.0,0.0,3.0,15.0,14.0,1.0,1.0,6.0,4.0,0.0,0.0
168,158.0,36.0,22.0,4.0,141.0,7.0,101.0,3.0,18.0,24.0,35.0,0.0,6.0,9.0,8.0,0.0,0.0
169,6.0,0.0,3.0,1.0,5.0,0.0,5.0,3.0,1.0,2.0,4.0,0.0,0.0,0.0,0.0,0.0,0.0
170,106.0,25.0,25.0,8.0,62.0,8.0,118.0,1.0,11.0,18.0,22.0,0.0,0.0,2.0,11.0,0.0,0.0
171,0.0,0.0,0.0,0.0,1.0,0.0,0.0,0.0,0.0,0.0,0.0,0.0,0.0,0.0,0.0,0.0,0.0
172,3.0,1.0,0.0,0.0,4.0,0.0,0.0,0.0,2.0,0.0,1.0,0.0,1.0,0.0,0.0,0.0,0.0
173,4.0,0.0,0.0,0.0,3.0,0.0,1.0,0.0,0.0,0.0,0.0,0.0,0.0,1.0,0.0,0.0,0.0
174,1.0,0.0,0.0,0.0,0.0,0.0,0.0,0.0,1.0,0.0,3.0,0.0,0.0,0.0,0.0,0.0,0.0
175,54.0,6.0,9.0,23.0,65.0,9.0,45.0,1.0,4.0,18.0,14.0,2.0,6.0,3.0,14.0,0.0,0.0
176,4.0,0.0,2.0,0.0,4.0,0.0,2.0,0.0,0.0,0.0,0.0,0.0,0.0,0.0,0.0,0.0,0.0
177,237.0,59.0,26.0,74.0,189.0,26.0,192.0,18.0,41.0,47.0,57.0,3.0,29.0,33.0,24.0,0.0,0.0
178,48.0,13.0,18.0,18.0,30.0,2.0,115.0,4.0,9.0,37.0,4.0,0.0,2.0,4.0,17.0,0.0,0.0
179,18.0,4.0,8.0,12.0,21.0,1.0,15.0,0.0,6.0,6.0,7.0,1.0,0.0,0.0,4.0,0.0,0.0
180,13.0,4.0,1.0,0.0,10.0,2.0,5.0,0.0,4.0,1.0,4.0,0.0,0.0,2.0,0.0,0.0,0.0
181,53.0,8.0,9.0,9.0,30.0,2.0,41.0,1.0,7.0,14.0,5.0,0.0,2.0,7.0,4.0,0.0,0.0
182,19.0,3.0,3.0,0.0,7.0,1.0,2.0,0.0,1.0,2.0,3.0,0.0,1.0,1.0,1.0,0.0,0.0
183,6.0,0.0,0.0,0.0,5.0,0.0,0.0,0.0,0.0,0.0,0.0,0.0,0.0,0.0,0.0,0.0,0.0
184,2.0,2.0,0.0,0.0,2.0,0.0,0.0,1.0,0.0,0.0,0.0,0.0,0.0,0.0,0.0,0.0,0.0
185,1.0,2.0,0.0,0.0,2.0,0.0,0.0,0.0,1.0,0.0,1.0,0.0,1.0,0.0,0.0,0.0,0.0
186,59.0,19.0,1.0,2.0,45.0,2.0,29.0,1.0,4.0,5.0,11.0,1.0,4.0,2.0,3.0,0.0,0.0
187,2.0,1.0,0.0,0.0,2.0,0.0,1.0,0.0,0.0,0.0,2.0,0.0,1.0,0.0,0.0,0.0,0.0
188,8.0,4.0,0.0,0.0,5.0,2.0,27.0,0.0,1.0,10.0,1.0,0.0,1.0,1.0,0.0,0.0,0.0
189,26.0,4.0,6.0,3.0,21.0,2.0,14.0,0.0,3.0,11.0,3.0,1.0,0.0,2.0,2.0,0.0,0.0
190,49.0,28.0,16.0,11.0,48.0,11.0,117.0,12.0,33.0,27.0,10.0,2.0,14.0,22.0,16.0,0.0,0.0
191,21.0,6.0,1.0,0.0,12.0,2.0,44.0,2.0,2.0,4.0,5.0,0.0,0.0,0.0,4.0,0.0,0.0
192,295.0,48.0,84.0,5.0,165.0,11.0,307.0,4.0,33.0,59.0,62.0,2.0,6.0,7.0,36.0,0.0,0.0
193,26.0,4.0,5.0,2.0,13.0,0.0,50.0,0.0,1.0,7.0,3.0,1.0,0.0,1.0,4.0,0.0,0.0
194,23.0,14.0,1.0,0.0,12.0,1.0,2.0,1.0,3.0,1.0,4.0,0.0,1.0,1.0,0.0,0.0,0.0
195,11.0,3.0,2.0,3.0,5.0,1.0,23.0,2.0,2.0,3.0,0.0,1.0,1.0,1.0,5.0,0.0,0.0
196,105.0,24.0,16.0,14.0,58.0,8.0,71.0,2.0,6.0,21.0,16.0,5.0,7.0,12.0,32.0,0.0,0.0
197,9.0,1.0,2.0,0.0,1.0,0.0,1.0,0.0,0.0,1.0,1.0,0.0,1.0,0.0,0.0,0.0,0.0
198,11.0,6.0,6.0,8.0,19.0,1.0,168.0,0.0,1.0,48.0,6.0,0.0,3.0,2.0,13.0,0.0,0.0
199,29.0,7.0,3.0,0.0,21.0,1.0,16.0,0.0,3.0,2.0,10.0,0.0,3.0,2.0,2.0,0.0,0.0
200,226.0,39.0,32.0,6.0,142.0,12.0,215.0,8.0,31.0,62.0,56.0,1.0,10.0,19.0,20.0,0.0,0.0
201,1.0,0.0,0.0,0.0,0.0,0.0,2.0,0.0,1.0,0.0,0.0,0.0,0.0,0.0,0.0,0.0,0.0
202,25.0,14.0,3.0,1.0,11.0,1.0,44.0,0.0,2.0,7.0,4.0,0.0,3.0,3.0,2.0,0.0,0.0
203,12.0,2.0,3.0,1.0,5.0,1.0,5.0,0.0,1.0,0.0,3.0,0.0,0.0,2.0,1.0,0.0,0.0
204,269.0,65.0,82.0,29.0,142.0,22.0,482.0,38.0,40.0,65.0,64.0,25.0,38.0,34.0,44.0,0.0,0.0
205,206.0,38.0,89.0,69.0,139.0,9.0,217.0,3.0,15.0,60.0,19.0,4.0,4.0,19.0,51.0,0.0,0.0
206,2.0,3.0,0.0,0.0,1.0,0.0,0.0,0.0,0.0,0.0,0.0,0.0,1.0,0.0,0.0,0.0,0.0
207,62.0,17.0,9.0,4.0,36.0,4.0,44.0,1.0,2.0,10.0,8.0,0.0,3.0,5.0,4.0,0.0,0.0
208,91.0,9.0,16.0,13.0,27.0,5.0,85.0,1.0,13.0,10.0,13.0,0.0,0.0,11.0,17.0,0.0,0.0
209,7.0,2.0,2.0,0.0,3.0,0.0,13.0,0.0,0.0,9.0,1.0,0.0,0.0,1.0,0.0,0.0,0.0
210,1.0,1.0,0.0,0.0,0.0,0.0,0.0,0.0,0.0,0.0,2.0,0.0,0.0,0.0,0.0,0.0,0.0
211,0.0,0.0,0.0,0.0,0.0,0.0,0.0,0.0,0.0,0.0,0.0,0.0,0.0,0.0,0.0,0.0,0.0
212,50.0,19.0,8.0,0.0,28.0,2.0,50.0,2.0,7.0,8.0,9.0,0.0,2.0,4.0,2.0,0.0,0.0
213,77.0,19.0,15.0,35.0,69.0,4.0,38.0,1.0,9.0,16.0,17.0,3.0,7.0,8.0,4.0,0.0,0.0
214,30.0,14.0,0.0,0.0,21.0,1.0,16.0,1.0,1.0,7.0,9.0,0.0,2.0,1.0,1.0,0.0,0.0
215,0.0,0.0,0.0,0.0,0.0,0.0,0.0,0.0,1.0,0.0,1.0,0.0,0.0,0.0,0.0,0.0,0.0
216,5.0,3.0,0.0,0.0,4.0,0.0,3.0,1.0,1.0,2.0,2.0,0.0,0.0,0.0,0.0,0.0,0.0
217,1.0,3.0,0.0,0.0,1.0,0.0,1.0,0.0,0.0,0.0,1.0,0.0,0.0,0.0,0.0,0.0,0.0
218,75.0,15.0,7.0,1.0,50.0,8.0,39.0,0.0,8.0,7.0,17.0,0.0,5.0,5.0,4.0,0.0,0.0
219,54.0,13.0,2.0,0.0,29.0,3.0,24.0,0.0,8.0,7.0,22.0,0.0,8.0,4.0,0.0,0.0,0.0
220,27.0,10.0,0.0,0.0,14.0,0.0,15.0,2.0,4.0,8.0,12.0,0.0,4.0,0.0,0.0,0.0,0.0
221,25.0,7.0,11.0,15.0,22.0,2.0,43.0,1.0,1.0,5.0,7.0,0.0,2.0,1.0,5.0,0.0,0.0
222,72.0,25.0,7.0,8.0,62.0,1.0,105.0,1.0,18.0,21.0,31.0,3.0,2.0,4.0,8.0,0.0,0.0
223,88.0,12.0,14.0,14.0,78.0,7.0,104.0,1.0,12.0,42.0,9.0,2.0,3.0,10.0,20.0,0.0,0.0
224,0.0,0.0,0.0,0.0,0.0,0.0,0.0,0.0,0.0,0.0,0.0,0.0,0.0,0.0,0.0,0.0,0.0
225,47.0,17.0,3.0,3.0,17.0,1.0,15.0,3.0,4.0,7.0,7.0,0.0,3.0,1.0,2.0,0.0,0.0
226,5.0,2.0,1.0,1.0,4.0,1.0,3.0,0.0,0.0,0.0,3.0,0.0,0.0,0.0,1.0,0.0,0.0
227,6.0,3.0,1.0,1.0,7.0,0.0,14.0,0.0,0.0,2.0,0.0,0.0,0.0,0.0,3.0,0.0,0.0
228,65.0,20.0,8.0,3.0,44.0,1.0,63.0,0.0,7.0,13.0,18.0,1.0,2.0,2.0,3.0,0.0,0.0
229,6.0,3.0,0.0,1.0,1.0,0.0,18.0,0.0,1.0,4.0,4.0,0.0,0.0,0.0,1.0,0.0,0.0
230,0.0,0.0,0.0,0.0,0.0,0.0,0.0,1.0,0.0,0.0,0.0,0.0,0.0,0.0,0.0,0.0,0.0
231,56.0,5.0,9.0,21.0,49.0,2.0,36.0,1.0,3.0,6.0,4.0,0.0,2.0,0.0,4.0,0.0,0.0
232,6.0,3.0,1.0,5.0,6.0,1.0,16.0,0.0,0.0,2.0,0.0,0.0,0.0,0.0,0.0,0.0,0.0
233,5.0,6.0,7.0,0.0,8.0,4.0,69.0,4.0,4.0,30.0,5.0,0.0,2.0,1.0,3.0,0.0,0.0
234,8.0,5.0,0.0,0.0,6.0,0.0,9.0,2.0,0.0,1.0,1.0,0.0,0.0,2.0,0.0,0.0,0.0
235,222.0,48.0,34.0,20.0,163.0,22.0,225.0,7.0,31.0,64.0,53.0,2.0,13.0,13.0,23.0,0.0,0.0
236,3.0,1.0,0.0,0.0,1.0,0.0,13.0,0.0,0.0,1.0,1.0,0.0,0.0,0.0,0.0,0.0,0.0
237,33.0,4.0,2.0,1.0,11.0,2.0,23.0,0.0,1.0,4.0,16.0,0.0,0.0,1.0,1.0,0.0,0.0
238,4.0,2.0,0.0,0.0,4.0,1.0,22.0,0.0,1.0,6.0,1.0,0.0,0.0,0.0,7.0,0.0,0.0
239,42.0,6.0,2.0,0.0,30.0,1.0,16.0,0.0,3.0,4.0,10.0,0.0,2.0,1.0,2.0,0.0,0.0
240,53.0,20.0,2.0,3.0,25.0,4.0,35.0,1.0,5.0,12.0,10.0,0.0,3.0,2.0,2.0,0.0,0.0
241,16.0,4.0,2.0,0.0,2.0,3.0,9.0,1.0,0.0,1.0,1.0,0.0,0.0,0.0,8.0,0.0,0.0
242,37.0,8.0,16.0,9.0,15.0,0.0,120.0,8.0,3.0,33.0,5.0,1.0,8.0,1.0,11.0,0.0,0.0
243,7.0,4.0,4.0,0.0,5.0,0.0,2.0,0.0,2.0,1.0,1.0,0.0,1.0,0.0,0.0,0.0,0.0
244,93.0,14.0,3.0,17.0,49.0,4.0,41.0,1.0,15.0,16.0,24.0,2.0,7.0,4.0,8.0,0.0,0.0
245,46.0,12.0,6.0,1.0,33.0,3.0,21.0,1.0,6.0,9.0,12.0,0.0,4.0,0.0,2.0,0.0,0.0
246,0.0,0.0,0.0,0.0,2.0,0.0,1.0,0.0,0.0,0.0,0.0,0.0,0.0,0.0,0.0,0.0,0.0
247,56.0,4.0,7.0,11.0,25.0,6.0,37.0,1.0,3.0,13.0,12.0,0.0,3.0,0.0,4.0,0.0,0.0
248,120.0,36.0,16.0,43.0,74.0,10.0,94.0,12.0,17.0,32.0,20.0,1.0,18.0,14.0,11.0,0.0,0.0
249,5.0,0.0,1.0,2.0,1.0,1.0,7.0,0.0,0.0,2.0,5.0,0.0,0.0,1.0,2.0,0.0,0.0
250,38.0,5.0,1.0,5.0,8.0,0.0,23.0,0.0,3.0,4.0,9.0,0.0,0.0,2.0,7.0,0.0,0.0
251,8.0,6.0,2.0,0.0,4.0,1.0,4.0,0.0,0.0,1.0,2.0,0.0,0.0,0.0,0.0,0.0,0.0
252,46.0,21.0,3.0,10.0,36.0,2.0,32.0,2.0,5.0,11.0,13.0,1.0,1.0,3.0,1.0,0.0,0.0
253,37.0,15.0,5.0,6.0,28.0,5.0,33.0,0.0,3.0,8.0,17.0,0.0,1.0,1.0,2.0,0.0,0.0
254,57.0,7.0,6.0,1.0,39.0,4.0,32.0,2.0,5.0,9.0,14.0,0.0,2.0,4.0,2.0,0.0,0.0
255,10.0,2.0,2.0,1.0,8.0,4.0,4.0,1.0,5.0,1.0,11.0,0.0,5.0,3.0,1.0,0.0,0.0
256,72.0,6.0,26.0,4.0,16.0,0.0,78.0,2.0,5.0,13.0,15.0,0.0,1.0,2.0,6.0,0.0,0.0
257,0.0,0.0,1.0,0.0,0.0,0.0,0.0,0.0,0.0,0.0,0.0,0.0,0.0,0.0,0.0,0.0,0.0
258,17.0,18.0,9.0,5.0,13.0,8.0,190.0,6.0,8.0,32.0,7.0,0.0,4.0,1.0,3.0,0.0,0.0
259,71.0,11.0,31.0,46.0,67.0,6.0,94.0,6.0,4.0,23.0,13.0,3.0,1.0,5.0,15.0,0.0,0.0
260,3.0,1.0,0.0,0.0,1.0,1.0,0.0,0.0,1.0,0.0,3.0,0.0,0.0,0.0,0.0,0.0,0.0
261,26.0,7.0,3.0,6.0,24.0,2.0,20.0,0.0,3.0,3.0,6.0,0.0,4.0,1.0,3.0,0.0,0.0
262,83.0,27.0,29.0,16.0,57.0,11.0,106.0,1.0,11.0,24.0,12.0,0.0,1.0,3.0,19.0,0.0,0.0
263,29.0,8.0,4.0,0.0,22.0,2.0,9.0,0.0,3.0,3.0,8.0,0.0,1.0,1.0,1.0,0.0,0.0
264,27.0,18.0,1.0,0.0,29.0,1.0,15.0,0.0,2.0,6.0,6.0,0.0,4.0,3.0,0.0,0.0,0.0
265,22.0,12.0,5.0,0.0,18.0,1.0,12.0,2.0,3.0,6.0,6.0,0.0,0.0,2.0,1.0,0.0,0.0
266,41.0,22.0,3.0,1.0,37.0,1.0,13.0,2.0,6.0,5.0,3.0,0.0,0.0,1.0,0.0,0.0,0.0
267,14.0,1.0,2.0,3.0,5.0,0.0,19.0,0.0,1.0,2.0,1.0,0.0,1.0,0.0,0.0,0.0,0.0
268,51.0,7.0,8.0,11.0,33.0,6.0,32.0,1.0,2.0,11.0,6.0,4.0,2.0,1.0,5.0,0.0,0.0
269,76.0,14.0,21.0,15.0,37.0,3.0,143.0,9.0,6.0,32.0,20.0,0.0,6.0,13.0,10.0,0.0,0.0
270,0.0,1.0,2.0,0.0,1.0,0.0,0.0,0.0,0.0,0.0,1.0,0.0,0.0,0.0,0.0,0.0,0.0
271,32.0,15.0,2.0,1.0,31.0,0.0,17.0,1.0,4.0,1.0,10.0,0.0,2.0,4.0,1.0,0.0,0.0
272,2.0,0.0,0.0,0.0,0.0,0.0,5.0,0.0,0.0,5.0,0.0,0.0,0.0,0.0,1.0,0.0,0.0
273,12.0,3.0,2.0,3.0,13.0,1.0,24.0,1.0,4.0,8.0,4.0,0.0,2.0,2.0,1.0,0.0,0.0
274,3.0,2.0,0.0,0.0,5.0,0.0,3.0,0.0,5.0,0.0,1.0,0.0,0.0,0.0,0.0,0.0,0.0
275,32.0,5.0,2.0,0.0,19.0,1.0,6.0,1.0,3.0,1.0,3.0,0.0,2.0,1.0,1.0,0.0,0.0
276,10.0,8.0,4.0,0.0,15.0,0.0,7.0,3.0,0.0,2.0,3.0,0.0,0.0,1.0,1.0,0.0,0.0
277,5.0,0.0,0.0,0.0,2.0,0.0,4.0,0.0,0.0,1.0,1.0,0.0,0.0,0.0,0.0,0.0,0.0
278,20.0,6.0,8.0,3.0,13.0,0.0,217.0,5.0,6.0,54.0,5.0,1.0,2.0,5.0,6.0,0.0,0.0
279,0.0,0.0,0.0,0.0,0.0,0.0,0.0,0.0,1.0,0.0,1.0,0.0,0.0,0.0,0.0,0.0,0.0
280,20.0,14.0,2.0,0.0,8.0,1.0,6.0,0.0,5.0,1.0,6.0,0.0,1.0,2.0,2.0,0.0,0.0
281,4.0,0.0,1.0,1.0,1.0,1.0,17.0,1.0,1.0,3.0,7.0,0.0,1.0,0.0,1.0,0.0,0.0
282,79.0,20.0,28.0,19.0,35.0,8.0,133.0,2.0,14.0,27.0,10.0,4.0,1.0,8.0,18.0,0.0,0.0
283,5.0,1.0,3.0,0.0,6.0,1.0,28.0,0.0,3.0,2.0,4.0,0.0,1.0,0.0,0.0,0.0,0.0
284,28.0,7.0,1.0,0.0,11.0,3.0,17.0,2.0,3.0,2.0,6.0,0.0,1.0,1.0,2.0,0.0,0.0
285,26.0,7.0,5.0,4.0,23.0,2.0,34.0,0.0,3.0,4.0,9.0,1.0,0.0,5.0,5.0,0.0,0.0
286,19.0,19.0,0.0,0.0,16.0,1.0,6.0,1.0,1.0,1.0,0.0,0.0,3.0,2.0,1.0,0.0,0.0
287,0.0,0.0,0.0,0.0,2.0,0.0,6.0,0.0,0.0,0.0,0.0,0.0,0.0,0.0,0.0,0.0,0.0
288,0.0,0.0,0.0,0.0,0.0,0.0,0.0,0.0,0.0,0.0,0.0,0.0,0.0,0.0,0.0,0.0,0.0
289,23.0,14.0,0.0,0.0,24.0,1.0,24.0,0.0,5.0,1.0,6.0,0.0,0.0,5.0,1.0,0.0,0.0
290,0.0,0.0,1.0,1.0,1.0,1.0,9.0,0.0,0.0,4.0,1.0,0.0,0.0,1.0,1.0,0.0,0.0
291,30.0,3.0,1.0,0.0,20.0,1.0,21.0,2.0,2.0,5.0,8.0,0.0,1.0,1.0,2.0,0.0,0.0
292,8.0,2.0,0.0,0.0,11.0,0.0,4.0,0.0,0.0,1.0,3.0,0.0,1.0,1.0,0.0,0.0,0.0
293,0.0,0.0,0.0,0.0,1.0,0.0,0.0,0.0,0.0,0.0,0.0,0.0,0.0,0.0,0.0,0.0,0.0
294,1.0,0.0,0.0,0.0,0.0,0.0,1.0,0.0,0.0,0.0,0.0,0.0,0.0,0.0,0.0,0.0,0.0
295,98.0,15.0,43.0,21.0,48.0,6.0,180.0,3.0,15.0,38.0,15.0,3.0,2.0,10.0,21.0,0.0,0.0
296,24.0,10.0,0.0,1.0,10.0,0.0,10.0,0.0,7.0,3.0,4.0,0.0,0.0,0.0,0.0,0.0,0.0
297,0.0,0.0,0.0,0.0,0.0,0.0,1.0,0.0,0.0,0.0,0.0,0.0,0.0,0.0,1.0,0.0,0.0
298,4.0,8.0,0.0,0.0,6.0,0.0,5.0,0.0,1.0,0.0,1.0,0.0,0.0,1.0,0.0,0.0,0.0
299,7.0,2.0,0.0,0.0,3.0,0.0,2.0,0.0,4.0,0.0,2.0,0.0,1.0,1.0,0.0,0.0,0.0
300,1.0,1.0,0.0,0.0,0.0,0.0,0.0,1.0,0.0,1.0,1.0,0.0,0.0,0.0,0.0,0.0,0.0
301,6.0,0.0,0.0,0.0,2.0,0.0,2.0,0.0,0.0,0.0,0.0,0.0,0.0,0.0,1.0,0.0,0.0
302,27.0,4.0,9.0,3.0,20.0,1.0,24.0,0.0,2.0,3.0,9.0,2.0,0.0,1.0,2.0,0.0,0.0
303,66.0,26.0,13.0,1.0,48.0,8.0,57.0,5.0,10.0,14.0,11.0,0.0,3.0,3.0,7.0,0.0,0.0
304,3.0,5.0,3.0,0.0,3.0,0.0,16.0,1.0,2.0,11.0,0.0,0.0,0.0,0.0,2.0,0.0,0.0
305,1.0,0.0,0.0,0.0,0.0,0.0,0.0,0.0,0.0,0.0,1.0,0.0,0.0,0.0,0.0,0.0,0.0
306,34.0,11.0,9.0,7.0,30.0,4.0,29.0,0.0,6.0,11.0,12.0,0.0,3.0,0.0,3.0,0.0,0.0
307,6.0,2.0,10.0,3.0,9.0,1.0,134.0,1.0,0.0,81.0,5.0,0.0,0.0,0.0,12.0,0.0,0.0
308,76.0,25.0,5.0,2.0,53.0,5.0,50.0,1.0,12.0,14.0,14.0,1.0,4.0,13.0,3.0,0.0,0.0
309,99.0,14.0,18.0,36.0,70.0,5.0,117.0,2.0,10.0,33.0,11.0,1.0,2.0,15.0,26.0,0.0,0.0
310,46.0,3.0,18.0,9.0,26.0,1.0,87.0,2.0,1.0,8.0,1.0,1.0,0.0,6.0,7.0,0.0,0.0
311,80.0,17.0,19.0,6.0,39.0,5.0,131.0,1.0,6.0,23.0,27.0,2.0,8.0,17.0,13.0,0.0,0.0
312,0.0,0.0,0.0,0.0,1.0,0.0,2.0,0.0,0.0,0.0,0.0,0.0,0.0,0.0,0.0,0.0,0.0
313,21.0,9.0,1.0,1.0,10.0,0.0,11.0,2.0,3.0,2.0,8.0,0.0,1.0,0.0,2.0,0.0,0.0
314,41.0,11.0,2.0,2.0,21.0,0.0,11.0,3.0,1.0,2.0,6.0,2.0,3.0,2.0,6.0,0.0,0.0
315,162.0,31.0,15.0,12.0,102.0,13.0,105.0,8.0,27.0,42.0,30.0,0.0,22.0,5.0,5.0,0.0,0.0
316,27.0,6.0,14.0,6.0,17.0,0.0,27.0,0.0,13.0,18.0,5.0,0.0,2.0,2.0,22.0,0.0,0.0
317,3.0,1.0,1.0,0.0,1.0,0.0,0.0,0.0,0.0,1.0,2.0,0.0,1.0,0.0,0.0,0.0,0.0
318,1.0,0.0,0.0,0.0,0.0,0.0,6.0,0.0,0.0,0.0,0.0,0.0,0.0,0.0,0.0,0.0,0.0
319,56.0,13.0,8.0,2.0,34.0,7.0,92.0,7.0,5.0,10.0,7.0,2.0,3.0,9.0,0.0,0.0,0.0
320,3.0,2.0,2.0,1.0,1.0,0.0,8.0,0.0,0.0,0.0,2.0,0.0,1.0,2.0,3.0,0.0,0.0
321,2.0,0.0,0.0,0.0,0.0,0.0,2.0,0.0,0.0,0.0,0.0,0.0,0.0,0.0,0.0,0.0,0.0
322,2.0,0.0,0.0,0.0,1.0,0.0,0.0,0.0,0.0,0.0,0.0,0.0,0.0,0.0,0.0,0.0,0.0
323,4.0,2.0,0.0,0.0,6.0,0.0,1.0,0.0,1.0,0.0,0.0,0.0,0.0,1.0,0.0,0.0,0.0
324,0.0,0.0,0.0,0.0,0.0,0.0,0.0,0.0,0.0,0.0,0.0,0.0,0.0,0.0,0.0,0.0,0.0
325,1.0,1.0,0.0,0.0,0.0,0.0,1.0,0.0,0.0,2.0,0.0,0.0,0.0,0.0,0.0,0.0,0.0
326,4.0,4.0,0.0,0.0,4.0,1.0,0.0,0.0,0.0,0.0,1.0,0.0,1.0,0.0,0.0,0.0,0.0
327,9.0,4.0,2.0,0.0,1.0,0.0,1.0,0.0,1.0,0.0,3.0,0.0,2.0,1.0,0.0,0.0,0.0
328,1.0,0.0,0.0,0.0,2.0,0.0,0.0,0.0,0.0,0.0,0.0,0.0,0.0,0.0,0.0,0.0,0.0
329,13.0,7.0,0.0,0.0,12.0,0.0,4.0,0.0,3.0,0.0,5.0,0.0,2.0,0.0,2.0,0.0,0.0
330,0.0,1.0,0.0,0.0,2.0,0.0,0.0,0.0,1.0,0.0,0.0,0.0,0.0,0.0,0.0,0.0,0.0
331,140.0,19.0,51.0,45.0,67.0,14.0,266.0,5.0,11.0,59.0,41.0,1.0,10.0,14.0,32.0,0.0,0.0
332,27.0,11.0,4.0,4.0,17.0,5.0,11.0,1.0,7.0,4.0,2.0,0.0,1.0,1.0,2.0,0.0,0.0
333,17.0,10.0,0.0,1.0,15.0,2.0,7.0,1.0,5.0,4.0,6.0,2.0,0.0,0.0,1.0,0.0,0.0
334,61.0,13.0,22.0,33.0,49.0,4.0,60.0,0.0,7.0,26.0,13.0,0.0,0.0,13.0,6.0,0.0,0.0
335,37.0,11.0,3.0,2.0,14.0,1.0,21.0,2.0,5.0,6.0,9.0,0.0,3.0,1.0,2.0,0.0,0.0
336,1.0,0.0,1.0,0.0,2.0,0.0,0.0,0.0,0.0,1.0,0.0,0.0,1.0,0.0,0.0,0.0,0.0
337,174.0,42.0,26.0,10.0,88.0,5.0,123.0,4.0,20.0,24.0,37.0,3.0,3.0,10.0,12.0,0.0,0.0
338,2.0,2.0,1.0,0.0,6.0,0.0,30.0,0.0,1.0,13.0,0.0,0.0,0.0,0.0,0.0,0.0,0.0
339,137.0,21.0,58.0,66.0,127.0,6.0,129.0,2.0,19.0,36.0,17.0,5.0,2.0,6.0,23.0,0.0,0.0
340,15.0,9.0,1.0,2.0,28.0,2.0,16.0,1.0,4.0,3.0,5.0,1.0,4.0,0.0,1.0,0.0,0.0
341,247.0,35.0,32.0,10.0,117.0,15.0,237.0,8.0,39.0,45.0,46.0,2.0,7.0,8.0,19.0,0.0,0.0
342,0.0,0.0,0.0,0.0,1.0,0.0,0.0,0.0,0.0,0.0,0.0,0.0,0.0,0.0,0.0,0.0,0.0
343,43.0,8.0,10.0,5.0,31.0,0.0,32.0,2.0,2.0,6.0,20.0,0.0,2.0,1.0,4.0,0.0,0.0
344,101.0,17.0,15.0,12.0,42.0,5.0,87.0,6.0,8.0,25.0,12.0,2.0,3.0,13.0,8.0,0.0,0.0
345,0.0,1.0,2.0,0.0,2.0,0.0,15.0,0.0,0.0,2.0,0.0,0.0,0.0,0.0,2.0,0.0,0.0
346,8.0,5.0,0.0,0.0,7.0,3.0,5.0,0.0,1.0,1.0,3.0,0.0,2.0,0.0,0.0,0.0,0.0
347,14.0,8.0,1.0,0.0,12.0,0.0,5.0,0.0,5.0,5.0,7.0,0.0,0.0,3.0,0.0,0.0,0.0
348,135.0,39.0,13.0,6.0,115.0,3.0,61.0,1.0,17.0,23.0,27.0,1.0,6.0,10.0,2.0,0.0,0.0
349,136.0,12.0,46.0,16.0,52.0,6.0,186.0,4.0,16.0,43.0,16.0,1.0,5.0,10.0,14.0,0.0,0.0
350,0.0,0.0,0.0,0.0,6.0,0.0,3.0,0.0,0.0,1.0,0.0,0.0,0.0,0.0,0.0,0.0,0.0
351,113.0,10.0,34.0,24.0,40.0,3.0,138.0,6.0,17.0,41.0,16.0,1.0,5.0,13.0,31.0,0.0,0.0
352,29.0,7.0,8.0,4.0,6.0,4.0,55.0,3.0,3.0,15.0,2.0,0.0,0.0,2.0,9.0,0.0,0.0
353,86.0,25.0,12.0,11.0,52.0,4.0,131.0,2.0,10.0,34.0,19.0,3.0,6.0,8.0,13.0,0.0,0.0
354,10.0,2.0,8.0,0.0,11.0,1.0,33.0,0.0,1.0,5.0,0.0,0.0,0.0,3.0,3.0,0.0,0.0
355,117.0,32.0,11.0,8.0,71.0,3.0,135.0,4.0,5.0,30.0,16.0,1.0,5.0,6.0,10.0,0.0,0.0
356,83.0,5.0,23.0,10.0,31.0,2.0,107.0,3.0,5.0,20.0,6.0,1.0,2.0,8.0,13.0,0.0,0.0
357,2.0,2.0,0.0,0.0,1.0,0.0,0.0,0.0,2.0,1.0,0.0,0.0,0.0,0.0,0.0,0.0,0.0
358,8.0,1.0,4.0,4.0,12.0,1.0,29.0,0.0,4.0,6.0,1.0,2.0,1.0,0.0,2.0,0.0,0.0
359,4.0,4.0,3.0,0.0,6.0,1.0,7.0,2.0,0.0,5.0,3.0,0.0,1.0,1.0,0.0,0.0,0.0
360,20.0,10.0,0.0,5.0,17.0,2.0,9.0,0.0,1.0,4.0,12.0,0.0,2.0,1.0,1.0,0.0,0.0
361,16.0,8.0,0.0,0.0,12.0,2.0,9.0,0.0,2.0,0.0,5.0,0.0,0.0,1.0,0.0,0.0,0.0
362,21.0,10.0,1.0,0.0,24.0,0.0,7.0,1.0,2.0,2.0,2.0,0.0,1.0,1.0,1.0,0.0,0.0
363,0.0,0.0,0.0,0.0,3.0,0.0,0.0,0.0,0.0,0.0,0.0,0.0,0.0,0.0,0.0,0.0,0.0
364,0.0,0.0,0.0,0.0,2.0,0.0,1.0,2.0,1.0,0.0,2.0,0.0,0.0,0.0,0.0,0.0,0.0
365,84.0,3.0,42.0,56.0,61.0,4.0,137.0,3.0,12.0,22.0,14.0,4.0,4.0,6.0,20.0,0.0,0.0
366,44.0,8.0,5.0,17.0,34.0,3.0,40.0,0.0,4.0,8.0,6.0,0.0,9.0,4.0,6.0,0.0,0.0
367,2.0,1.0,1.0,1.0,6.0,0.0,21.0,0.0,1.0,6.0,1.0,0.0,0.0,1.0,7.0,0.0,0.0
368,21.0,8.0,4.0,4.0,18.0,0.0,15.0,0.0,1.0,5.0,4.0,1.0,0.0,1.0,2.0,0.0,0.0
369,3.0,3.0,0.0,0.0,3.0,0.0,3.0,1.0,0.0,0.0,1.0,0.0,0.0,0.0,0.0,0.0,0.0
370,36.0,4.0,15.0,3.0,15.0,9.0,75.0,14.0,5.0,30.0,5.0,1.0,11.0,5.0,4.0,0.0,0.0
371,37.0,11.0,3.0,0.0,31.0,1.0,37.0,2.0,11.0,1.0,13.0,0.0,4.0,3.0,2.0,0.0,0.0
372,3.0,2.0,0.0,0.0,4.0,0.0,0.0,0.0,0.0,0.0,0.0,0.0,1.0,1.0,0.0,0.0,0.0
373,0.0,0.0,0.0,0.0,0.0,0.0,0.0,0.0,0.0,0.0,0.0,0.0,0.0,0.0,0.0,0.0,0.0
374,46.0,14.0,3.0,1.0,42.0,2.0,30.0,0.0,1.0,4.0,7.0,0.0,1.0,5.0,2.0,0.0,0.0
375,0.0,2.0,0.0,0.0,3.0,0.0,2.0,0.0,0.0,1.0,3.0,0.0,1.0,0.0,0.0,0.0,0.0
376,15.0,10.0,0.0,0.0,6.0,2.0,0.0,0.0,4.0,0.0,4.0,0.0,2.0,1.0,1.0,0.0,0.0
377,48.0,14.0,2.0,1.0,49.0,1.0,18.0,0.0,8.0,8.0,10.0,0.0,2.0,1.0,3.0,0.0,0.0
378,27.0,6.0,1.0,5.0,5.0,1.0,13.0,0.0,2.0,1.0,1.0,1.0,0.0,1.0,6.0,0.0,0.0
379,67.0,10.0,8.0,7.0,18.0,2.0,58.0,1.0,5.0,13.0,12.0,1.0,0.0,8.0,3.0,0.0,0.0
380,69.0,20.0,21.0,8.0,38.0,6.0,79.0,2.0,3.0,23.0,7.0,0.0,5.0,10.0,6.0,0.0,0.0
381,45.0,10.0,13.0,6.0,29.0,2.0,25.0,1.0,7.0,10.0,15.0,0.0,4.0,4.0,2.0,0.0,0.0
382,0.0,0.0,0.0,0.0,0.0,0.0,0.0,0.0,0.0,0.0,0.0,0.0,0.0,0.0,0.0,0.0,0.0
383,175.0,50.0,45.0,45.0,142.0,16.0,142.0,9.0,28.0,38.0,40.0,4.0,19.0,29.0,26.0,0.0,0.0
384,8.0,3.0,5.0,2.0,9.0,1.0,22.0,0.0,2.0,8.0,3.0,0.0,0.0,2.0,1.0,0.0,0.0
385,35.0,3.0,6.0,2.0,25.0,1.0,21.0,2.0,2.0,5.0,7.0,0.0,5.0,0.0,1.0,0.0,0.0
386,24.0,14.0,4.0,1.0,18.0,3.0,4.0,1.0,2.0,2.0,8.0,0.0,2.0,1.0,1.0,0.0,0.0
387,9.0,0.0,0.0,0.0,4.0,2.0,1.0,0.0,2.0,1.0,1.0,0.0,0.0,0.0,1.0,0.0,0.0
388,7.0,1.0,0.0,0.0,8.0,1.0,6.0,0.0,1.0,6.0,3.0,0.0,2.0,0.0,0.0,0.0,0.0
389,11.0,0.0,3.0,1.0,3.0,2.0,38.0,0.0,1.0,12.0,4.0,0.0,0.0,0.0,14.0,0.0,0.0
390,93.0,14.0,14.0,6.0,76.0,6.0,68.0,2.0,8.0,17.0,19.0,1.0,4.0,4.0,10.0,0.0,0.0
391,16.0,9.0,0.0,0.0,13.0,0.0,4.0,0.0,2.0,6.0,7.0,0.0,1.0,0.0,0.0,0.0,0.0
392,20.0,3.0,1.0,6.0,7.0,1.0,7.0,1.0,1.0,1.0,12.0,0.0,3.0,1.0,0.0,0.0,0.0
393,14.0,7.0,1.0,2.0,7.0,0.0,7.0,0.0,1.0,1.0,6.0,0.0,0.0,1.0,8.0,0.0,0.0
394,37.0,11.0,1.0,4.0,19.0,6.0,9.0,1.0,7.0,6.0,11.0,0.0,1.0,0.0,4.0,0.0,0.0
395,45.0,9.0,23.0,36.0,16.0,3.0,128.0,1.0,6.0,29.0,8.0,2.0,0.0,1.0,7.0,0.0,0.0
396,3.0,3.0,0.0,0.0,4.0,0.0,2.0,0.0,2.0,0.0,2.0,0.0,0.0,0.0,0.0,0.0,0.0
397,323.0,51.0,78.0,21.0,180.0,31.0,401.0,8.0,33.0,78.0,80.0,1.0,14.0,27.0,29.0,0.0,0.0
398,3.0,3.0,1.0,0.0,2.0,0.0,2.0,1.0,0.0,2.0,2.0,0.0,0.0,1.0,1.0,0.0,0.0
399,48.0,11.0,14.0,6.0,23.0,8.0,75.0,2.0,7.0,15.0,10.0,0.0,6.0,14.0,14.0,0.0,0.0
400,12.0,5.0,0.0,0.0,6.0,0.0,7.0,0.0,2.0,3.0,8.0,0.0,2.0,0.0,0.0,0.0,0.0
401,19.0,3.0,2.0,1.0,10.0,2.0,4.0,0.0,1.0,0.0,8.0,0.0,0.0,0.0,0.0,0.0,0.0
402,17.0,7.0,1.0,0.0,19.0,1.0,6.0,1.0,3.0,3.0,7.0,0.0,0.0,1.0,0.0,0.0,0.0
403,70.0,9.0,29.0,22.0,44.0,8.0,123.0,3.0,6.0,30.0,9.0,0.0,5.0,18.0,20.0,0.0,0.0
404,3.0,0.0,0.0,0.0,0.0,0.0,0.0,0.0,0.0,0.0,1.0,0.0,0.0,0.0,0.0,0.0,0.0
405,111.0,24.0,25.0,22.0,114.0,6.0,138.0,1.0,10.0,38.0,27.0,2.0,7.0,6.0,14.0,0.0,0.0
406,47.0,5.0,6.0,16.0,35.0,6.0,42.0,1.0,6.0,10.0,7.0,2.0,0.0,1.0,5.0,0.0,0.0
407,50.0,9.0,5.0,18.0,24.0,1.0,23.0,2.0,2.0,6.0,14.0,1.0,1.0,4.0,5.0,0.0,0.0
408,10.0,5.0,1.0,0.0,13.0,0.0,15.0,0.0,1.0,1.0,2.0,0.0,0.0,3.0,3.0,0.0,0.0
409,145.0,35.0,19.0,17.0,88.0,6.0,124.0,7.0,26.0,38.0,22.0,0.0,9.0,9.0,17.0,0.0,0.0
410,7.0,3.0,2.0,0.0,14.0,3.0,20.0,0.0,0.0,3.0,0.0,0.0,0.0,1.0,1.0,0.0,0.0
411,7.0,2.0,6.0,7.0,9.0,1.0,81.0,1.0,1.0,12.0,3.0,2.0,3.0,4.0,5.0,0.0,0.0
412,16.0,3.0,0.0,0.0,7.0,2.0,13.0,2.0,1.0,1.0,4.0,0.0,1.0,0.0,0.0,0.0,0.0
413,0.0,0.0,0.0,0.0,0.0,0.0,0.0,0.0,0.0,0.0,0.0,0.0,0.0,0.0,0.0,0.0,0.0
414,7.0,0.0,2.0,1.0,3.0,0.0,3.0,1.0,0.0,0.0,2.0,0.0,0.0,0.0,1.0,0.0,0.0
415,12.0,2.0,1.0,0.0,4.0,0.0,2.0,0.0,1.0,0.0,1.0,0.0,0.0,0.0,0.0,0.0,0.0
416,43.0,12.0,1.0,0.0,40.0,0.0,18.0,1.0,7.0,9.0,12.0,0.0,2.0,0.0,2.0,0.0,0.0
417,0.0,1.0,1.0,1.0,1.0,0.0,4.0,0.0,0.0,1.0,1.0,0.0,0.0,0.0,0.0,0.0,0.0
418,5.0,3.0,1.0,1.0,2.0,0.0,0.0,0.0,0.0,4.0,1.0,0.0,0.0,1.0,0.0,0.0,0.0
419,22.0,6.0,2.0,0.0,33.0,3.0,13.0,5.0,1.0,5.0,8.0,0.0,0.0,1.0,0.0,0.0,0.0
420,8.0,3.0,0.0,0.0,10.0,1.0,3.0,0.0,1.0,2.0,1.0,0.0,0.0,0.0,0.0,0.0,0.0
421,5.0,0.0,0.0,0.0,1.0,0.0,2.0,2.0,0.0,4.0,2.0,0.0,1.0,0.0,0.0,0.0,0.0
422,49.0,17.0,5.0,0.0,54.0,0.0,22.0,2.0,5.0,3.0,22.0,2.0,2.0,2.0,0.0,0.0,0.0
423,6.0,1.0,3.0,4.0,1.0,0.0,29.0,0.0,0.0,3.0,1.0,0.0,0.0,1.0,0.0,0.0,0.0
424,0.0,1.0,0.0,0.0,1.0,0.0,1.0,0.0,0.0,1.0,1.0,0.0,1.0,0.0,1.0,0.0,0.0
425,34.0,3.0,31.0,22.0,17.0,6.0,150.0,5.0,2.0,25.0,15.0,1.0,1.0,7.0,12.0,0.0,0.0
426,55.0,17.0,5.0,0.0,39.0,0.0,40.0,2.0,8.0,8.0,11.0,0.0,1.0,9.0,1.0,0.0,0.0
427,78.0,32.0,5.0,4.0,55.0,6.0,54.0,6.0,15.0,13.0,23.0,2.0,9.0,6.0,3.0,0.0,0.0
428,4.0,5.0,4.0,1.0,8.0,1.0,49.0,0.0,0.0,25.0,1.0,0.0,0.0,0.0,2.0,0.0,0.0
429,11.0,2.0,2.0,0.0,0.0,1.0,3.0,0.0,4.0,0.0,1.0,0.0,0.0,0.0,0.0,0.0,0.0
430,50.0,25.0,4.0,0.0,42.0,0.0,28.0,2.0,10.0,5.0,17.0,0.0,2.0,3.0,3.0,0.0,0.0
431,63.0,11.0,27.0,39.0,32.0,9.0,42.0,0.0,7.0,16.0,9.0,1.0,2.0,10.0,6.0,0.0,0.0
432,5.0,0.0,4.0,2.0,3.0,1.0,11.0,0.0,0.0,0.0,1.0,0.0,1.0,3.0,0.0,0.0,0.0
433,11.0,5.0,2.0,0.0,8.0,1.0,39.0,0.0,2.0,14.0,4.0,0.0,0.0,3.0,3.0,0.0,0.0
434,62.0,14.0,3.0,5.0,60.0,2.0,21.0,7.0,4.0,8.0,13.0,0.0,5.0,1.0,0.0,0.0,0.0
435,3.0,7.0,1.0,0.0,6.0,0.0,107.0,6.0,3.0,55.0,3.0,0.0,4.0,1.0,3.0,0.0,0.0
436,250.0,40.0,79.0,24.0,130.0,17.0,291.0,11.0,28.0,65.0,48.0,0.0,11.0,17.0,29.0,0.0,0.0
437,1.0,0.0,0.0,0.0,3.0,0.0,2.0,0.0,1.0,2.0,0.0,0.0,0.0,0.0,0.0,0.0,0.0
438,27.0,17.0,2.0,0.0,21.0,4.0,43.0,1.0,3.0,5.0,5.0,0.0,4.0,3.0,0.0,0.0,0.0
439,0.0,0.0,0.0,0.0,0.0,0.0,1.0,0.0,0.0,0.0,0.0,0.0,0.0,0.0,1.0,0.0,0.0
440,47.0,11.0,3.0,18.0,30.0,3.0,20.0,0.0,7.0,15.0,18.0,0.0,0.0,2.0,10.0,0.0,0.0
441,4.0,1.0,2.0,0.0,0.0,0.0,10.0,0.0,0.0,1.0,0.0,0.0,0.0,0.0,0.0,0.0,0.0
442,0.0,0.0,0.0,0.0,0.0,0.0,0.0,0.0,0.0,0.0,0.0,0.0,0.0,0.0,0.0,0.0,0.0
443,4.0,0.0,4.0,0.0,3.0,0.0,6.0,0.0,1.0,1.0,0.0,0.0,0.0,2.0,0.0,0.0,0.0
444,31.0,7.0,2.0,1.0,13.0,2.0,24.0,1.0,7.0,3.0,9.0,0.0,1.0,1.0,1.0,0.0,0.0
445,70.0,29.0,3.0,0.0,50.0,3.0,36.0,4.0,7.0,8.0,11.0,0.0,5.0,7.0,0.0,0.0,0.0
446,19.0,4.0,1.0,0.0,14.0,0.0,8.0,0.0,0.0,0.0,7.0,0.0,0.0,2.0,0.0,0.0,0.0
447,15.0,3.0,0.0,3.0,14.0,0.0,11.0,2.0,2.0,2.0,3.0,0.0,1.0,1.0,1.0,0.0,0.0
448,18.0,6.0,2.0,0.0,15.0,3.0,25.0,0.0,4.0,1.0,4.0,0.0,3.0,4.0,4.0,0.0,0.0
449,0.0,1.0,0.0,0.0,0.0,0.0,0.0,0.0,0.0,0.0,0.0,0.0,0.0,1.0,0.0,0.0,0.0
450,24.0,4.0,2.0,5.0,9.0,0.0,13.0,0.0,1.0,5.0,2.0,0.0,0.0,5.0,1.0,0.0,0.0
451,79.0,15.0,6.0,7.0,46.0,7.0,42.0,4.0,7.0,12.0,14.0,1.0,8.0,1.0,7.0,0.0,0.0
452,39.0,4.0,18.0,13.0,17.0,5.0,71.0,1.0,5.0,11.0,8.0,0.0,1.0,6.0,10.0,0.0,0.0
453,63.0,15.0,21.0,25.0,47.0,1.0,93.0,0.0,15.0,23.0,10.0,0.0,4.0,5.0,13.0,0.0,0.0
454,29.0,8.0,0.0,0.0,28.0,1.0,17.0,1.0,2.0,2.0,7.0,0.0,1.0,3.0,1.0,0.0,0.0
455,96.0,18.0,19.0,28.0,72.0,4.0,46.0,1.0,12.0,13.0,24.0,1.0,2.0,3.0,14.0,0.0,0.0
456,1.0,1.0,0.0,0.0,0.0,0.0,0.0,0.0,0.0,0.0,0.0,0.0,0.0,0.0,1.0,0.0,0.0
457,1.0,2.0,0.0,0.0,6.0,0.0,2.0,0.0,0.0,1.0,0.0,0.0,0.0,0.0,0.0,0.0,0.0
458,5.0,1.0,1.0,1.0,3.0,3.0,14.0,0.0,0.0,4.0,2.0,0.0,0.0,0.0,1.0,0.0,0.0
459,40.0,7.0,3.0,3.0,10.0,0.0,16.0,0.0,3.0,5.0,4.0,1.0,1.0,2.0,2.0,0.0,0.0
460,8.0,2.0,1.0,0.0,8.0,0.0,3.0,0.0,1.0,0.0,1.0,0.0,0.0,1.0,1.0,0.0,0.0
461,17.0,4.0,2.0,0.0,23.0,1.0,12.0,1.0,1.0,3.0,11.0,0.0,1.0,0.0,1.0,0.0,0.0
462,17.0,3.0,3.0,2.0,15.0,2.0,32.0,0.0,1.0,11.0,6.0,2.0,0.0,1.0,2.0,0.0,0.0
463,14.0,1.0,0.0,0.0,8.0,0.0,9.0,2.0,0.0,4.0,5.0,0.0,0.0,0.0,3.0,0.0,0.0
464,5.0,2.0,0.0,0.0,4.0,0.0,1.0,0.0,0.0,0.0,7.0,0.0,0.0,0.0,0.0,0.0,0.0
465,0.0,1.0,0.0,0.0,1.0,0.0,0.0,0.0,1.0,0.0,1.0,0.0,1.0,0.0,0.0,0.0,0.0
466,3.0,1.0,0.0,0.0,6.0,0.0,0.0,0.0,0.0,0.0,3.0,0.0,0.0,0.0,0.0,0.0,0.0
467,3.0,1.0,0.0,0.0,0.0,0.0,1.0,0.0,0.0,0.0,0.0,0.0,0.0,0.0,0.0,0.0,0.0
468,162.0,22.0,56.0,51.0,77.0,7.0,246.0,6.0,19.0,67.0,19.0,6.0,5.0,32.0,51.0,0.0,0.0
469,62.0,25.0,4.0,0.0,42.0,4.0,27.0,2.0,6.0,3.0,20.0,0.0,0.0,6.0,1.0,0.0,0.0
470,1.0,2.0,1.0,0.0,0.0,0.0,2.0,0.0,1.0,0.0,1.0,0.0,0.0,0.0,0.0,0.0,0.0
471,258.0,50.0,41.0,11.0,163.0,13.0,229.0,4.0,37.0,68.0,61.0,3.0,10.0,12.0,18.0,0.0,0.0
472,7.0,5.0,3.0,0.0,10.0,0.0,58.0,1.0,0.0,7.0,3.0,0.0,0.0,1.0,1.0,0.0,0.0
473,88.0,20.0,11.0,27.0,94.0,7.0,67.0,4.0,5.0,22.0,15.0,1.0,7.0,6.0,18.0,0.0,0.0
474,3.0,3.0,0.0,0.0,4.0,0.0,5.0,0.0,1.0,1.0,2.0,0.0,0.0,0.0,0.0,0.0,0.0
475,138.0,13.0,55.0,24.0,55.0,1.0,137.0,0.0,11.0,47.0,13.0,0.0,1.0,10.0,38.0,0.0,0.0
476,1.0,1.0,0.0,0.0,0.0,0.0,1.0,0.0,0.0,1.0,0.0,0.0,0.0,1.0,0.0,0.0,0.0
477,36.0,28.0,10.0,1.0,24.0,9.0,61.0,0.0,23.0,15.0,7.0,0.0,12.0,7.0,3.0,0.0,0.0
478,95.0,23.0,28.0,3.0,66.0,14.0,74.0,2.0,4.0,22.0,34.0,5.0,7.0,5.0,12.0,0.0,0.0
479,160.0,37.0,67.0,56.0,87.0,12.0,98.0,1.0,17.0,20.0,14.0,3.0,2.0,16.0,45.0,0.0,0.0
480,3.0,3.0,0.0,0.0,2.0,0.0,2.0,0.0,0.0,1.0,0.0,0.0,0.0,0.0,0.0,0.0,0.0
481,59.0,10.0,7.0,12.0,52.0,2.0,34.0,2.0,13.0,9.0,19.0,2.0,6.0,10.0,11.0,0.0,0.0
482,38.0,6.0,9.0,0.0,8.0,3.0,31.0,0.0,2.0,9.0,3.0,0.0,0.0,3.0,5.0,0.0,0.0
483,4.0,1.0,0.0,0.0,5.0,0.0,1.0,0.0,1.0,0.0,2.0,0.0,0.0,0.0,0.0,0.0,0.0
484,0.0,0.0,19.0,1.0,3.0,0.0,116.0,3.0,0.0,58.0,1.0,0.0,3.0,0.0,36.0,0.0,0.0
485,204.0,34.0,59.0,62.0,107.0,2.0,166.0,3.0,9.0,50.0,24.0,5.0,2.0,19.0,32.0,0.0,0.0
486,113.0,33.0,10.0,17.0,91.0,8.0,68.0,7.0,12.0,24.0,33.0,0.0,17.0,4.0,5.0,0.0,0.0
487,118.0,9.0,32.0,3.0,64.0,1.0,94.0,6.0,4.0,19.0,21.0,0.0,2.0,4.0,12.0,0.0,0.0
488,9.0,1.0,2.0,1.0,1.0,2.0,29.0,0.0,3.0,12.0,2.0,0.0,0.0,1.0,3.0,0.0,0.0
489,65.0,8.0,19.0,11.0,27.0,1.0,142.0,3.0,13.0,45.0,5.0,5.0,7.0,8.0,5.0,0.0,0.0
490,4.0,3.0,0.0,0.0,3.0,1.0,3.0,0.0,0.0,2.0,5.0,0.0,0.0,0.0,1.0,0.0,0.0
491,31.0,7.0,2.0,0.0,19.0,0.0,21.0,0.0,6.0,4.0,7.0,0.0,1.0,1.0,0.0,0.0,0.0
492,12.0,3.0,0.0,0.0,8.0,1.0,10.0,0.0,0.0,0.0,1.0,0.0,1.0,1.0,0.0,0.0,0.0
493,7.0,0.0,0.0,0.0,3.0,0.0,7.0,0.0,1.0,4.0,0.0,0.0,0.0,1.0,0.0,0.0,0.0
494,23.0,6.0,3.0,1.0,9.0,3.0,26.0,1.0,3.0,7.0,3.0,1.0,2.0,5.0,5.0,0.0,0.0
495,6.0,2.0,0.0,0.0,6.0,0.0,0.0,0.0,4.0,0.0,3.0,0.0,1.0,1.0,0.0,0.0,0.0
496,145.0,21.0,46.0,29.0,91.0,10.0,185.0,2.0,19.0,63.0,21.0,4.0,10.0,16.0,25.0,0.0,0.0
497,48.0,15.0,5.0,0.0,32.0,0.0,28.0,0.0,2.0,4.0,6.0,0.0,1.0,2.0,0.0,0.0,0.0
498,2.0,0.0,0.0,0.0,0.0,1.0,0.0,0.0,0.0,0.0,1.0,0.0,2.0,1.0,0.0,0.0,0.0
499,0.0,0.0,0.0,0.0,0.0,0.0,0.0,0.0,0.0,0.0,0.0,0.0,0.0,0.0,0.0,0.0,0.0
500,3.0,0.0,1.0,0.0,0.0,0.0,3.0,0.0,0.0,0.0,0.0,0.0,0.0,0.0,1.0,0.0,0.0
501,1.0,5.0,0.0,0.0,10.0,1.0,1.0,1.0,2.0,1.0,2.0,0.0,0.0,0.0,0.0,0.0,0.0
502,90.0,19.0,30.0,11.0,44.0,8.0,79.0,7.0,6.0,18.0,13.0,1.0,4.0,3.0,7.0,0.0,0.0
503,13.0,1.0,0.0,0.0,5.0,0.0,2.0,1.0,0.0,4.0,4.0,0.0,2.0,0.0,0.0,0.0,0.0
504,67.0,12.0,7.0,2.0,26.0,1.0,28.0,1.0,7.0,9.0,10.0,0.0,0.0,1.0,2.0,0.0,0.0
505,210.0,38.0,22.0,34.0,157.0,29.0,120.0,9.0,23.0,42.0,50.0,2.0,19.0,21.0,13.0,0.0,0.0
506,0.0,0.0,0.0,0.0,3.0,0.0,0.0,0.0,0.0,0.0,0.0,0.0,0.0,0.0,0.0,0.0,0.0
507,6.0,0.0,0.0,0.0,6.0,0.0,4.0,1.0,0.0,1.0,2.0,0.0,1.0,1.0,0.0,0.0,0.0
508,2.0,2.0,0.0,0.0,0.0,0.0,7.0,1.0,0.0,3.0,1.0,0.0,0.0,0.0,0.0,0.0,0.0
509,6.0,4.0,0.0,0.0,3.0,0.0,0.0,0.0,0.0,0.0,0.0,0.0,0.0,1.0,0.0,0.0,0.0
510,1.0,1.0,0.0,0.0,1.0,0.0,1.0,0.0,0.0,4.0,1.0,0.0,0.0,0.0,0.0,0.0,0.0
511,16.0,3.0,0.0,0.0,10.0,1.0,9.0,1.0,1.0,1.0,3.0,0.0,0.0,0.0,0.0,0.0,0.0
512,17.0,4.0,7.0,0.0,9.0,0.0,26.0,0.0,2.0,5.0,5.0,0.0,1.0,1.0,1.0,0.0,0.0
513,0.0,0.0,0.0,0.0,0.0,0.0,0.0,0.0,0.0,0.0,0.0,0.0,0.0,0.0,0.0,0.0,0.0
514,117.0,32.0,12.0,10.0,77.0,2.0,83.0,3.0,14.0,25.0,23.0,0.0,4.0,7.0,8.0,0.0,0.0
515,18.0,8.0,0.0,0.0,11.0,0.0,2.0,1.0,0.0,4.0,7.0,0.0,1.0,0.0,0.0,0.0,0.0
516,40.0,13.0,18.0,36.0,49.0,2.0,57.0,0.0,5.0,16.0,8.0,1.0,1.0,4.0,13.0,0.0,0.0
517,9.0,1.0,0.0,0.0,4.0,1.0,6.0,0.0,2.0,1.0,2.0,0.0,2.0,0.0,0.0,0.0,0.0
518,93.0,25.0,15.0,12.0,69.0,10.0,62.0,5.0,20.0,15.0,27.0,0.0,7.0,9.0,4.0,0.0,0.0
519,2.0,1.0,5.0,3.0,3.0,1.0,112.0,1.0,0.0,11.0,0.0,0.0,2.0,0.0,5.0,0.0,0.0
520,10.0,6.0,2.0,0.0,5.0,0.0,1.0,0.0,3.0,0.0,3.0,0.0,0.0,0.0,1.0,0.0,0.0
521,60.0,8.0,3.0,5.0,41.0,4.0,38.0,0.0,5.0,8.0,14.0,0.0,4.0,4.0,6.0,0.0,0.0
522,8.0,5.0,0.0,0.0,4.0,0.0,4.0,0.0,1.0,1.0,4.0,0.0,0.0,0.0,0.0,0.0,0.0
523,6.0,0.0,7.0,2.0,4.0,1.0,87.0,1.0,1.0,35.0,2.0,0.0,0.0,1.0,17.0,0.0,0.0
524,49.0,17.0,3.0,4.0,29.0,1.0,39.0,3.0,3.0,11.0,15.0,0.0,2.0,2.0,5.0,0.0,0.0
525,3.0,0.0,1.0,0.0,0.0,1.0,4.0,0.0,0.0,1.0,0.0,0.0,0.0,0.0,0.0,0.0,0.0
526,30.0,11.0,3.0,1.0,26.0,1.0,44.0,2.0,0.0,8.0,13.0,0.0,1.0,2.0,1.0,0.0,0.0
527,0.0,1.0,0.0,0.0,0.0,0.0,1.0,0.0,0.0,0.0,0.0,0.0,0.0,0.0,0.0,0.0,0.0
528,27.0,6.0,2.0,0.0,22.0,2.0,9.0,3.0,6.0,4.0,7.0,0.0,2.0,5.0,0.0,0.0,0.0
529,138.0,42.0,6.0,2.0,79.0,7.0,82.0,2.0,15.0,21.0,32.0,1.0,7.0,3.0,4.0,0.0,0.0
530,9.0,0.0,1.0,0.0,5.0,0.0,4.0,0.0,0.0,2.0,3.0,0.0,0.0,0.0,0.0,0.0,0.0
531,13.0,5.0,0.0,1.0,8.0,1.0,4.0,0.0,5.0,2.0,3.0,0.0,1.0,3.0,1.0,0.0,0.0
532,24.0,3.0,2.0,2.0,7.0,0.0,18.0,0.0,1.0,2.0,5.0,0.0,0.0,0.0,1.0,0.0,0.0
533,1.0,0.0,0.0,0.0,0.0,0.0,0.0,0.0,2.0,0.0,0.0,0.0,0.0,0.0,0.0,0.0,0.0
534,61.0,11.0,26.0,28.0,48.0,2.0,49.0,0.0,9.0,15.0,11.0,2.0,1.0,11.0,15.0,0.0,0.0
535,33.0,15.0,2.0,0.0,32.0,0.0,22.0,2.0,2.0,8.0,10.0,0.0,1.0,2.0,2.0,0.0,0.0
536,172.0,29.0,35.0,64.0,113.0,16.0,135.0,4.0,15.0,39.0,10.0,1.0,10.0,11.0,38.0,0.0,0.0
537,22.0,13.0,0.0,1.0,14.0,0.0,8.0,1.0,5.0,4.0,9.0,0.0,0.0,1.0,1.0,0.0,0.0
538,19.0,14.0,0.0,0.0,20.0,0.0,11.0,0.0,2.0,0.0,8.0,0.0,1.0,4.0,0.0,0.0,0.0
539,57.0,5.0,6.0,16.0,45.0,7.0,42.0,2.0,2.0,8.0,12.0,0.0,4.0,3.0,7.0,0.0,0.0
540,2.0,0.0,1.0,0.0,0.0,0.0,4.0,0.0,0.0,0.0,0.0,0.0,0.0,0.0,0.0,0.0,0.0
541,2.0,0.0,0.0,0.0,0.0,0.0,0.0,0.0,0.0,0.0,0.0,0.0,0.0,0.0,0.0,0.0,0.0
542,74.0,30.0,14.0,12.0,38.0,2.0,139.0,18.0,19.0,26.0,23.0,0.0,11.0,6.0,7.0,0.0,0.0
543,33.0,9.0,1.0,1.0,22.0,0.0,10.0,0.0,4.0,2.0,12.0,0.0,0.0,0.0,0.0,0.0,0.0
544,36.0,4.0,12.0,15.0,22.0,0.0,21.0,2.0,6.0,6.0,6.0,0.0,0.0,5.0,1.0,0.0,0.0
545,59.0,12.0,10.0,6.0,43.0,1.0,63.0,1.0,4.0,10.0,6.0,0.0,3.0,9.0,7.0,0.0,0.0
546,29.0,1.0,1.0,0.0,14.0,2.0,14.0,0.0,2.0,4.0,11.0,1.0,3.0,2.0,3.0,0.0,0.0
547,59.0,9.0,16.0,5.0,42.0,5.0,41.0,4.0,6.0,12.0,9.0,0.0,1.0,4.0,4.0,0.0,0.0
548,54.0,16.0,4.0,0.0,40.0,3.0,29.0,5.0,7.0,9.0,17.0,3.0,6.0,3.0,2.0,0.0,0.0
549,2.0,1.0,0.0,1.0,2.0,0.0,9.0,0.0,1.0,1.0,1.0,0.0,0.0,1.0,0.0,0.0,0.0
550,168.0,19.0,49.0,13.0,89.0,3.0,187.0,2.0,8.0,42.0,15.0,2.0,4.0,14.0,12.0,0.0,0.0
551,287.0,46.0,57.0,2.0,168.0,6.0,183.0,6.0,37.0,35.0,58.0,0.0,8.0,7.0,19.0,0.0,0.0
552,5.0,1.0,2.0,1.0,5.0,0.0,11.0,1.0,1.0,3.0,2.0,0.0,0.0,1.0,0.0,0.0,0.0
553,23.0,9.0,3.0,0.0,22.0,0.0,22.0,1.0,2.0,6.0,10.0,2.0,1.0,0.0,5.0,0.0,0.0
554,82.0,10.0,30.0,12.0,66.0,4.0,117.0,3.0,10.0,30.0,12.0,1.0,2.0,14.0,14.0,0.0,0.0
555,12.0,3.0,5.0,0.0,4.0,0.0,58.0,0.0,2.0,24.0,1.0,0.0,0.0,0.0,8.0,0.0,0.0
556,12.0,3.0,9.0,19.0,11.0,4.0,38.0,2.0,0.0,2.0,2.0,3.0,0.0,2.0,2.0,0.0,0.0
557,2.0,2.0,0.0,0.0,3.0,1.0,2.0,0.0,0.0,1.0,1.0,0.0,0.0,0.0,0.0,0.0,0.0
558,6.0,4.0,1.0,2.0,3.0,0.0,33.0,1.0,1.0,12.0,2.0,0.0,0.0,1.0,1.0,0.0,0.0
559,0.0,0.0,1.0,0.0,0.0,0.0,0.0,0.0,0.0,0.0,0.0,0.0,0.0,0.0,0.0,0.0,0.0
560,54.0,23.0,15.0,17.0,40.0,2.0,44.0,2.0,16.0,15.0,3.0,0.0,1.0,7.0,5.0,0.0,0.0
561,4.0,0.0,0.0,0.0,3.0,0.0,0.0,0.0,0.0,1.0,2.0,0.0,0.0,0.0,0.0,0.0,0.0
562,4.0,3.0,0.0,1.0,4.0,0.0,2.0,1.0,2.0,1.0,2.0,0.0,1.0,2.0,0.0,0.0,0.0
563,12.0,17.0,4.0,0.0,6.0,1.0,3.0,0.0,2.0,1.0,5.0,0.0,1.0,2.0,0.0,0.0,0.0
564,0.0,0.0,0.0,0.0,0.0,0.0,0.0,0.0,0.0,0.0,0.0,0.0,0.0,0.0,0.0,0.0,0.0
565,278.0,55.0,56.0,82.0,212.0,35.0,176.0,10.0,47.0,61.0,74.0,2.0,24.0,30.0,39.0,0.0,0.0
566,30.0,11.0,2.0,0.0,17.0,1.0,11.0,0.0,1.0,4.0,3.0,0.0,0.0,2.0,2.0,0.0,0.0
567,39.0,4.0,10.0,7.0,10.0,3.0,96.0,1.0,3.0,17.0,7.0,0.0,0.0,0.0,10.0,0.0,0.0
568,1.0,0.0,0.0,0.0,1.0,0.0,0.0,0.0,0.0,0.0,0.0,0.0,0.0,1.0,0.0,0.0,0.0
569,55.0,18.0,4.0,3.0,31.0,4.0,42.0,0.0,4.0,13.0,14.0,0.0,2.0,5.0,8.0,0.0,0.0
570,82.0,28.0,8.0,3.0,64.0,2.0,47.0,1.0,8.0,10.0,18.0,0.0,2.0,6.0,1.0,0.0,0.0
571,0.0,0.0,0.0,0.0,0.0,0.0,0.0,0.0,0.0,0.0,0.0,0.0,0.0,0.0,0.0,0.0,0.0
572,0.0,0.0,0.0,0.0,0.0,0.0,0.0,0.0,0.0,0.0,0.0,0.0,0.0,0.0,0.0,0.0,0.0
573,2.0,1.0,0.0,0.0,1.0,0.0,2.0,0.0,0.0,0.0,1.0,0.0,0.0,0.0,1.0,0.0,0.0
574,0.0,0.0,0.0,0.0,0.0,0.0,3.0,0.0,0.0,1.0,0.0,0.0,0.0,0.0,0.0,0.0,0.0
575,1.0,0.0,0.0,0.0,1.0,0.0,2.0,0.0,0.0,0.0,1.0,0.0,0.0,0.0,0.0,0.0,0.0
576,24.0,5.0,0.0,1.0,15.0,0.0,17.0,1.0,5.0,1.0,1.0,0.0,0.0,0.0,0.0,0.0,0.0
577,90.0,5.0,57.0,30.0,50.0,4.0,262.0,5.0,11.0,44.0,7.0,3.0,1.0,12.0,34.0,0.0,0.0
578,0.0,0.0,0.0,0.0,0.0,0.0,0.0,0.0,0.0,1.0,0.0,0.0,0.0,0.0,0.0,0.0,0.0
579,156.0,12.0,31.0,25.0,118.0,7.0,173.0,1.0,11.0,45.0,25.0,5.0,5.0,21.0,31.0,0.0,0.0
580,15.0,4.0,2.0,1.0,5.0,2.0,2.0,0.0,1.0,0.0,3.0,1.0,3.0,0.0,1.0,0.0,0.0
581,6.0,6.0,1.0,0.0,6.0,0.0,9.0,0.0,0.0,0.0,1.0,0.0,0.0,0.0,2.0,0.0,0.0
582,0.0,1.0,0.0,0.0,1.0,0.0,2.0,0.0,0.0,1.0,0.0,0.0,0.0,1.0,0.0,0.0,0.0
583,2.0,2.0,0.0,0.0,2.0,0.0,10.0,1.0,0.0,0.0,1.0,0.0,0.0,0.0,0.0,0.0,0.0
584,0.0,0.0,0.0,0.0,0.0,0.0,0.0,0.0,0.0,0.0,0.0,1.0,0.0,0.0,0.0,0.0,0.0
585,3.0,1.0,0.0,0.0,4.0,0.0,3.0,0.0,1.0,0.0,2.0,0.0,0.0,0.0,0.0,0.0,0.0
586,2.0,0.0,4.0,6.0,6.0,1.0,50.0,0.0,1.0,32.0,0.0,0.0,1.0,3.0,5.0,0.0,0.0
587,25.0,19.0,1.0,0.0,17.0,3.0,9.0,1.0,6.0,4.0,7.0,0.0,6.0,13.0,0.0,0.0,0.0
588,45.0,11.0,8.0,4.0,29.0,0.0,45.0,4.0,8.0,7.0,8.0,1.0,1.0,0.0,2.0,0.0,0.0
589,30.0,11.0,4.0,1.0,29.0,3.0,11.0,1.0,1.0,6.0,4.0,0.0,4.0,1.0,1.0,0.0,0.0
590,2.0,0.0,2.0,0.0,4.0,1.0,2.0,0.0,0.0,0.0,0.0,0.0,0.0,1.0,0.0,0.0,0.0
591,1.0,1.0,0.0,0.0,1.0,0.0,0.0,0.0,0.0,2.0,0.0,0.0,0.0,0.0,0.0,0.0,0.0
592,4.0,1.0,0.0,0.0,1.0,1.0,0.0,1.0,0.0,0.0,0.0,0.0,0.0,0.0,1.0,0.0,0.0
593,23.0,5.0,6.0,6.0,4.0,2.0,38.0,0.0,1.0,18.0,1.0,0.0,0.0,0.0,8.0,0.0,0.0
594,6.0,6.0,1.0,1.0,5.0,0.0,2.0,0.0,0.0,2.0,0.0,0.0,2.0,3.0,1.0,0.0,0.0
595,39.0,5.0,4.0,0.0,28.0,3.0,13.0,2.0,4.0,5.0,5.0,2.0,3.0,3.0,1.0,0.0,0.0
596,135.0,38.0,25.0,27.0,92.0,11.0,81.0,6.0,27.0,24.0,46.0,0.0,8.0,14.0,7.0,0.0,0.0
597,39.0,6.0,32.0,41.0,28.0,3.0,133.0,4.0,7.0,53.0,16.0,4.0,1.0,7.0,11.0,0.0,0.0
598,12.0,0.0,3.0,2.0,2.0,2.0,29.0,0.0,1.0,3.0,5.0,0.0,1.0,0.0,2.0,0.0,0.0
599,3.0,2.0,1.0,0.0,1.0,1.0,13.0,0.0,1.0,5.0,1.0,0.0,0.0,2.0,0.0,0.0,0.0
600,76.0,12.0,35.0,32.0,99.0,4.0,75.0,8.0,12.0,28.0,12.0,1.0,4.0,11.0,18.0,0.0,0.0
601,42.0,2.0,2.0,2.0,9.0,3.0,18.0,0.0,2.0,7.0,6.0,0.0,0.0,0.0,1.0,0.0,0.0
602,77.0,14.0,49.0,45.0,58.0,5.0,195.0,16.0,8.0,46.0,12.0,1.0,3.0,11.0,21.0,0.0,0.0
603,6.0,1.0,0.0,3.0,1.0,0.0,4.0,0.0,0.0,0.0,0.0,0.0,1.0,0.0,0.0,0.0,0.0
604,26.0,7.0,3.0,1.0,16.0,2.0,23.0,2.0,2.0,8.0,7.0,0.0,1.0,0.0,6.0,0.0,0.0
605,83.0,24.0,17.0,24.0,45.0,4.0,47.0,3.0,12.0,19.0,21.0,0.0,1.0,2.0,13.0,0.0,0.0
606,2.0,2.0,0.0,2.0,9.0,0.0,5.0,0.0,0.0,0.0,1.0,0.0,0.0,0.0,3.0,0.0,0.0
607,2.0,0.0,0.0,0.0,0.0,0.0,1.0,0.0,0.0,0.0,0.0,0.0,0.0,0.0,0.0,0.0,0.0
608,37.0,26.0,2.0,1.0,31.0,0.0,27.0,2.0,6.0,9.0,11.0,0.0,6.0,5.0,1.0,0.0,0.0
609,440.0,102.0,93.0,25.0,238.0,50.0,652.0,38.0,60.0,119.0,92.0,3.0,56.0,57.0,59.0,0.0,0.0
610,162.0,28.0,66.0,29.0,81.0,17.0,314.0,4.0,43.0,63.0,16.0,3.0,17.0,28.0,36.0,0.0,0.0
611,42.0,6.0,14.0,11.0,25.0,1.0,106.0,5.0,5.0,14.0,6.0,1.0,3.0,8.0,7.0,0.0,0.0
612,13.0,5.0,0.0,0.0,9.0,0.0,4.0,0.0,0.0,0.0,1.0,0.0,0.0,0.0,1.0,0.0,0.0
613,1.0,1.0,0.0,0.0,1.0,0.0,1.0,0.0,0.0,1.0,0.0,0.0,0.0,1.0,0.0,0.0,0.0
614,8.0,3.0,2.0,2.0,5.0,1.0,15.0,1.0,2.0,3.0,3.0,0.0,1.0,0.0,3.0,0.0,0.0
615,5.0,3.0,0.0,0.0,2.0,0.0,3.0,0.0,0.0,0.0,0.0,0.0,0.0,0.0,0.0,0.0,0.0
616,0.0,0.0,1.0,0.0,0.0,0.0,0.0,0.0,0.0,2.0,0.0,0.0,0.0,0.0,0.0,0.0,0.0
617,19.0,3.0,0.0,0.0,5.0,0.0,2.0,0.0,1.0,4.0,1.0,0.0,2.0,1.0,0.0,0.0,0.0
618,166.0,27.0,46.0,19.0,75.0,7.0,233.0,11.0,19.0,33.0,25.0,8.0,9.0,11.0,20.0,0.0,0.0
619,2.0,0.0,0.0,0.0,4.0,0.0,2.0,0.0,0.0,1.0,1.0,0.0,0.0,0.0,0.0,0.0,0.0
620,18.0,14.0,4.0,1.0,17.0,2.0,19.0,1.0,3.0,5.0,10.0,0.0,4.0,0.0,1.0,0.0,0.0
621,62.0,13.0,3.0,4.0,49.0,3.0,19.0,1.0,8.0,3.0,13.0,0.0,4.0,2.0,3.0,0.0,0.0
622,8.0,2.0,2.0,0.0,10.0,1.0,49.0,0.0,0.0,36.0,3.0,0.0,1.0,0.0,4.0,0.0,0.0
623,30.0,4.0,5.0,2.0,25.0,0.0,18.0,1.0,4.0,4.0,7.0,0.0,7.0,1.0,0.0,0.0,0.0
624,12.0,6.0,5.0,0.0,11.0,0.0,6.0,0.0,4.0,3.0,7.0,0.0,0.0,1.0,0.0,0.0,0.0
625,25.0,4.0,1.0,1.0,13.0,2.0,6.0,1.0,1.0,8.0,7.0,0.0,3.0,0.0,4.0,0.0,0.0
626,23.0,10.0,3.0,1.0,14.0,3.0,6.0,1.0,6.0,4.0,8.0,0.0,0.0,2.0,4.0,0.0,0.0
627,101.0,22.0,14.0,2.0,54.0,3.0,111.0,5.0,24.0,23.0,26.0,1.0,5.0,1.0,12.0,0.0,0.0
628,12.0,4.0,2.0,3.0,4.0,6.0,80.0,5.0,5.0,19.0,2.0,0.0,8.0,1.0,5.0,0.0,0.0
629,9.0,1.0,2.0,2.0,5.0,1.0,31.0,0.0,3.0,26.0,2.0,0.0,0.0,3.0,1.0,0.0,0.0
630,23.0,17.0,3.0,0.0,41.0,1.0,26.0,1.0,7.0,7.0,7.0,0.0,7.0,2.0,0.0,0.0,0.0
631,24.0,5.0,6.0,4.0,25.0,1.0,41.0,6.0,4.0,10.0,7.0,1.0,6.0,2.0,1.0,0.0,0.0
632,180.0,48.0,31.0,4.0,138.0,6.0,120.0,4.0,27.0,22.0,47.0,0.0,2.0,10.0,5.0,0.0,0.0
633,22.0,2.0,1.0,0.0,6.0,0.0,5.0,0.0,3.0,2.0,0.0,0.0,3.0,3.0,2.0,0.0,0.0
634,0.0,2.0,0.0,0.0,0.0,1.0,2.0,0.0,0.0,0.0,3.0,0.0,0.0,0.0,0.0,0.0,0.0
635,2.0,5.0,0.0,0.0,8.0,0.0,1.0,0.0,0.0,0.0,2.0,0.0,0.0,1.0,1.0,0.0,0.0
636,22.0,2.0,1.0,0.0,24.0,0.0,5.0,0.0,8.0,6.0,8.0,0.0,0.0,0.0,0.0,0.0,0.0
637,0.0,0.0,1.0,0.0,0.0,0.0,0.0,0.0,0.0,0.0,0.0,0.0,0.0,0.0,0.0,0.0,0.0
638,32.0,4.0,4.0,1.0,18.0,0.0,15.0,0.0,2.0,2.0,3.0,0.0,1.0,2.0,1.0,0.0,0.0
639,3.0,1.0,2.0,1.0,3.0,0.0,38.0,0.0,0.0,6.0,1.0,0.0,0.0,0.0,10.0,0.0,0.0
640,15.0,4.0,8.0,6.0,15.0,0.0,18.0,0.0,3.0,4.0,3.0,0.0,1.0,3.0,4.0,0.0,0.0
641,32.0,9.0,7.0,12.0,30.0,4.0,17.0,0.0,2.0,8.0,12.0,1.0,0.0,3.0,12.0,0.0,0.0
642,37.0,8.0,11.0,29.0,24.0,3.0,89.0,2.0,7.0,23.0,15.0,3.0,4.0,4.0,17.0,0.0,0.0
643,115.0,23.0,28.0,14.0,62.0,12.0,111.0,2.0,9.0,43.0,19.0,2.0,3.0,6.0,6.0,0.0,0.0
644,252.0,55.0,41.0,9.0,149.0,23.0,258.0,20.0,29.0,59.0,61.0,5.0,8.0,18.0,27.0,0.0,0.0
645,0.0,0.0,2.0,0.0,2.0,0.0,12.0,0.0,0.0,30.0,0.0,0.0,1.0,0.0,1.0,0.0,0.0
646,1.0,0.0,1.0,0.0,3.0,0.0,0.0,0.0,1.0,0.0,0.0,0.0,0.0,0.0,0.0,0.0,0.0
647,104.0,30.0,13.0,3.0,73.0,6.0,62.0,1.0,11.0,22.0,26.0,0.0,2.0,18.0,3.0,0.0,0.0
648,4.0,0.0,0.0,0.0,0.0,0.0,1.0,0.0,1.0,2.0,1.0,0.0,0.0,1.0,1.0,0.0,0.0
649,0.0,0.0,0.0,0.0,0.0,0.0,0.0,0.0,0.0,0.0,0.0,0.0,0.0,0.0,0.0,0.0,0.0
650,66.0,8.0,3.0,7.0,36.0,8.0,33.0,2.0,6.0,9.0,7.0,2.0,2.0,4.0,5.0,0.0,0.0
651,348.0,78.0,45.0,11.0,198.0,15.0,270.0,5.0,42.0,66.0,55.0,2.0,12.0,19.0,19.0,0.0,0.0
652,12.0,2.0,0.0,1.0,2.0,1.0,3.0,0.0,0.0,1.0,1.0,1.0,1.0,3.0,2.0,0.0,0.0
653,2.0,0.0,1.0,1.0,5.0,0.0,5.0,0.0,0.0,0.0,1.0,0.0,0.0,0.0,0.0,0.0,0.0
654,12.0,10.0,2.0,1.0,22.0,0.0,7.0,1.0,0.0,0.0,3.0,0.0,1.0,1.0,0.0,0.0,0.0
655,0.0,1.0,0.0,0.0,3.0,0.0,0.0,0.0,0.0,2.0,1.0,0.0,0.0,1.0,0.0,0.0,0.0
656,1.0,2.0,0.0,0.0,2.0,0.0,0.0,1.0,0.0,0.0,1.0,0.0,0.0,0.0,0.0,0.0,0.0
657,0.0,0.0,0.0,0.0,0.0,0.0,2.0,0.0,0.0,1.0,0.0,0.0,0.0,0.0,0.0,0.0,0.0
658,19.0,3.0,2.0,0.0,19.0,1.0,8.0,0.0,3.0,2.0,3.0,2.0,0.0,0.0,0.0,0.0,0.0
659,0.0,0.0,0.0,0.0,0.0,1.0,1.0,0.0,0.0,0.0,0.0,0.0,0.0,0.0,0.0,0.0,0.0
660,4.0,6.0,0.0,0.0,11.0,0.0,2.0,0.0,3.0,3.0,0.0,0.0,1.0,0.0,0.0,0.0,0.0
661,1.0,0.0,0.0,0.0,0.0,0.0,0.0,0.0,0.0,0.0,0.0,0.0,0.0,0.0,0.0,0.0,0.0
662,46.0,6.0,2.0,3.0,19.0,1.0,11.0,1.0,3.0,7.0,4.0,0.0,1.0,3.0,2.0,0.0,0.0
663,232.0,66.0,28.0,1.0,140.0,17.0,192.0,5.0,29.0,47.0,39.0,0.0,17.0,19.0,13.0,0.0,0.0
664,60.0,28.0,1.0,0.0,29.0,2.0,11.0,1.0,2.0,7.0,10.0,0.0,0.0,2.0,21.0,0.0,0.0
665,81.0,44.0,1.0,1.0,79.0,6.0,37.0,4.0,10.0,13.0,26.0,0.0,1.0,7.0,0.0,0.0,0.0
666,5.0,2.0,0.0,9.0,12.0,1.0,21.0,0.0,1.0,4.0,2.0,1.0,0.0,4.0,4.0,0.0,0.0
667,53.0,23.0,8.0,4.0,47.0,15.0,70.0,2.0,17.0,25.0,11.0,0.0,9.0,7.0,14.0,0.0,0.0
668,28.0,3.0,4.0,2.0,10.0,0.0,28.0,0.0,0.0,6.0,7.0,0.0,0.0,1.0,6.0,0.0,0.0
669,14.0,9.0,1.0,3.0,4.0,1.0,9.0,0.0,0.0,1.0,2.0,0.0,0.0,0.0,1.0,0.0,0.0
670,2.0,2.0,1.0,0.0,5.0,0.0,2.0,0.0,0.0,2.0,0.0,0.0,0.0,0.0,0.0,0.0,0.0
671,0.0,0.0,0.0,0.0,0.0,0.0,1.0,0.0,0.0,0.0,0.0,0.0,0.0,0.0,0.0,0.0,0.0
672,41.0,13.0,5.0,0.0,25.0,1.0,9.0,1.0,4.0,4.0,5.0,0.0,1.0,5.0,0.0,0.0,0.0
673,0.0,0.0,0.0,0.0,1.0,0.0,0.0,0.0,0.0,0.0,0.0,0.0,0.0,0.0,0.0,0.0,0.0
674,0.0,0.0,0.0,0.0,0.0,0.0,2.0,0.0,0.0,0.0,0.0,0.0,0.0,0.0,1.0,0.0,0.0
675,43.0,7.0,12.0,5.0,10.0,3.0,25.0,0.0,6.0,18.0,6.0,0.0,1.0,0.0,7.0,0.0,0.0
676,0.0,0.0,0.0,0.0,0.0,0.0,0.0,0.0,0.0,1.0,0.0,0.0,0.0,0.0,0.0,0.0,0.0
677,13.0,4.0,12.0,5.0,13.0,0.0,93.0,5.0,3.0,23.0,2.0,0.0,1.0,0.0,8.0,0.0,0.0
678,9.0,1.0,0.0,0.0,6.0,0.0,5.0,0.0,1.0,2.0,1.0,0.0,1.0,0.0,0.0,0.0,0.0
679,37.0,10.0,3.0,1.0,26.0,5.0,16.0,2.0,10.0,3.0,21.0,0.0,4.0,2.0,1.0,0.0,0.0
680,32.0,8.0,1.0,2.0,14.0,2.0,136.0,2.0,1.0,32.0,8.0,0.0,2.0,8.0,2.0,0.0,0.0
681,1.0,0.0,0.0,0.0,1.0,0.0,1.0,0.0,1.0,0.0,1.0,0.0,0.0,0.0,0.0,0.0,0.0
682,1.0,0.0,0.0,0.0,0.0,0.0,0.0,0.0,0.0,0.0,0.0,0.0,0.0,0.0,0.0,0.0,0.0
683,14.0,0.0,1.0,1.0,6.0,0.0,12.0,0.0,0.0,8.0,2.0,0.0,0.0,0.0,3.0,0.0,0.0
684,100.0,14.0,50.0,64.0,54.0,7.0,70.0,4.0,10.0,28.0,5.0,5.0,1.0,15.0,22.0,0.0,0.0
685,7.0,2.0,3.0,1.0,5.0,0.0,39.0,1.0,4.0,21.0,1.0,0.0,0.0,1.0,8.0,0.0,0.0
686,4.0,0.0,0.0,1.0,0.0,0.0,8.0,0.0,0.0,1.0,2.0,0.0,0.0,0.0,0.0,0.0,0.0
687,84.0,11.0,19.0,10.0,67.0,11.0,88.0,0.0,6.0,31.0,21.0,0.0,8.0,5.0,10.0,0.0,0.0
688,0.0,3.0,0.0,0.0,5.0,0.0,4.0,0.0,0.0,0.0,2.0,0.0,0.0,0.0,0.0,0.0,0.0
689,41.0,8.0,10.0,5.0,28.0,0.0,60.0,2.0,3.0,16.0,5.0,2.0,2.0,5.0,5.0,0.0,0.0
690,44.0,15.0,14.0,11.0,25.0,0.0,86.0,1.0,4.0,14.0,10.0,1.0,6.0,7.0,7.0,0.0,0.0
691,73.0,15.0,20.0,17.0,43.0,4.0,69.0,2.0,5.0,24.0,13.0,2.0,3.0,10.0,15.0,0.0,0.0
692,89.0,13.0,41.0,24.0,31.0,3.0,114.0,1.0,5.0,16.0,5.0,4.0,0.0,15.0,16.0,0.0,0.0
693,17.0,5.0,2.0,0.0,5.0,1.0,3.0,1.0,2.0,1.0,9.0,0.0,0.0,1.0,0.0,0.0,0.0
694,60.0,11.0,8.0,2.0,50.0,3.0,42.0,3.0,6.0,3.0,12.0,0.0,1.0,2.0,1.0,0.0,0.0
695,16.0,5.0,0.0,0.0,10.0,0.0,3.0,0.0,3.0,4.0,3.0,0.0,0.0,2.0,0.0,0.0,0.0
696,0.0,0.0,0.0,0.0,0.0,0.0,0.0,0.0,0.0,0.0,0.0,0.0,0.0,0.0,0.0,0.0,0.0
697,2.0,4.0,0.0,0.0,11.0,0.0,4.0,0.0,1.0,1.0,0.0,0.0,0.0,0.0,0.0,0.0,0.0
698,35.0,6.0,9.0,2.0,11.0,1.0,56.0,0.0,1.0,33.0,3.0,0.0,2.0,1.0,1.0,0.0,0.0
699,4.0,2.0,1.0,0.0,4.0,0.0,2.0,0.0,0.0,0.0,4.0,0.0,0.0,0.0,0.0,0.0,0.0
700,10.0,10.0,3.0,0.0,11.0,1.0,13.0,1.0,0.0,1.0,1.0,0.0,1.0,3.0,2.0,0.0,0.0
701,14.0,4.0,11.0,1.0,11.0,1.0,59.0,3.0,1.0,6.0,1.0,0.0,2.0,0.0,6.0,0.0,0.0
702,15.0,3.0,4.0,1.0,6.0,1.0,24.0,0.0,1.0,3.0,3.0,0.0,1.0,3.0,2.0,0.0,0.0
703,2.0,0.0,1.0,0.0,0.0,0.0,0.0,0.0,0.0,0.0,0.0,0.0,0.0,0.0,0.0,0.0,0.0
704,34.0,6.0,1.0,0.0,20.0,0.0,8.0,1.0,1.0,4.0,10.0,0.0,1.0,0.0,0.0,0.0,0.0
705,10.0,6.0,1.0,4.0,5.0,0.0,1.0,1.0,2.0,2.0,2.0,0.0,0.0,0.0,1.0,0.0,0.0
706,20.0,1.0,4.0,9.0,8.0,1.0,9.0,0.0,1.0,1.0,4.0,1.0,0.0,4.0,4.0,0.0,0.0
707,3.0,0.0,2.0,0.0,1.0,1.0,0.0,0.0,0.0,0.0,5.0,0.0,0.0,0.0,2.0,0.0,0.0
708,7.0,3.0,0.0,0.0,7.0,0.0,5.0,0.0,0.0,0.0,3.0,0.0,0.0,0.0,0.0,0.0,0.0
709,240.0,33.0,27.0,5.0,128.0,22.0,246.0,11.0,24.0,43.0,38.0,3.0,15.0,26.0,21.0,0.0,0.0
710,7.0,1.0,0.0,0.0,4.0,0.0,0.0,0.0,1.0,0.0,1.0,0.0,1.0,0.0,0.0,0.0,0.0
711,19.0,11.0,2.0,0.0,13.0,1.0,15.0,0.0,3.0,3.0,4.0,0.0,1.0,2.0,0.0,0.0,0.0
712,79.0,11.0,42.0,45.0,47.0,6.0,176.0,4.0,5.0,25.0,16.0,1.0,3.0,11.0,20.0,0.0,0.0
713,1.0,0.0,0.0,0.0,1.0,0.0,0.0,0.0,0.0,0.0,0.0,0.0,0.0,0.0,0.0,0.0,0.0
714,21.0,0.0,8.0,2.0,7.0,0.0,32.0,2.0,1.0,7.0,1.0,0.0,2.0,1.0,2.0,0.0,0.0
715,28.0,6.0,12.0,11.0,6.0,7.0,66.0,1.0,1.0,9.0,2.0,0.0,1.0,4.0,5.0,0.0,0.0
716,20.0,5.0,3.0,0.0,13.0,1.0,3.0,1.0,1.0,2.0,1.0,0.0,0.0,1.0,1.0,0.0,0.0
717,67.0,12.0,3.0,6.0,52.0,6.0,59.0,1.0,9.0,15.0,12.0,0.0,2.0,6.0,7.0,0.0,0.0
718,3.0,1.0,1.0,0.0,2.0,0.0,2.0,0.0,0.0,0.0,0.0,0.0,1.0,1.0,0.0,0.0,0.0
719,0.0,1.0,1.0,0.0,2.0,0.0,0.0,0.0,0.0,0.0,1.0,0.0,0.0,0.0,0.0,0.0,0.0
720,25.0,5.0,11.0,3.0,18.0,2.0,23.0,0.0,2.0,29.0,7.0,0.0,1.0,1.0,3.0,0.0,0.0
721,1.0,0.0,0.0,0.0,0.0,0.0,0.0,0.0,0.0,0.0,0.0,0.0,0.0,0.0,0.0,0.0,0.0
722,30.0,11.0,2.0,0.0,32.0,0.0,7.0,1.0,6.0,2.0,16.0,0.0,0.0,3.0,3.0,0.0,0.0
723,20.0,4.0,11.0,6.0,19.0,0.0,60.0,0.0,3.0,26.0,6.0,4.0,1.0,5.0,6.0,0.0,0.0
724,23.0,5.0,4.0,5.0,20.0,2.0,28.0,0.0,4.0,8.0,1.0,0.0,2.0,0.0,2.0,0.0,0.0
725,0.0,1.0,0.0,0.0,0.0,0.0,1.0,0.0,0.0,0.0,0.0,0.0,0.0,0.0,1.0,0.0,0.0
726,183.0,40.0,76.0,83.0,161.0,23.0,252.0,13.0,51.0,102.0,32.0,6.0,19.0,33.0,57.0,0.0,0.0
727,92.0,16.0,17.0,6.0,26.0,3.0,57.0,0.0,6.0,13.0,18.0,0.0,0.0,6.0,16.0,0.0,0.0
728,8.0,6.0,2.0,0.0,16.0,0.0,1.0,0.0,1.0,1.0,2.0,0.0,2.0,1.0,1.0,0.0,0.0
729,1.0,0.0,0.0,0.0,0.0,0.0,0.0,0.0,0.0,0.0,0.0,0.0,0.0,0.0,0.0,0.0,0.0
730,13.0,2.0,3.0,2.0,8.0,1.0,5.0,0.0,1.0,1.0,7.0,0.0,0.0,1.0,0.0,0.0,0.0
731,203.0,30.0,64.0,25.0,124.0,12.0,300.0,7.0,22.0,68.0,51.0,6.0,16.0,17.0,28.0,0.0,0.0
732,19.0,5.0,4.0,10.0,8.0,2.0,16.0,0.0,1.0,5.0,4.0,1.0,0.0,5.0,7.0,0.0,0.0
733,41.0,8.0,6.0,0.0,22.0,1.0,16.0,0.0,3.0,1.0,6.0,0.0,3.0,1.0,0.0,0.0,0.0
734,115.0,20.0,15.0,0.0,64.0,3.0,69.0,0.0,12.0,27.0,21.0,0.0,6.0,1.0,5.0,0.0,0.0
735,37.0,8.0,14.0,4.0,24.0,2.0,79.0,3.0,4.0,12.0,2.0,0.0,8.0,8.0,8.0,0.0,0.0
736,79.0,15.0,10.0,7.0,43.0,7.0,42.0,4.0,7.0,23.0,12.0,3.0,6.0,5.0,17.0,0.0,0.0
737,15.0,4.0,1.0,5.0,9.0,0.0,21.0,0.0,3.0,1.0,3.0,0.0,2.0,0.0,4.0,0.0,0.0
738,24.0,3.0,10.0,17.0,26.0,0.0,61.0,0.0,0.0,7.0,3.0,0.0,0.0,6.0,8.0,0.0,0.0
739,52.0,23.0,7.0,1.0,53.0,11.0,32.0,3.0,18.0,5.0,22.0,2.0,1.0,5.0,1.0,0.0,0.0
740,15.0,8.0,2.0,0.0,13.0,1.0,5.0,0.0,2.0,1.0,5.0,0.0,0.0,4.0,3.0,0.0,0.0
741,16.0,8.0,0.0,1.0,0.0,2.0,11.0,1.0,1.0,1.0,0.0,0.0,2.0,0.0,2.0,0.0,0.0
742,22.0,1.0,1.0,0.0,5.0,2.0,4.0,2.0,3.0,1.0,4.0,0.0,1.0,0.0,0.0,0.0,0.0
743,61.0,11.0,13.0,6.0,41.0,12.0,57.0,2.0,10.0,15.0,7.0,0.0,2.0,5.0,12.0,0.0,0.0
744,31.0,3.0,4.0,20.0,22.0,1.0,17.0,0.0,2.0,8.0,3.0,0.0,1.0,2.0,3.0,0.0,0.0
745,6.0,4.0,1.0,0.0,2.0,0.0,2.0,0.0,2.0,0.0,2.0,0.0,0.0,0.0,0.0,0.0,0.0
746,0.0,1.0,0.0,0.0,0.0,0.0,11.0,0.0,0.0,14.0,0.0,0.0,0.0,0.0,0.0,0.0,0.0
747,158.0,26.0,36.0,15.0,90.0,10.0,163.0,6.0,18.0,52.0,30.0,1.0,2.0,5.0,17.0,0.0,0.0
748,82.0,26.0,23.0,7.0,39.0,3.0,127.0,14.0,26.0,23.0,12.0,2.0,22.0,13.0,8.0,0.0,0.0
749,7.0,1.0,2.0,1.0,6.0,1.0,10.0,0.0,1.0,6.0,1.0,0.0,0.0,1.0,2.0,0.0,0.0
750,1.0,0.0,0.0,0.0,0.0,0.0,2.0,0.0,0.0,0.0,0.0,0.0,0.0,2.0,0.0,0.0,0.0
751,4.0,1.0,0.0,0.0,6.0,0.0,4.0,1.0,1.0,0.0,6.0,0.0,1.0,0.0,1.0,0.0,0.0
752,75.0,24.0,8.0,8.0,60.0,9.0,70.0,0.0,12.0,19.0,18.0,1.0,5.0,7.0,11.0,0.0,0.0
753,6.0,4.0,1.0,0.0,4.0,2.0,12.0,0.0,0.0,2.0,1.0,0.0,1.0,0.0,0.0,0.0,0.0
754,15.0,6.0,4.0,2.0,14.0,0.0,26.0,0.0,5.0,7.0,5.0,0.0,0.0,3.0,1.0,0.0,0.0
755,3.0,0.0,0.0,0.0,7.0,0.0,1.0,0.0,1.0,0.0,0.0,0.0,0.0,0.0,0.0,0.0,0.0
756,2.0,0.0,1.0,0.0,2.0,0.0,12.0,0.0,0.0,10.0,0.0,0.0,0.0,0.0,2.0,0.0,0.0
757,71.0,6.0,17.0,7.0,43.0,6.0,70.0,2.0,10.0,10.0,14.0,0.0,7.0,6.0,9.0,0.0,0.0
758,2.0,1.0,0.0,0.0,1.0,0.0,0.0,1.0,0.0,0.0,1.0,0.0,0.0,1.0,0.0,0.0,0.0
759,36.0,7.0,16.0,25.0,46.0,1.0,33.0,0.0,4.0,11.0,5.0,0.0,0.0,3.0,15.0,0.0,0.0
760,44.0,0.0,2.0,0.0,6.0,2.0,18.0,0.0,0.0,7.0,4.0,0.0,0.0,0.0,0.0,0.0,0.0
761,44.0,13.0,6.0,3.0,36.0,2.0,17.0,1.0,7.0,7.0,20.0,1.0,3.0,4.0,7.0,0.0,0.0
762,2.0,0.0,1.0,0.0,2.0,0.0,1.0,0.0,2.0,2.0,0.0,0.0,0.0,0.0,0.0,0.0,0.0
763,0.0,2.0,0.0,0.0,0.0,0.0,1.0,0.0,1.0,2.0,0.0,0.0,0.0,0.0,0.0,0.0,0.0
764,65.0,18.0,23.0,6.0,49.0,1.0,107.0,4.0,4.0,28.0,20.0,1.0,5.0,13.0,13.0,0.0,0.0
765,0.0,0.0,0.0,0.0,0.0,0.0,0.0,0.0,0.0,0.0,0.0,0.0,0.0,0.0,0.0,0.0,0.0
766,0.0,0.0,0.0,0.0,0.0,0.0,0.0,0.0,0.0,0.0,0.0,0.0,0.0,0.0,0.0,0.0,0.0
767,30.0,8.0,4.0,5.0,19.0,1.0,10.0,0.0,7.0,2.0,3.0,0.0,1.0,1.0,1.0,0.0,0.0
