arms_cluster_id,object_cluster_0,object_cluster_1,object_cluster_2,object_cluster_3,object_cluster_4,object_cluster_5,object_cluster_6,object_cluster_7,object_cluster_8,object_cluster_9,object_cluster_10,object_cluster_11,object_cluster_12,object_cluster_13,object_cluster_14,object_cluster_15,object_cluster_16,object_cluster_17,object_cluster_18,object_cluster_19,object_cluster_20,object_cluster_21,object_cluster_22,object_cluster_23,object_cluster_24,object_cluster_25,object_cluster_26,object_cluster_27,object_cluster_28,object_cluster_29,object_cluster_30,object_cluster_31,object_cluster_32,object_cluster_33,object_cluster_34,object_cluster_35,object_cluster_36,object_cluster_37,object_cluster_38,object_cluster_39,object_cluster_40,object_cluster_41,object_cluster_42,object_cluster_43,object_cluster_44,object_cluster_45,object_cluster_46,object_cluster_47,object_cluster_48,object_cluster_49,object_cluster_50,object_cluster_51,object_cluster_52,object_cluster_53,object_cluster_54,object_cluster_55,object_cluster_56,object_cluster_57,object_cluster_58,object_cluster_59,object_cluster_60,object_cluster_61,object_cluster_62,object_cluster_63,object_cluster_64,object_cluster_65,object_cluster_66,object_cluster_67,object_cluster_68,object_cluster_69,object_cluster_70,object_cluster_71,object_cluster_72,object_cluster_73,object_cluster_74,object_cluster_75,object_cluster_76,object_cluster_77,object_cluster_78,object_cluster_79,object_cluster_80,object_cluster_81,object_cluster_82,object_cluster_83,object_cluster_84,object_cluster_85,object_cluster_86,object_cluster_87,object_cluster_88,object_cluster_89,object_cluster_90,object_cluster_91,object_cluster_92,object_cluster_93,object_cluster_94,object_cluster_95,object_cluster_96,object_cluster_97,object_cluster_98,object_cluster_99,object_cluster_100,object_cluster_101,object_cluster_102,object_cluster_103,object_cluster_104,object_cluster_105,object_cluster_106,object_cluster_107,object_cluster_108,object_cluster_109,object_cluster_110,object_cluster_111,object_cluster_112,object_cluster_113,object_cluster_114,object_cluster_115,object_cluster_116,object_cluster_117,object_cluster_118,object_cluster_119,object_cluster_120,object_cluster_121,object_cluster_122,object_cluster_123,object_cluster_124,object_cluster_125,object_cluster_126,object_cluster_127,object_cluster_128,object_cluster_129,object_cluster_130,object_cluster_131,object_cluster_132,object_cluster_133,object_cluster_134,object_cluster_135,object_cluster_136,object_cluster_137,total
0,0,109132,53283,23593,5020,2096,3794,6431,20583,26545,1767,1625,1393,71180,6074,4129,14711,8619,932,726,773,194,188,393,53315,24245,81671,118993,17242,43430,5327,3672,158718,19352,42913,12354,30042,83081,41266,146763,15147,97149,5488,6632,12567,31403,10006,23284,4091,11698,3711,3506,3044,2621,9131,10781,124367,78782,124855,66512,53377,1881,16481,95032,4121,19135,5619,230187,4065,5057,346,6553,6889,162401,31849,36299,11464,11477,11808,26573,25993,18302,7226,22787,15761,0,190386,7868,3108,12041,16040,0,54840,51744,2921,13936,968,9138,806,593,3079,10539,1096,4981,1851,4128,194,1257,17353,33454,20920,1735,916,2353,2221,1804,1128,179,1661,246,0,0,0,16502,10118,0,0,5463,0,0,0,0,5643,64528,0,12,0,102857,3401630
1,0,720,3615,368,837,156,196,419,796,8598,61,146,84,4628,562,161,588,327,72,53,32,18,5,21,2846,2434,10095,26245,832,1219,76,130,4514,4233,801,204,544,803,461,2125,709,7868,342,369,581,1270,501,1023,234,415,147,142,192,202,1032,893,7895,2529,5021,1652,4729,96,819,10574,272,893,427,32592,116,139,10,223,325,13825,6072,1442,865,551,278,2266,3784,1570,1780,1169,2174,0,455,202,148,782,899,0,2337,2011,512,1123,262,575,42,16,525,683,31,331,74,280,36,38,520,402,926,77,29,171,353,140,9,4,34,12,0,0,0,697,233,0,0,153,0,0,0,0,169,1992,0,0,0,1892,219208
2,0,213,710,88,361,30,45,164,126,2083,27,64,22,552,234,93,189,20,15,18,4,2,5,14,2094,1042,3555,18253,354,1713,123,281,3472,1341,3396,161,116,491,577,20796,4726,22462,3930,10634,17714,34182,2383,6489,3877,7127,2359,2937,2907,4355,8218,17527,9830,673,10398,379,25114,95,1308,9330,186,564,266,13526,4138,10531,519,5742,4440,5266,3286,5355,1538,392,408,1129,3121,1108,516,267,974,0,877,83,742,292,396,0,425,2145,186,545,409,235,6,7,217,201,9,124,28,51,17,25,303,141,775,73,17,25,26,12,16,3,58,10,0,0,0,318,155,0,0,131,0,0,0,0,115,575,0,0,0,592,345435
3,0,112,612,61,133,19,50,86,66,2142,14,64,13,576,116,35,95,116,7,10,2,16,0,8,831,1015,1628,7769,152,1947,167,61,49882,2219,1944,2084,265,581,1803,1987,602,3207,57,64,116,1249,157,341,55,101,24,43,57,221,179,254,3353,2239,1533,334,1701,37,756,4878,395,1064,367,6882,36,28,2,39,134,5069,1134,371,283,89,185,561,1208,525,812,176,710,0,1130,710,25,201,242,0,840,835,186,486,130,32,2,1,24,46,1,14,1,15,0,3,362,341,368,119,44,84,37,98,5,1,11,1,0,0,0,426,89,0,0,69,0,0,0,0,176,632,0,0,0,532,128635
4,0,857,2063,391,431,117,144,544,321,874,64,171,83,816,261,55,219,75,45,74,29,6,1,16,1744,972,3377,22318,1575,1711,189,88,2508,1402,910,124,225,753,368,3123,678,8250,342,552,599,1525,381,841,174,419,117,143,138,157,448,914,13558,1794,8945,860,4539,83,4452,19757,2280,1387,2703,15603,231,278,6,249,703,15383,4247,1704,1522,314,455,1484,2696,1022,818,841,451,0,616,577,230,549,559,0,1323,6544,968,1641,160,188,11,3,62,152,17,80,17,51,3,27,987,854,1166,124,63,36,60,86,21,7,139,1,0,0,0,2914,1141,0,0,738,0,0,0,0,2288,10058,0,1,0,4920,212469
5,0,327,1208,303,313,54,103,352,141,1489,37,88,40,695,114,53,252,163,11,8,11,5,4,6,1986,676,4983,8535,746,151,707,109,1056,738,2036,434,196,162,282,620,90,848,38,220,59,170,85,99,37,31,6,15,31,29,71,63,1576,488,714,236,593,34,402,1709,206,241,221,10233,39,37,5,69,85,1367,724,213,433,109,128,992,535,205,299,141,68,0,168,168,1,27,20,0,260,234,44,131,40,118,2,0,30,129,4,59,20,25,3,10,11060,15707,300,7,3,19,12,105,1,0,0,1,0,0,0,35,28,0,0,15,0,0,0,0,41,187,0,0,0,177,82379
6,0,30230,115171,13293,5573,9353,7164,13087,18767,30482,1815,2174,1531,34492,3938,457,6281,2049,619,600,631,140,102,185,102244,22008,181408,52302,54290,4288,841,769,13723,10726,3488,1138,16480,5281,1713,14464,3229,48433,1228,957,2314,5836,2787,2140,1489,1537,336,439,1360,1478,2412,1757,35583,3428,24249,3721,15428,385,2917,23799,394,1973,417,194286,147,268,7,292,733,31267,16054,3329,1671,1972,470,2199,3151,1100,3627,13855,1400,0,664,1300,168,296,195,0,11488,6875,237,4570,264,1331,33,27,939,2303,40,707,236,232,37,87,2130,2818,7510,43,9,163,302,241,4,0,16,0,0,0,0,893,992,0,0,209,0,0,0,0,150,3861,0,1,0,21115,1321637
7,0,285,919,122,272,62,92,160,158,4886,20,211,35,912,234,165,205,103,22,27,14,8,2,15,1084,1682,6283,16952,715,1097,67,75,4358,3642,559,150,216,539,346,1766,704,3996,285,252,502,1022,419,772,199,479,97,147,136,162,665,864,4058,1073,2493,1263,2256,63,858,7365,350,1024,428,21197,118,94,9,201,188,8859,2369,1103,727,511,791,1500,1641,2384,1237,1371,1536,0,1411,30,46,907,1032,0,2132,1557,592,844,660,889,46,10,736,290,120,398,21,111,7,36,687,265,1059,182,25,178,190,61,34,8,67,24,0,0,0,459,183,0,0,165,0,0,0,0,134,1084,0,1,0,1218,144127
8,0,107,627,105,58,31,29,149,49,377,7,299,10,366,70,111,77,67,9,3,4,1,0,7,493,589,2225,5733,291,400,12,33,1518,454,167,51,54,508,63,367,123,590,36,63,75,195,77,106,37,115,14,31,18,22,286,257,778,156,360,240,471,11,107,1537,35,141,39,5039,18,10,2,17,47,3840,527,183,178,92,284,407,8237,189,190,141,412,0,48,59,8,132,134,0,174,123,24,249,54,137,2,3,43,52,2,31,6,17,1,3,462,208,416,11,3,52,14,28,4,1,48,0,0,0,0,56,12,0,0,17,0,0,0,0,12,77,0,0,0,108,44085
9,0,732,6046,701,3260,186,189,567,889,11033,110,241,77,5968,2993,901,1993,648,107,58,85,42,44,103,2793,16691,29598,37477,2243,2622,225,114,6940,5833,2078,741,720,1776,1501,8126,4129,10800,879,763,1264,2116,2492,3148,650,2391,626,445,444,505,3816,2404,17448,5552,12593,8362,5194,488,1379,7155,468,2116,635,74522,158,204,14,888,368,11194,6700,4710,7388,2732,3073,13628,2554,3583,1368,2873,6489,0,438,378,54,319,304,0,2199,1563,300,1892,262,13383,1266,383,3858,10280,2556,7502,679,2910,146,1166,2579,795,2037,949,97,2500,472,2655,132,71,721,56,0,0,0,423,175,0,0,245,0,0,0,0,175,865,0,1,0,2565,466510
10,0,316,996,233,161,39,47,146,356,1383,34,66,18,1540,161,287,333,40,31,32,7,4,3,12,852,916,5534,14458,329,602,68,49,6149,1041,1106,238,172,318,381,28386,30342,34597,1370,1186,1405,4073,651,1540,553,1433,227,236,290,538,1045,1425,10466,3327,4442,1117,13773,94,760,4174,189,908,250,21405,205,361,32,503,490,3962,2170,2214,336,613,370,1094,441,871,995,263,724,0,1264,26,68,321,291,0,627,509,151,468,374,305,2,10,577,189,24,145,26,75,5,16,1030,396,543,23,14,44,175,78,15,8,119,8,0,0,0,162,50,0,0,84,0,0,0,0,100,530,0,0,0,654,233810
11,0,30137,108849,6959,14714,3927,2782,11251,8566,34462,926,6548,1170,51434,4210,2272,5780,1512,511,1854,210,47,133,235,39978,38283,148663,1445422,64087,18713,3691,5538,54134,123222,17398,2826,6935,18423,7581,101853,33185,694826,13327,15976,21485,55709,9177,22458,5699,10396,3702,3776,2848,4180,10033,15953,838521,102096,489385,24584,287840,3372,189327,1361993,145311,57739,162595,1012332,6404,6360,499,9385,19083,817436,173670,114164,64115,5696,12483,37902,149813,26968,52094,32774,19963,0,24543,6604,2287,50996,61130,0,120011,521580,17028,81423,22538,7889,385,200,4399,5710,919,6786,566,2228,196,1272,22946,10594,31005,332,566,1195,1156,2417,398,79,455,67,0,0,0,199852,90965,0,0,45896,0,0,0,0,118732,839179,0,114,0,545478,12391986
12,0,203,844,158,49,87,45,203,96,1153,22,54,8,509,91,33,216,55,22,18,9,1,1,7,1104,1126,3197,6012,289,461,31,51,3073,1411,441,149,940,328,647,1285,1263,1625,38,74,94,236,144,160,34,148,10,33,49,37,127,125,1650,588,656,316,792,26,249,1020,55,167,91,3530,43,79,1,44,123,1058,644,302,182,114,139,262,439,183,205,171,286,0,290,99,10,52,54,0,452,137,35,63,18,42,3,0,11,47,3,13,4,9,0,3,225,139,226,11,5,9,19,80,0,0,3,0,0,0,0,23,14,0,0,15,0,0,0,0,22,163,0,0,0,70,44410
13,0,36,74,23,49,14,19,40,20,197,3,24,0,86,89,30,81,60,9,11,6,7,1,6,150,240,704,3695,71,132,56,12,797,352,184,45,21,87,40,230,62,437,20,48,61,158,60,130,18,88,14,4,14,8,67,72,440,65,235,88,294,3,370,904,155,74,173,2108,7,6,0,9,12,620,258,111,214,58,18,471,259,64,239,52,180,0,39,12,9,31,39,0,86,204,8,106,22,25,0,1,20,4,1,12,1,5,0,0,166,903,122,24,71,164,3,176,0,0,7,0,0,0,0,46,52,0,0,28,0,0,0,0,132,190,0,0,0,193,19351
14,0,120,588,48,36,52,15,88,48,216,8,620,8,365,36,3,95,8,11,7,6,0,0,5,457,148,1404,2614,201,209,72,41,1304,346,193,69,3434,237,71,269,32,414,17,21,40,92,61,69,25,34,26,21,29,19,42,95,262,70,344,56,178,2,32,569,9,82,19,2274,4,6,0,6,33,1974,173,138,79,28,40,158,1510,118,231,183,102,0,129,12,30,107,118,0,342,246,23,62,34,22,1,0,49,30,2,13,6,9,0,3,62,58,228,3,0,2,22,12,1,0,10,2,0,0,0,30,23,0,0,13,0,0,0,0,9,100,0,0,0,78,25060
15,0,3235,1365,1099,868,85,288,237,359,3689,187,595,188,2558,405,71,272,77,14,18,21,6,4,11,1264,2209,3823,15758,1031,9111,134,466,18039,2572,5667,1358,2238,2086,2966,10864,2421,3168,263,237,402,953,699,3220,291,716,312,212,197,158,1403,929,6811,1920,5166,1565,1304,160,1255,2758,174,2238,173,13285,74,123,1,166,240,5109,2717,1613,770,1452,3952,3935,3070,4949,491,966,59852,0,103738,74,168,1437,1561,0,1515,243,374,307,266,23535,105,48,1368,1713,374,3273,42,445,24,118,1315,928,651,126,26,291,162,372,20,5,66,15,0,0,0,102,34,0,0,52,0,0,0,0,70,414,0,0,0,343,382828
16,0,1066,4273,498,1651,192,70,629,578,6693,49,140,61,5946,1446,363,1046,71,78,144,23,15,13,47,3152,5586,14343,14821,613,5946,50,60,12385,2129,1430,283,306,771,677,81179,21552,136956,50602,49836,76724,164955,38073,104564,27859,87751,48428,34936,10281,14487,29232,34331,59565,10260,58452,4801,124369,413,3582,22584,556,1932,831,39699,13983,26213,1953,24755,14745,13975,13168,24150,2463,1613,873,11221,1996,1326,1109,609,7605,0,3230,152,11681,904,900,0,1449,2155,1652,1756,975,1235,86,43,2241,3071,191,741,216,397,123,341,254,131,1835,381,82,368,373,100,1241,1076,7067,618,0,0,0,1000,954,0,0,306,0,0,0,0,234,3267,0,0,0,3000,1644017
17,0,1615,3800,1213,550,293,476,4350,1197,2873,299,186,82,8046,4122,448,2475,2518,2354,4545,259,124,61,115,7951,3210,17725,10437,1441,3798,160,130,7378,4554,5657,1112,374,772,834,12784,2037,16582,903,2073,2018,10008,7926,29026,988,11368,4176,3881,728,463,1884,2724,8218,1565,58114,540,7667,166,536,14174,149,609,221,25772,363,467,55,620,626,8439,4010,11653,3977,1401,631,1017,2362,335,1099,339,642,0,141,224,491,104,98,0,437,3134,277,602,72,3555,264,243,2814,14658,821,2757,2202,1875,161,1442,416,1957,1499,7,5,47,14,34,6,3,7,8,0,0,0,293,632,0,0,39,0,0,0,0,88,1066,0,1,0,1531,416895
18,0,23,70,9,14,11,13,9,25,100,3,51,2,52,61,18,21,11,1,1,0,0,0,0,249,81,738,3071,81,132,15,8,537,230,83,21,40,248,30,269,31,426,27,34,49,91,25,48,4,30,12,9,15,17,58,174,591,163,292,127,536,4,70,1826,62,85,53,3395,9,9,1,13,35,2492,186,120,149,37,41,117,3182,120,55,82,64,0,44,5,7,198,228,0,124,333,30,204,32,10,1,0,8,4,0,6,2,2,0,1,51,465,127,3,2,6,16,3,3,1,3,1,0,0,0,71,38,0,0,15,0,0,0,0,33,229,0,0,0,140,23740
19,0,22,68,34,11,6,5,17,21,123,3,9,1,86,19,4,58,116,20,52,22,3,1,4,59,85,517,979,22,63,5,19,308,142,96,9,14,74,22,101,30,186,17,22,28,79,30,45,16,40,9,14,4,14,33,42,164,62,79,91,57,4,38,358,7,29,16,1164,1,7,0,7,4,380,93,34,73,28,8,101,133,28,51,49,28,0,155,4,2,7,13,0,56,84,1,21,5,4,0,3,7,5,0,6,6,2,0,2,40,40,27,5,0,12,1,11,4,1,4,1,0,0,0,21,10,0,0,3,0,0,0,0,10,43,0,0,0,31,7570
20,0,1670,2793,358,2749,227,276,695,312,8491,49,626,135,2296,780,1806,4758,488,114,297,10,13,14,16,10188,6172,11245,171502,1605,2448,201,360,9629,5051,1941,276,339,1405,3749,40149,3527,39120,1464,2190,2329,5903,1511,9800,306,2413,820,565,478,195,1598,1703,49599,9856,36043,11671,17510,1488,17428,116822,8729,8605,10977,99558,1296,708,90,4491,2750,64522,18851,11289,15423,4737,2193,16517,8870,1158,2555,560,10525,0,1315,236,111,221991,230416,0,1611,38193,1251,3354,242,264,24,19,251,358,79,109,16,106,15,12,408,205,47846,62,69,204,96,298,33,5,126,11,0,0,0,4038,2590,0,0,670,0,0,0,0,3512,12785,0,0,0,4925,1501832
21,0,2349,6900,447,3528,753,542,755,801,8295,135,581,121,24137,1646,824,1703,246,69,154,93,16,49,82,59599,7836,63039,68745,3732,5067,267,200,16372,5762,3175,535,1317,2736,2191,10600,2327,55719,3195,2136,3357,6830,2817,17065,728,2473,688,777,789,483,1374,4619,81201,22897,36321,21308,42386,372,7214,139105,5039,6168,6295,89155,805,686,87,954,1775,376517,15946,12533,12605,6257,927,12391,9203,2979,1521,1610,2011,0,374,844,1025,670,661,0,10403,26093,1063,1990,188,472,36,18,654,899,49,262,65,207,51,90,561,724,3121,24,16,88,86,153,14,3,8,3,0,0,0,28435,1621,0,0,910,0,0,0,0,655,11096,0,2,0,4517,1425195
22,0,619,3096,475,2508,111,90,317,278,11990,40,1100,585,1410,685,160,580,100,38,38,10,2,5,17,11499,12556,22846,88680,2173,4340,129,353,18226,9032,1780,1012,969,2999,1633,10419,2353,24603,1027,712,1990,5464,1827,3681,887,1911,829,2110,1213,1355,5866,4670,12167,6682,19283,3048,13186,268,4129,34027,934,5775,1472,102759,247,269,26,1184,2122,78574,29683,3499,2957,1936,1983,13655,39303,7305,23964,5555,9806,0,1474,2272,1389,13355,12493,0,12529,7370,3241,9583,1760,1222,106,11,1867,735,81,642,64,239,11,27,1522,442,4222,249,43,633,2895,936,48,267,269,123,0,0,0,2230,465,0,0,1897,0,0,0,0,1288,7089,0,0,0,7301,801586
23,0,194,1317,93,946,44,77,180,142,5372,16,136,129,1827,322,94,158,24,6,6,6,0,1,14,2220,2217,5697,21858,770,1216,38,56,4506,1757,733,190,178,771,404,4277,918,9069,380,412,796,2264,1064,732,268,484,151,112,337,271,942,1021,9530,7072,8747,5186,5700,211,1634,16401,1032,1632,1347,29852,483,681,42,791,788,12441,6316,2088,889,875,498,1663,2970,866,2200,701,1341,0,238,525,188,1191,1100,0,1430,2609,560,1007,271,200,14,1,205,189,15,62,16,43,5,17,926,223,1012,128,48,353,464,170,16,9,35,127,0,0,0,1698,302,0,0,689,0,0,0,0,683,5944,0,0,0,2773,226676
24,0,2438,14696,794,1400,575,378,1706,1813,10453,419,297,250,19276,2888,1101,10875,2146,575,247,262,304,70,158,13827,14624,38959,27645,2283,2202,5466,4938,10362,6555,2297,969,1000,1840,604,4527,1115,27240,467,264,729,1681,4435,4556,1038,2605,235,530,588,1109,2108,1796,7145,2818,5203,2584,3864,154,445,7385,90,1070,104,50362,67,120,8,105,221,13047,5319,1296,713,11138,243,1818,1612,5334,764,3542,4247,0,387,374,72,120,103,0,3025,752,472,911,126,1143,221,33,831,2644,79,657,527,464,327,94,826,3192,3091,52,17,117,344,180,10,0,100,9,0,0,0,349,145,0,0,53,0,0,0,0,26,734,0,1,0,2612,417753
25,0,2946,16597,1744,3129,651,994,1961,3010,15895,368,748,223,18625,2839,1332,3804,1993,297,218,200,95,74,159,6959,26589,79589,84408,7074,6443,502,414,25506,12570,3438,1326,3939,5639,3636,8675,7957,25190,1491,1089,1948,4262,3319,4892,973,3106,687,586,774,716,4084,4153,42132,11922,23483,16811,12309,1179,2371,21329,907,3762,1352,120987,311,619,59,1079,1039,32612,12369,9096,3840,4351,2411,8755,8940,10035,5133,15865,9245,0,3188,1011,177,1092,1186,0,7420,5713,1169,4896,516,13333,936,322,6674,10390,1298,6573,612,3030,168,718,6552,2636,3017,289,61,1254,664,2273,116,52,580,53,0,0,0,1428,587,0,0,448,0,0,0,0,377,2901,0,0,0,7003,904852
26,0,130,601,187,201,43,22,111,836,1887,47,48,14,1258,273,47,195,155,40,60,62,14,3,28,909,1331,4103,6830,478,336,53,23,1176,1168,453,147,79,331,125,919,245,1534,116,182,226,1186,349,349,114,228,29,123,148,109,297,651,1971,991,1680,673,1179,31,189,1963,71,162,76,4930,31,48,1,52,105,6076,1416,832,203,252,63,284,814,1997,264,348,405,0,66,21,19,78,111,0,158,511,52,163,26,196,18,2,197,264,13,141,2,40,2,11,165,266,425,14,4,24,39,30,3,0,4,1,0,0,0,469,24,0,0,24,0,0,0,0,19,334,0,0,0,323,61975
27,0,31,236,14,16,8,9,34,42,84,3,37,5,220,76,29,386,10,8,8,4,4,1,1,134,482,1592,4403,87,350,17,15,2131,369,105,121,16,138,29,411,271,600,53,78,95,331,287,316,65,176,178,52,19,28,197,479,782,294,3263,372,594,7,49,572,22,69,27,2638,12,22,3,26,43,1083,253,1667,172,280,216,199,413,787,221,287,2605,0,208,6,80,26,34,0,65,46,61,46,73,5478,648,364,3690,1988,791,3522,87,1430,34,161,983,115,107,12,1,31,14,40,1,3,19,0,0,0,0,13,12,0,0,8,0,0,0,0,6,39,0,0,0,48,52159
28,0,591,1830,457,553,149,84,506,490,4597,152,218,30,2371,4173,483,1426,1306,405,347,429,54,21,91,2571,8949,13686,17628,788,2312,311,141,12723,3946,2225,859,352,909,639,3454,1736,5151,519,936,985,3233,1404,2885,720,4406,165,293,686,347,3030,2598,4365,1390,3776,1679,4039,72,304,1834,80,484,67,12220,56,149,4,141,132,5061,2210,2512,1104,2095,223,1186,1422,852,542,575,1598,0,84,159,31,89,73,0,324,206,231,428,223,1484,88,18,257,1536,109,830,78,201,14,112,1319,1189,763,397,88,228,153,2190,13,2,102,14,0,0,0,155,17,0,0,32,0,0,0,0,16,160,0,1,0,477,185413
29,0,4,38,4,8,1,1,7,2,9,2,2,1,34,11,2,24,1,0,1,1,0,0,1,40,16,323,943,19,84,0,2,1109,56,28,3,6,19,8,251,12,298,26,42,32,139,84,2962,47,244,41,23,31,18,129,66,145,63,110,57,212,6,18,405,6,54,5,763,11,6,0,18,19,411,60,37,15,10,191,38,84,25,27,13,141,0,56,3,26,81,126,0,43,65,21,20,36,10,0,0,3,7,1,13,0,1,0,0,6,5,17,1,0,0,1,2,39,19,91,29,0,0,0,15,4,0,0,4,0,0,0,0,7,41,0,0,0,30,11028
30,0,630,1816,376,275,43,143,465,939,805,89,264,65,992,540,101,206,74,57,86,54,5,5,14,1323,1355,4895,11399,511,299,79,77,2150,1033,635,150,204,767,439,4032,339,6660,297,730,408,1950,740,613,175,323,136,119,183,154,267,1031,9064,1285,5908,1004,4238,307,1965,13828,983,750,1311,13954,480,241,89,501,551,7260,2310,1754,3884,286,265,1205,1145,313,592,331,146,0,853,122,22,260,161,0,3557,4145,52,505,163,81,761,1,113,148,7,85,15,28,6,6,348,581,617,6,6,18,12,9,8,6,25,1,0,0,0,997,435,0,0,529,0,0,0,0,731,3423,0,0,0,1627,147937
31,0,2314,7370,1088,2996,245,715,1493,1284,9853,222,393,119,11683,3365,3553,7530,881,748,228,134,86,55,135,5519,15765,21609,43159,3684,9635,392,355,50308,9309,5594,1036,2162,5361,2655,8842,1976,18955,2082,1051,4001,6836,5493,10784,1182,4891,868,1198,1127,1097,7696,9341,26917,11559,14383,43230,14727,836,1847,22513,761,4125,958,65188,399,582,42,1085,961,26094,6939,5709,3203,30795,1409,13039,9187,7272,4880,3571,16333,0,2384,686,191,1728,2203,0,7268,2223,6074,1945,1723,4010,474,157,5629,5147,727,3764,532,2325,242,385,1234,1524,2615,553,100,684,1047,937,137,45,328,73,0,0,0,1030,337,0,0,501,0,0,0,0,436,2325,0,4,0,3041,725765
32,0,186,881,159,417,42,43,133,142,4765,17,188,164,548,244,93,405,44,12,5,5,9,3,12,3031,3486,7929,22578,881,1292,68,79,3931,2795,866,251,286,955,579,3339,647,7756,378,270,697,1701,760,1134,398,719,235,224,381,439,2055,1777,4022,1827,5007,1135,3833,51,1217,10769,390,1619,583,37143,100,67,9,204,487,26746,10961,1102,1080,566,645,2321,6701,3404,8764,2328,2050,0,451,781,479,2589,2679,0,3613,1599,1215,2654,660,447,16,4,538,257,23,196,15,109,2,8,413,193,1879,228,50,366,1040,298,36,22,147,30,0,0,0,759,162,0,0,503,0,0,0,0,496,2056,0,0,0,2490,245068
33,0,184,609,96,216,22,28,122,77,2408,7,314,8,433,128,31,128,34,6,9,7,4,0,2,1196,3247,4419,12569,742,992,61,206,4913,2540,423,84,327,1796,301,728,155,2138,82,171,174,374,172,286,154,183,84,115,116,62,336,403,1825,491,1191,540,840,47,851,15460,106,670,143,16518,47,60,9,89,430,18275,1214,395,494,189,156,537,46676,914,748,2373,2817,0,798,33,108,582,750,0,1045,1986,98,5594,74,260,4,4,292,108,13,115,8,30,2,3,211,142,335,33,21,24,86,50,17,0,7,3,0,0,0,136,115,0,0,67,0,0,0,0,73,555,0,0,0,737,173046
34,0,177,1112,114,587,32,22,147,65,4096,14,147,200,458,222,50,144,70,5,12,5,1,3,6,3035,3390,5776,25538,709,1859,38,104,5856,3210,1172,325,298,903,625,3515,870,7928,341,263,691,1692,569,1018,317,505,205,189,359,345,1910,1323,4581,2523,6275,977,4282,80,1178,12705,431,2031,631,32356,73,79,7,324,590,23768,8205,1385,838,577,3493,1544,6704,2027,8608,1493,2179,0,482,886,424,3380,3207,0,3963,1860,1002,2462,518,342,71,8,429,178,67,144,14,92,4,25,769,292,976,211,41,194,885,246,29,27,73,26,0,0,0,796,223,0,0,525,0,0,0,0,508,3260,0,0,0,3189,244339
35,0,335,3183,289,1550,72,77,360,512,7072,32,113,36,2948,836,655,3794,548,86,70,26,32,15,38,1151,10754,6162,14265,565,4655,81,86,6405,3086,1947,212,178,2760,1244,29101,3189,29915,1133,1326,3285,9237,4738,6678,872,7936,604,721,1203,344,5219,2588,11013,6131,18058,16334,7080,2045,1327,6844,537,7682,365,67732,609,884,62,9718,1102,12424,5599,5740,5004,1781,2863,39616,1907,789,505,446,2990,0,1371,146,91,976,1025,0,1152,926,480,1388,347,2825,3706,110,1285,4652,4630,1795,235,2083,45,213,602,303,2934,31247,5583,17587,734,322,4673,851,3721,1304,0,0,0,274,144,0,0,202,0,0,0,0,112,857,0,1,0,1310,523748
36,0,71,570,52,16,36,69,195,59,203,12,23,5,1239,52,57,195,36,7,6,5,5,0,0,311,219,1957,3382,303,418,25,12,1531,207,190,31,100,235,53,883,197,1600,150,151,339,571,149,274,58,220,77,114,38,176,184,377,6116,856,1422,719,1602,63,288,3922,119,176,147,4771,38,93,9,133,129,2088,454,493,180,205,39,269,222,280,130,157,260,0,144,5,34,31,49,0,273,343,44,99,57,96,4,2,41,57,1,35,8,15,1,5,126,102,71,12,1,10,3,4,5,3,34,0,0,0,0,78,41,0,0,15,0,0,0,0,81,351,0,0,0,253,45359
37,0,507,2771,303,784,104,73,364,621,1885,77,536,75,2356,717,335,552,123,112,58,20,2,8,15,2704,10541,12878,27191,1918,6187,184,188,25575,6532,1403,693,328,2511,1309,8307,5094,19435,543,863,1045,3630,2022,3560,805,2085,578,448,471,523,4374,2799,16521,10185,14480,4727,17746,153,3067,29614,1547,4967,1739,67396,546,625,37,569,2007,46578,5233,4780,2035,4045,640,2013,11739,6523,59436,14689,4671,0,3088,655,1502,1234,1234,0,1805,4891,26419,82967,5755,895,51,101,8774,648,40,1073,43,475,92,65,1314,494,1662,77,77,1383,143,179,119,10,252,17,0,0,0,3359,2529,0,0,3143,0,0,0,0,1193,20007,0,7,0,20014,705216
38,0,1938,8520,663,1314,436,361,1054,1131,5648,136,361,129,6829,824,593,1565,689,147,141,93,33,20,63,5523,4354,14516,27540,1535,2469,146,156,6527,4034,1789,464,1290,1719,1079,4937,2433,14487,915,704,1524,3480,1382,2447,612,1289,408,770,405,464,1761,2129,15949,4747,9132,4246,8752,339,1937,12157,539,1662,721,30867,348,437,24,855,876,14122,4486,2900,1736,1321,591,3284,3037,1684,1171,1775,2032,0,972,268,113,884,1020,0,3193,1622,634,1239,165,1460,165,50,569,2054,152,608,1308,987,53,133,1012,563,1716,166,26,195,154,420,29,12,94,17,0,0,0,767,237,0,0,110,0,0,0,0,224,1396,0,0,0,1457,303947
39,0,52,126,28,14,5,24,30,53,77,9,6,0,196,30,9,41,18,7,6,8,2,0,3,250,139,841,1974,97,114,36,20,575,179,173,46,46,119,58,223,49,327,13,27,29,149,62,50,31,99,15,21,16,24,79,64,281,98,212,66,151,7,37,450,14,62,21,1709,3,9,1,8,14,776,186,80,89,41,51,121,137,129,127,52,81,0,449,5,4,89,94,0,195,63,44,54,45,33,1,1,12,27,2,27,3,8,0,3,71,62,37,8,9,179,16,28,3,3,11,0,0,0,0,19,3,0,0,12,0,0,0,0,9,34,0,0,0,68,13433
40,0,7579,17725,1266,5808,938,794,1777,2175,16002,189,2903,274,28972,1662,2008,4191,226,70,256,74,12,38,64,13377,8625,40242,107038,4297,4957,203,347,11746,7136,1196,376,1215,2080,1050,39412,10543,236660,5540,6201,12736,30769,3685,8887,1865,6635,1571,1069,478,1453,3139,5367,247797,108250,190759,36082,141245,731,47621,850461,31210,19115,32707,477842,5977,7590,511,7032,9213,196684,37736,56167,11446,3384,2314,7154,12843,3616,2853,4337,3395,0,1320,491,648,4643,4379,0,56642,51204,409,37326,1815,1244,72,13,1343,2770,258,554,107,286,127,257,1156,571,6141,178,54,383,189,101,20,2,12,6,0,0,0,27813,31078,0,0,4085,0,0,0,0,8751,176759,0,8,0,71915,3726100
41,0,1261,9610,644,1534,641,740,965,429,5716,101,631,184,3506,769,457,1078,90,37,54,25,10,15,14,6972,3188,13696,21900,1761,1144,98,98,3401,2851,1001,363,355,769,500,11257,1449,15611,502,589,959,2428,1111,1475,374,1434,290,275,392,271,1046,1288,14851,9288,10902,5826,7794,174,2964,17916,1165,3872,1218,38812,430,504,51,727,872,17442,4609,2764,1948,2153,701,5857,4789,736,933,1801,1047,0,364,235,224,6064,6438,0,1198,1519,157,1304,99,215,16,5,160,348,18,177,29,172,20,81,1047,343,174625,815,281,149,320,344,83,11,79,16,0,0,0,833,287,0,0,315,0,0,0,0,489,3636,0,0,0,2803,494824
42,0,526,3491,226,270,100,53,295,204,1443,27,104,38,2936,109,48,268,31,12,21,6,3,0,7,1328,1028,5846,8885,259,385,17,24,1376,457,185,66,65,225,123,12031,5181,56124,2096,1639,5512,8587,429,557,758,766,296,111,452,482,1010,2714,23600,2754,10844,796,26821,46,1741,18006,636,826,587,30280,771,1370,73,1236,1000,8223,3077,3834,456,116,217,592,743,302,500,529,813,0,269,18,34,144,193,0,553,1969,189,1196,167,124,16,3,159,309,11,78,14,44,23,23,232,63,1282,11,11,31,74,20,4,1,12,0,0,0,0,1048,595,0,0,202,0,0,0,0,374,3821,0,4,0,3529,286871
43,0,1703,10270,891,884,413,332,1005,507,3381,113,1521,157,3631,555,94,560,150,82,89,48,10,17,26,7737,28349,128186,26219,5670,870,396,223,3492,11921,510,319,335,1498,414,9791,1042,11619,492,955,917,3806,2645,3280,567,2913,1205,869,723,431,1289,2120,9818,2638,18493,1736,6390,162,2788,13966,704,2088,1029,49194,236,299,20,500,1457,34299,3759,10021,3501,1083,648,1947,7510,5229,3223,123730,808,0,274,231,1741,194,200,0,1153,2527,239,13699,160,2822,209,34,1435,2930,300,1786,201,642,110,280,278,425,1985,12,3,56,101,33,4,0,12,3,0,0,0,484,504,0,0,334,0,0,0,0,635,2538,0,0,0,4854,637946
44,0,691,4577,322,405,162,137,550,520,19596,66,312,277,3152,425,255,745,151,42,34,19,11,9,23,4939,3419,9896,28398,1726,2027,88,170,5042,5996,1313,348,1130,888,884,3967,1098,11777,655,456,966,2379,1200,3045,449,1227,402,307,496,454,2196,1681,10368,2799,6734,2200,5016,395,2075,12168,464,2324,725,36720,208,184,14,1123,767,11513,12989,1580,1480,983,826,9196,3757,2094,3927,1749,3385,0,405,529,291,2398,1844,0,4146,1347,683,2194,306,700,58,24,605,749,49,454,76,343,56,18,259,162,2119,110,19,140,491,244,37,33,87,27,0,0,0,448,173,0,0,271,0,0,0,0,289,1217,0,1,0,1639,294304
45,0,16390,23108,2677,4277,788,688,3452,33878,18460,780,519,263,61076,9856,1772,24062,6827,1927,800,1193,436,204,440,33342,28725,74302,34929,5519,22157,991,669,50888,29653,8546,2350,6114,44911,4876,30906,11210,44816,2214,1401,2998,10521,9437,19390,3249,7108,2219,1165,1972,2897,5451,5939,38303,2632,27914,8665,17684,381,633,35714,264,1493,345,116580,101,169,8,358,257,43799,13085,7056,3292,7315,681,6642,2773,1357,796,2834,3979,0,2487,2209,75,146,187,0,11218,2924,631,1228,177,9084,575,874,10165,43973,947,11274,9878,11997,700,3682,1509,5526,3789,169,35,508,177,894,24,25,254,8,0,0,0,1801,738,0,0,74,0,0,0,0,38,4595,0,5,0,7052,1221500
46,0,1875,6524,2408,1526,659,1176,5076,1007,4195,544,319,207,2358,337,102,243,120,46,66,35,4,17,22,13208,2179,18172,49139,3608,2904,884,555,9123,3405,9329,1397,627,2359,961,6592,450,9197,366,1340,643,1962,1481,377,188,329,86,195,316,162,457,834,10190,1251,5700,668,3702,338,3669,36168,1238,2663,1749,50445,486,673,44,841,1317,16235,5419,1270,4212,363,1393,1834,6447,722,1519,860,686,0,766,367,53,659,629,0,2925,13871,363,1147,266,148,20,6,190,92,30,54,18,31,2,9,1799,1625,2553,18,13,37,44,244,2,2,18,1,0,0,0,1147,1133,0,0,609,0,0,0,0,880,4783,0,0,0,3896,374243
47,0,5250,21584,2432,6181,946,857,2155,2449,23796,397,1342,264,16837,2840,1055,3691,631,184,157,136,41,56,117,28006,26144,75263,184832,7199,8129,573,924,29412,22668,5111,1885,9741,5203,3796,14041,7157,54765,1836,1587,2910,6481,3932,6686,1354,4239,818,1214,1419,1158,5005,4750,44170,12001,26149,5816,19390,805,5202,62824,1851,8515,2389,235655,686,831,98,1426,1789,75104,32944,7192,6192,3592,2786,10888,24965,15253,15914,16936,13225,0,2954,1466,569,6287,6592,0,29189,14510,3928,18283,1907,4486,206,111,3994,3690,332,3792,279,1654,123,313,4294,2511,8929,505,120,1773,1980,1756,142,30,519,62,0,0,0,3741,1673,0,0,1345,0,0,0,0,1033,10792,0,3,0,24542,1446639
48,0,212,3208,828,226,86,56,831,2535,963,49,32,38,2272,280,25,201,37,8,9,28,5,4,19,786,2337,3350,3500,388,2105,116,94,5205,1293,530,144,177,11074,519,1446,1446,2323,118,121,218,510,423,340,96,449,42,118,125,96,340,316,4820,556,1653,2374,1174,84,257,2469,48,198,112,7675,70,78,6,123,77,1765,563,403,353,127,104,496,420,297,147,233,354,0,404,103,37,78,90,0,375,509,55,131,43,237,19,0,57,285,41,141,10,35,0,6,274,189,216,28,6,73,62,178,9,4,75,2,0,0,0,55,53,0,0,12,0,0,0,0,35,299,0,0,0,329,83688
49,0,1245,4228,432,637,233,236,341,611,5301,75,121,48,4769,395,189,495,99,23,25,29,6,7,21,3953,2442,11039,19351,1102,2543,160,140,8070,2240,1666,562,1433,1399,1456,3687,685,14187,305,508,644,2366,1295,981,139,479,68,114,184,197,773,779,15148,9709,10580,6174,4988,127,2257,24879,1251,5924,2579,139141,346,893,34,560,451,21143,4113,3228,1080,818,1195,1993,917,1478,261,415,770,0,691,192,10,392,474,0,159727,1240,101,485,138,296,8,3,231,318,28,151,16,66,3,10,693,862,572,53,16,49,222,170,16,2,11,0,0,0,0,915,303,0,0,217,0,0,0,0,272,2368,0,5,0,5157,543448
50,0,468,179,33,26,5,6,25,21,122,2,13,4,141,22,7,41,17,6,4,4,4,0,1,144,148,690,1616,57,539,7,65,1202,285,46,10,12,150,49,642,173,428,10,13,35,77,61,56,4,19,6,17,24,14,122,61,823,216,446,101,183,5,81,1021,50,127,52,1946,9,16,2,47,26,918,146,146,85,65,35,531,848,60,54,60,311,0,39,9,5,41,52,0,73,102,39,37,27,29,0,1,25,43,1,22,1,10,0,2,75,65,218,12,6,15,10,7,1,1,6,0,0,0,0,43,14,0,0,8,0,0,0,0,34,194,0,0,0,103,17713
51,0,114,422,59,178,16,24,90,42,929,7,104,22,318,87,41,80,8,30,13,5,1,2,1,553,727,1430,7400,320,563,37,31,8278,725,591,84,64,201,4035,3504,351,6008,291,295,381,985,652,619,73,322,52,39,74,46,664,395,6430,2453,5520,470,3729,141,1292,11778,933,1705,1837,11942,392,491,36,432,471,8667,1677,1816,818,471,170,1078,1441,247,2181,199,518,0,248,58,82,115,167,0,216,3862,3563,823,1220,78,2,2,61,95,28,17,5,21,0,9,120,181,346,9,5,31,9,70,10,2,46,3,0,0,0,2077,441,0,0,3187,0,0,0,0,711,5880,0,0,0,2247,137765
52,0,3368,4773,388,3802,151,643,1100,728,13070,96,355,73,12880,1722,7862,18435,605,232,184,113,58,44,141,4656,7207,30415,44313,7609,3295,253,227,23772,4087,3458,516,1441,3936,1594,52054,16034,184095,7270,8285,17168,53371,7341,14550,3009,12109,2261,2468,1214,3206,7028,14102,158032,263961,200683,181866,85263,2290,19548,267679,6349,34336,7361,248902,9334,14463,1105,14512,13421,175817,38639,66615,7685,22136,2489,14045,4513,11318,3795,4466,4236,0,7580,543,559,724,768,0,32275,11260,2297,17983,789,3221,183,35,3621,3787,434,1861,167,747,217,187,1283,484,4191,384,244,1327,8657,231,158,7,101,16,0,0,0,12083,4818,0,0,2232,0,0,0,0,2168,50701,0,5,0,26445,2702799
53,0,127,784,68,58,43,56,114,121,271,12,159,6,503,65,26,118,35,16,5,4,5,1,13,342,249,2434,9081,131,177,5,9,1082,343,121,29,41,150,32,1084,523,4355,96,178,155,549,93,162,31,160,34,86,68,52,159,155,4649,556,2215,177,2410,28,847,6436,348,281,370,10852,34,29,1,54,260,4289,594,580,434,94,45,1183,425,146,171,131,102,0,146,34,8,124,132,0,277,2348,19,411,108,51,4,0,30,43,3,21,8,5,1,9,573,83,171,9,5,14,5,10,3,0,26,0,0,0,0,641,482,0,0,86,0,0,0,0,286,2243,0,0,0,1186,72122
54,0,314,8114,904,267,193,87,1096,2846,891,13,97,45,399,163,37,193,172,24,14,11,11,1,7,732,537,2897,9406,657,718,151,58,1460,634,755,163,134,499,251,843,345,2273,46,105,126,513,135,142,124,67,43,36,29,30,129,120,3094,666,1640,2333,975,34,587,4631,338,385,430,10808,31,38,1,64,129,4721,22083,317,432,280,119,326,607,125,271,125,187,0,237,121,10,143,133,0,265,1139,27,270,157,26,3,0,30,9,0,12,0,3,1,2,516,671,232,7,4,15,156,20,1,3,14,0,0,0,0,428,113,0,0,118,0,0,0,0,321,1226,0,0,0,1062,103329
55,0,3671,8369,839,257,380,233,1128,2159,1925,119,212,80,12253,1704,4009,27167,5244,992,629,227,287,38,103,7893,3432,19011,22997,1110,2383,173,205,5950,1892,754,330,1356,1236,502,12734,10523,24417,2153,2353,2923,8821,1965,3978,2714,2222,427,505,923,1604,1822,3638,20144,10089,14557,8785,17049,100,1512,14618,369,2035,556,34407,660,1053,67,925,879,11389,4342,4161,809,2705,234,1547,1240,2902,813,1680,3840,0,681,117,121,176,170,0,1985,1409,531,1067,78,3598,38,27,581,1922,35,900,263,429,40,93,490,580,740,35,16,33,54,115,18,3,47,3,0,0,0,425,292,0,0,241,0,0,0,0,300,2161,0,2,0,1728,409982
56,0,2974,7750,1461,788,616,2020,3163,159,1494,60,156,137,1343,102,29,154,27,8,14,4,2,5,7,6886,652,9387,8943,3179,369,67,57,1767,1078,374,147,206,618,156,1949,278,4329,140,293,294,920,635,729,227,602,383,187,209,296,321,652,5325,2716,4684,940,1859,75,920,14551,302,750,422,22129,264,195,18,196,1125,7669,2012,1201,940,280,212,534,5663,2597,404,1931,221,0,279,36,602,117,102,0,1050,4319,79,944,52,129,5,1,92,162,9,63,4,24,8,8,917,244,3374,4,10,17,21,24,2,0,5,0,0,0,0,643,340,0,0,397,0,0,0,0,182,2853,0,1,0,2346,168403
57,0,18,170,14,6,9,1,18,10,66,2,8,0,37,4,10,10,5,3,0,1,0,1,0,91,53,436,1703,52,33,7,5,179,88,20,3,6,37,6,40,21,213,6,8,16,35,16,21,2,7,1,4,3,3,25,28,260,54,108,27,86,4,50,603,53,30,88,1213,5,5,1,3,6,484,53,41,37,20,39,42,57,32,34,29,10,0,24,24,1,14,13,0,73,230,1,44,2,29,1,0,2,10,0,4,5,1,0,1,112,47,19,0,0,1,2,1,1,0,0,0,0,0,0,54,13,0,0,21,0,0,0,0,25,186,0,0,0,142,8138
58,0,645,1079,370,239,93,58,214,302,2063,35,60,24,2060,278,81,551,235,39,30,35,4,6,36,1268,1927,6620,20583,1240,2449,622,298,5272,1404,3224,492,1635,1492,1587,3593,2433,7722,2068,1832,2523,3467,659,1119,891,988,104,127,502,778,3047,29784,10454,4147,5515,1633,13790,99,939,3981,184,766,541,10800,238,457,24,286,412,4201,1590,2557,739,1055,481,1833,260,2009,153,263,970,0,64,92,20,71,49,0,1126,346,51,158,179,930,26,6,188,495,15,379,37,86,10,17,519,2762,272,44,5,49,68,142,19,5,44,1,0,0,0,139,13,0,0,21,0,0,0,0,59,275,0,0,0,163,199609
59,0,857,4221,742,1748,163,348,890,428,9089,240,2206,115,6148,1799,2417,8982,1029,335,118,109,50,26,85,3434,24624,68544,82137,19876,8545,416,510,41128,23180,1573,825,646,2423,1014,13289,21329,38681,3054,2932,4161,11203,3298,21302,1384,12876,830,858,1317,1442,7372,31879,38070,31102,38236,21862,27428,537,3400,32834,599,3377,608,62517,697,1142,129,1014,1585,83941,14628,16242,5538,32733,843,5057,23685,370055,8228,43381,19940,0,1772,10216,383,529,528,0,1369,2297,1529,10003,929,7070,227,67,6512,4746,194,4651,148,918,275,180,479,381,3142,274,53,330,331,902,22,10,89,3,0,0,0,1060,682,0,0,292,0,0,0,0,143,4730,0,1,0,3494,1458596
60,0,114,450,56,262,28,34,78,60,1190,6,107,6,262,50,23,117,21,14,45,11,0,1,12,408,432,1316,9910,228,254,28,36,1437,649,221,106,54,269,151,733,146,2732,44,92,123,351,86,74,36,64,9,24,32,54,134,126,4806,2354,2266,565,1188,21,2551,8679,1714,2064,2003,21359,45,32,2,39,136,5106,1463,604,324,69,457,813,2945,130,148,87,106,0,173,54,2,410,448,0,7921,1604,16,339,97,24,0,0,15,26,3,12,4,2,0,5,2151,395,295,16,11,5,388,67,2,1,2,0,0,0,0,494,144,0,0,156,0,0,0,0,1101,1903,0,0,0,961,104629
61,0,317,544,89,271,17,32,126,119,1042,39,75,10,1122,457,201,382,131,18,25,37,5,8,28,1649,1386,3380,5486,332,847,223,87,2493,1135,1266,215,371,1020,634,8525,604,18609,2382,3494,3199,6186,814,1177,146,759,127,285,231,921,575,3042,16158,2849,10077,1474,14085,146,1211,6405,355,989,515,13105,274,310,22,450,885,8998,1808,4560,4184,725,418,5751,1197,349,543,236,499,0,124,81,12,92,68,0,546,1470,106,526,84,237,9,10,297,282,112,95,52,33,16,32,231,198,414,300,34,187,41,109,8,2,13,1,0,0,0,431,89,0,0,116,0,0,0,0,172,626,0,0,0,463,182992
62,0,60,229,57,50,53,87,286,86,174,33,25,3,138,70,10,48,338,16,11,17,4,3,1,376,171,1030,2031,135,96,12,17,287,255,96,32,33,88,36,345,57,373,11,43,30,157,143,68,24,35,13,18,21,34,81,103,423,93,254,68,196,12,99,1528,25,66,45,2353,16,14,1,14,61,992,207,132,91,43,17,136,449,128,66,57,53,0,27,83,8,31,37,0,110,625,2,59,11,28,1,0,5,13,4,15,1,16,0,1,111,44,91,4,7,20,3,10,6,0,2,0,0,0,0,33,52,0,0,19,0,0,0,0,9,201,0,0,0,137,17515
63,0,12245,54711,3469,2616,3760,3092,3948,4767,19124,597,1241,846,36875,1424,530,2686,435,147,173,90,29,37,78,27534,12622,96909,79569,8551,2836,202,317,7039,5651,1216,416,3628,1885,976,17266,5677,101975,2606,2242,6050,11686,2769,3103,1147,2585,642,523,613,940,1488,2774,85934,38013,55556,18165,56483,597,9461,87119,4735,14842,5797,966005,1755,2293,248,2888,2961,55182,18738,14896,2240,1425,1654,3813,5309,2099,2942,10726,2147,0,598,298,211,1583,1748,0,26454,12381,399,23116,402,690,22,11,638,1534,94,342,197,266,85,136,2091,505,5668,79,30,281,281,116,23,1,16,3,0,0,0,5912,2322,0,0,1729,0,0,0,0,2830,23371,0,10,0,187223,2344076
